{
"type": "FeatureCollection",
"name": "super_boundaries",
"crs": { "type": "name", "properties": { "name": "urn:ogc:def:crs:OGC:1.3:CRS84" } },
"features": [
{ "type": "Feature", "properties": { "name": "Box Elder County" }, "geometry": { "type": "Polygon", "coordinates": [ [ [ -114.042041026380005, 40.999902194633286 ], [ -113.415555015085005, 40.999925402466999 ], [ -112.799370947076994, 40.999944599979891 ], [ -112.495529418931, 41.076377193863003 ], [ -112.493529314219998, 41.07688955583339 ], [ -112.481827636128997, 41.088795702838397 ], [ -112.455292501960002, 41.115894082802392 ], [ -112.375794870291998, 41.196865082434805 ], [ -112.323635362120996, 41.249941054091401 ], [ -112.309020477551996, 41.264777867550499 ], [ -112.318472970619013, 41.2648230180613 ], [ -112.309020479956999, 41.264777868423806 ], [ -112.250742553026996, 41.323856499174205 ], [ -112.261707969605993, 41.322502029263795 ], [ -112.250742553044006, 41.32385650007479 ], [ -112.238157305417005, 41.336557978320201 ], [ -112.02868398823, 41.33651778198201 ], [ -112.022148104585014, 41.343867604918998 ], [ -112.008397754080008, 41.343853799935999 ], [ -112.004207208568005, 41.346187360437497 ], [ -112.003169824055007, 41.3494661372401 ], [ -111.995988318523004, 41.349555537252392 ], [ -111.992224609385005, 41.353285633445992 ], [ -111.978076277184002, 41.358441952678383 ], [ -111.970191782485017, 41.363669998674801 ], [ -111.963434154820007, 41.36512744124979 ], [ -111.967611791888999, 41.369893385201493 ], [ -111.967998479127004, 41.370570198745696 ], [ -111.975319752123994, 41.378398934256104 ], [ -111.974232468720004, 41.382069684395006 ], [ -111.975811201971993, 41.384474812724214 ], [ -111.969267140213006, 41.391186642621498 ], [ -111.967459550623005, 41.395525435916596 ], [ -111.967620788340994, 41.409620732078906 ], [ -111.971508458496004, 41.414384424651693 ], [ -111.972541546510001, 41.419870223018805 ], [ -111.963771040085007, 41.425190850114099 ], [ -111.959067706707998, 41.433719636797399 ], [ -111.954950524016994, 41.432096525542093 ], [ -111.953373110724002, 41.428583208996208 ], [ -111.940558042458008, 41.420478432726796 ], [ -111.938308090638003, 41.415889504422701 ], [ -111.931888073412011, 41.416279464410088 ], [ -111.926366584389996, 41.412540930955011 ], [ -111.914078738453995, 41.413076075808696 ], [ -111.908214959627003, 41.415937341251002 ], [ -111.905508576976999, 41.414922817844499 ], [ -111.904894296731001, 41.418080256359794 ], [ -111.901431023940006, 41.41944504924831 ], [ -111.893024172208996, 41.418100947366995 ], [ -111.891314677311996, 41.423035870381298 ], [ -111.885537749289, 41.426351082520291 ], [ -111.881886905358002, 41.433373396371096 ], [ -111.881549517110997, 41.441167400013498 ], [ -111.891933770855999, 41.442037636537492 ], [ -111.901062632299002, 41.4490553180663 ], [ -111.900351048556004, 41.453870837010591 ], [ -111.906847147221995, 41.45522496021519 ], [ -111.916765821755007, 41.460685874424293 ], [ -111.915889025563004, 41.466025221476791 ], [ -111.912372415497998, 41.467593428339988 ], [ -111.913192836516004, 41.469735173505491 ], [ -111.906088442008993, 41.472110752952311 ], [ -111.894814302764019, 41.469594984211803 ], [ -111.888024287122008, 41.473116342624209 ], [ -111.878350538874002, 41.474230972713691 ], [ -111.876192964490002, 41.479432065237802 ], [ -111.877790756118998, 41.482449956140499 ], [ -111.873215858508999, 41.485177977778683 ], [ -111.875681271866, 41.489910607570799 ], [ -111.88022546034, 41.491091910229102 ], [ -111.884385335085994, 41.49615364460351 ], [ -111.890751559353006, 41.496050470592088 ], [ -111.891253636713998, 41.4959700186443 ], [ -111.905479113040002, 41.497164962267902 ], [ -111.905942220566004, 41.502885464373598 ], [ -111.909266919507004, 41.507579055358995 ], [ -111.907875278860004, 41.513034962216999 ], [ -111.905640720980998, 41.514781981652796 ], [ -111.911950758735998, 41.518573724996102 ], [ -111.913595150671, 41.5316167181048 ], [ -111.916364175452003, 41.538412279652 ], [ -111.920233428564998, 41.539048817397806 ], [ -111.927436965157995, 41.537266054833502 ], [ -111.933347586490015, 41.541469652021703 ], [ -111.934976082944004, 41.544577431032508 ], [ -111.934022457073993, 41.546710889165396 ], [ -111.936877064865016, 41.550934575385803 ], [ -111.942063487769005, 41.552950350563101 ], [ -111.946618769473019, 41.552944463541202 ], [ -111.955323763916994, 41.549656889649192 ], [ -111.962264685918001, 41.543492112621607 ], [ -111.973042298395995, 41.543446450751603 ], [ -111.976239886158993, 41.540820761836791 ], [ -111.977601396967003, 41.535301270508789 ], [ -111.981844968434018, 41.53410768467419 ], [ -111.991891018998999, 41.549833649214797 ], [ -111.992767716155001, 41.555018738367991 ], [ -111.99667040384, 41.557718660600791 ], [ -111.994119163708007, 41.566130947384799 ], [ -111.998970429856001, 41.571966084137109 ], [ -111.999817389393002, 41.578664560403404 ], [ -112.006726038335003, 41.591736701548783 ], [ -112.007732949182, 41.599775756313804 ], [ -112.003691088029001, 41.60958384648309 ], [ -112.007718585006003, 41.623527638014991 ], [ -112.007090254972994, 41.627505273028291 ], [ -112.004539434787006, 41.629450606857603 ], [ -112.006438743573995, 41.632312655550393 ], [ -112.013264411080002, 41.635791569013087 ], [ -112.015532118815017, 41.641815298787897 ], [ -112.012754352141997, 41.648073593331901 ], [ -112.015888139309993, 41.658362608487096 ], [ -112.018755323868007, 41.663562210628399 ], [ -112.027529189831, 41.671765157017603 ], [ -112.030915531182004, 41.681845193211807 ], [ -112.036637941516005, 41.682802501065588 ], [ -112.045084004193001, 41.686855706921392 ], [ -112.051881361464012, 41.699912345231198 ], [ -112.050328622310005, 41.70604227451701 ], [ -112.042803454649999, 41.710438652508998 ], [ -112.045483722217, 41.718583595897108 ], [ -112.045016409221006, 41.727581266161799 ], [ -112.042762397236004, 41.732510516182103 ], [ -112.043986504271004, 41.735260019418909 ], [ -112.033510279096006, 41.75046831767829 ], [ -112.031384009294001, 41.759549432930996 ], [ -112.033185157638002, 41.766830168397895 ], [ -112.026563172967002, 41.77228221171859 ], [ -112.026382462507001, 41.776417974495786 ], [ -112.019960612356996, 41.780055396821993 ], [ -112.014107964707009, 41.7809133251993 ], [ -112.008707774135999, 41.794907966414897 ], [ -112.018199476385007, 41.804574110546191 ], [ -112.029729604176012, 41.808506377150501 ], [ -112.030949190453001, 41.815493720820299 ], [ -112.028506855380996, 41.820117185325493 ], [ -112.034823379702999, 41.823930665909991 ], [ -112.035492095294003, 41.82731929265131 ], [ -112.038271921090015, 41.82832096940929 ], [ -112.046166242994005, 41.842042286526798 ], [ -112.048072059917999, 41.8481143710423 ], [ -112.046510044345993, 41.850943211663697 ], [ -112.052569696423006, 41.862348900660002 ], [ -112.052543063288994, 41.865867167091203 ], [ -112.055410480003005, 41.865848955407003 ], [ -112.058598901774999, 41.868490097879892 ], [ -112.063994382287007, 41.867958375656606 ], [ -112.064016187383004, 41.875812013439884 ], [ -112.085467804597002, 41.903261705552701 ], [ -112.105166293354998, 41.910869036580898 ], [ -112.108819819462994, 41.916444936246101 ], [ -112.113458895780994, 41.918322953061903 ], [ -112.118221612292004, 41.923122220252395 ], [ -112.122674796601018, 41.92948695432171 ], [ -112.124377265722003, 41.940922163237801 ], [ -112.128717157306994, 41.950400417900099 ], [ -112.137530436752996, 41.963817841038896 ], [ -112.140881647773, 41.964022356779992 ], [ -112.142664304139998, 41.96349665772599 ], [ -112.144572222660003, 41.967273902868492 ], [ -112.150888965448004, 41.970570179617916 ], [ -112.153853216577005, 41.985018383532591 ], [ -112.156363109411004, 41.989298229730892 ], [ -112.166020005839997, 41.996185064798098 ], [ -112.161876798780014, 41.997706031800298 ], [ -112.161155510726005, 41.997713331719993 ], [ -112.159207329078995, 41.998390220637596 ], [ -112.173160274352, 42.001521321861809 ], [ -113.854723837880996, 41.98827259678351 ], [ -113.899924839942003, 41.9884821694747 ], [ -113.990164519245994, 41.993108478870994 ], [ -114.041489074694994, 41.993878844751592 ], [ -114.039472273984998, 41.718656394094502 ], [ -114.042041026380005, 40.999902194633286 ] ], [ [ -112.081056000502997, 41.596586721710388 ], [ -112.079752862624005, 41.596655715504312 ], [ -112.084146590152002, 41.596422511712902 ], [ -112.081056000502997, 41.596586721710388 ] ], [ [ -112.093285256971001, 41.584422255001208 ], [ -112.09360017524601, 41.584457987678583 ], [ -112.093028842880997, 41.584440903293896 ], [ -112.093285256971001, 41.584422255001208 ] ], [ [ -112.094556973001019, 41.585897071573108 ], [ -112.094285524080604, 41.584691071897716 ], [ -112.094285528645955, 41.58469107233573 ], [ -112.094556973001019, 41.585897071573108 ] ], [ [ -112.104535445075626, 41.57934492080043 ], [ -112.104568946770996, 41.579540616690387 ], [ -112.104536040411006, 41.57934840459 ], [ -112.104535445075626, 41.57934492080043 ] ], [ [ -112.104618441916003, 41.576320992908286 ], [ -112.105124667404993, 41.576350111823402 ], [ -112.104461145469003, 41.576321149025453 ], [ -112.104618441916003, 41.576320992908286 ] ], [ [ -112.097139625249994, 41.576262003579203 ], [ -112.09940177469089, 41.57632686018222 ], [ -112.09940176302301, 41.576326860293797 ], [ -112.097139625249994, 41.576262003579203 ] ], [ [ -112.095232497502451, 41.566901588086957 ], [ -112.094597470335998, 41.568212233150398 ], [ -112.095232496848382, 41.566901588520267 ], [ -112.095232497502451, 41.566901588086957 ] ], [ [ -112.106382955060994, 41.553475405648499 ], [ -112.106393746663997, 41.553029542533693 ], [ -112.106652002204996, 41.554345611645211 ], [ -112.106382955060994, 41.553475405648499 ] ], [ [ -112.092367945665998, 41.546642361751594 ], [ -112.091924280308007, 41.5469248960041 ], [ -112.093118841293006, 41.546164152586599 ], [ -112.092367945665998, 41.546642361751594 ] ], [ [ -112.095423956139996, 41.545637810084301 ], [ -112.095423541458018, 41.545637849192929 ], [ -112.095504136342996, 41.545628939720594 ], [ -112.095423956139996, 41.545637810084301 ] ], [ [ -112.103524446546999, 41.539101300029003 ], [ -112.105810640235575, 41.539033400168279 ], [ -112.105810624016996, 41.539033400756395 ], [ -112.103524446546999, 41.539101300029003 ] ], [ [ -112.108188165099008, 41.50954612572739 ], [ -112.108090322114947, 41.509565968689643 ], [ -112.108090352855996, 41.509565961827199 ], [ -112.108188165099008, 41.50954612572739 ] ], [ [ -112.112332914476994, 41.502234378249199 ], [ -112.112322077347002, 41.502255389776998 ], [ -112.112697566790999, 41.50152617087199 ], [ -112.112332914476994, 41.502234378249199 ] ], [ [ -112.115065619628993, 41.496934362604001 ], [ -112.1147924135756, 41.497468189585554 ], [ -112.115513063007015, 41.496059923132009 ], [ -112.115065619628993, 41.496934362604001 ] ], [ [ -112.108293719296015, 41.4669614653072 ], [ -112.108685896639997, 41.467207187822893 ], [ -112.107921358566003, 41.466771649800698 ], [ -112.108293719296015, 41.4669614653072 ] ], [ [ -112.071266164529007, 41.441959362981102 ], [ -112.071038107736996, 41.4422127934047 ], [ -112.071266176434236, 41.441959347298493 ], [ -112.071266164529007, 41.441959362981102 ] ], [ [ -112.083996869819003, 41.426214138383301 ], [ -112.083458549512997, 41.426874947738803 ], [ -112.083996866081307, 41.426214135842592 ], [ -112.083996869819003, 41.426214138383301 ] ], [ [ -112.071899712723734, 41.421096920523723 ], [ -112.072067007899705, 41.421151649714297 ], [ -112.071899730442993, 41.42109692723691 ], [ -112.071899712723734, 41.421096920523723 ] ], [ [ -112.202593984355019, 41.5173450548575 ], [ -112.202966357863005, 41.516846754746695 ], [ -112.203075984072001, 41.516700054473795 ], [ -112.202593984355019, 41.5173450548575 ] ], [ [ -112.188537741605003, 41.503347407118994 ], [ -112.186969123279994, 41.500238186471691 ], [ -112.186969123304621, 41.500238186305047 ], [ -112.188537741605003, 41.503347407118994 ] ], [ [ -112.224113142643006, 41.481017707068396 ], [ -112.225015985792879, 41.480993049248632 ], [ -112.225015985792879, 41.480993049248632 ], [ -112.224113142643006, 41.481017707068396 ] ], [ [ -112.112928208192528, 41.560296323603559 ], [ -112.112928333344513, 41.56029641347375 ], [ -112.113870249433006, 41.561024972575801 ], [ -112.112928327611996, 41.560296416350091 ], [ -112.112928208192528, 41.560296323603559 ] ], [ [ -112.112072524184995, 41.559692203467492 ], [ -112.112482749654177, 41.559981827833127 ], [ -112.11207241496102, 41.559692127963203 ], [ -112.112072524184995, 41.559692203467492 ] ], [ [ -112.111815230228004, 41.559513647995097 ], [ -112.11207241496102, 41.559692127963203 ], [ -112.110471391136002, 41.558581524166001 ], [ -112.11181513919, 41.559513584023904 ], [ -112.111815230228004, 41.559513647995097 ] ], [ [ -112.065248517629001, 41.666035883841836 ], [ -112.065248517941001, 41.666035902753684 ], [ -112.065248978629, 41.66640908232899 ], [ -112.065248517629001, 41.6660358838419 ], [ -112.065248517629001, 41.666035883841836 ] ], [ [ -112.060379729815921, 41.600006681182741 ], [ -112.057485296378005, 41.602178706799194 ], [ -112.055936044405016, 41.603942128577003 ], [ -112.057485305770996, 41.60217869410279 ], [ -112.060379729815921, 41.600006681182741 ] ], [ [ -112.063147956616007, 41.597929165173092 ], [ -112.064636969556005, 41.600454074591696 ], [ -112.063147955181464, 41.597929166249735 ], [ -112.063147956616007, 41.597929165173092 ] ], [ [ -112.042988019530995, 41.594053424689299 ], [ -112.042981212526996, 41.593779669766896 ], [ -112.042981219626625, 41.593779418834096 ], [ -112.042988019530995, 41.594053424689299 ] ] ] } },
{ "type": "Feature", "properties": { "name": "Cache County" }, "geometry": { "type": "Polygon", "coordinates": [ [ [ -112.140881647773, 41.964022356779992 ], [ -112.137530436752996, 41.963817841038896 ], [ -112.128717157306994, 41.950400417900099 ], [ -112.124377265722003, 41.940922163237801 ], [ -112.122674796601018, 41.92948695432171 ], [ -112.118221612292004, 41.923122220252395 ], [ -112.113458895780994, 41.918322953061903 ], [ -112.108819819462994, 41.916444936246101 ], [ -112.105166293354998, 41.910869036580898 ], [ -112.085467804597002, 41.903261705552701 ], [ -112.064016187383004, 41.875812013439884 ], [ -112.063994382287007, 41.867958375656606 ], [ -112.058598901774999, 41.868490097879892 ], [ -112.055410480003005, 41.865848955407003 ], [ -112.052543063288994, 41.865867167091203 ], [ -112.052569696423006, 41.862348900660002 ], [ -112.046510044345993, 41.850943211663697 ], [ -112.048072059917999, 41.8481143710423 ], [ -112.046166242994005, 41.842042286526798 ], [ -112.038271921090015, 41.82832096940929 ], [ -112.035492095294003, 41.82731929265131 ], [ -112.034823379702999, 41.823930665909991 ], [ -112.028506855380996, 41.820117185325493 ], [ -112.030949190453001, 41.815493720820299 ], [ -112.029729604176012, 41.808506377150501 ], [ -112.018199476385007, 41.804574110546191 ], [ -112.008707774135999, 41.794907966414897 ], [ -112.014107964707009, 41.7809133251993 ], [ -112.019960612356996, 41.780055396821993 ], [ -112.026382462507001, 41.776417974495786 ], [ -112.026563172967002, 41.77228221171859 ], [ -112.033185157638002, 41.766830168397895 ], [ -112.031384009294001, 41.759549432930996 ], [ -112.033510279096006, 41.75046831767829 ], [ -112.043986504271004, 41.735260019418909 ], [ -112.042762397236004, 41.732510516182103 ], [ -112.045016409221006, 41.727581266161799 ], [ -112.045483722217, 41.718583595897108 ], [ -112.042803454649999, 41.710438652508998 ], [ -112.050328622310005, 41.70604227451701 ], [ -112.051881361464012, 41.699912345231198 ], [ -112.045084004193001, 41.686855706921392 ], [ -112.036637941516005, 41.682802501065588 ], [ -112.030915531182004, 41.681845193211807 ], [ -112.027529189831, 41.671765157017603 ], [ -112.018755323868007, 41.663562210628399 ], [ -112.015888139309993, 41.658362608487096 ], [ -112.012754352141997, 41.648073593331901 ], [ -112.015532118815017, 41.641815298787897 ], [ -112.013264411080002, 41.635791569013087 ], [ -112.006438743573995, 41.632312655550393 ], [ -112.004539434787006, 41.629450606857603 ], [ -112.007090254972994, 41.627505273028291 ], [ -112.007718585006003, 41.623527638014991 ], [ -112.003691088029001, 41.60958384648309 ], [ -112.007732949182, 41.599775756313804 ], [ -112.006726038335003, 41.591736701548783 ], [ -111.999817389393002, 41.578664560403404 ], [ -111.998970429856001, 41.571966084137109 ], [ -111.994119163708007, 41.566130947384799 ], [ -111.99667040384, 41.557718660600791 ], [ -111.992767716155001, 41.555018738367991 ], [ -111.991891018998999, 41.549833649214797 ], [ -111.981844968434018, 41.53410768467419 ], [ -111.977601396967003, 41.535301270508789 ], [ -111.976239886158993, 41.540820761836791 ], [ -111.973042298395995, 41.543446450751603 ], [ -111.962264685918001, 41.543492112621607 ], [ -111.955323763916994, 41.549656889649192 ], [ -111.946618769473019, 41.552944463541202 ], [ -111.942063487769005, 41.552950350563101 ], [ -111.936877064865016, 41.550934575385803 ], [ -111.934022457073993, 41.546710889165396 ], [ -111.934976082944004, 41.544577431032508 ], [ -111.933347586490015, 41.541469652021703 ], [ -111.927436965157995, 41.537266054833502 ], [ -111.920233428564998, 41.539048817397806 ], [ -111.916364175452003, 41.538412279652 ], [ -111.913595150671, 41.5316167181048 ], [ -111.911950758735998, 41.518573724996102 ], [ -111.905640720980998, 41.514781981652796 ], [ -111.907875278860004, 41.513034962216999 ], [ -111.909266919507004, 41.507579055358995 ], [ -111.905942220566004, 41.502885464373598 ], [ -111.905479113040002, 41.497164962267902 ], [ -111.891253636713998, 41.4959700186443 ], [ -111.890751559353006, 41.496050470592088 ], [ -111.884385335085994, 41.49615364460351 ], [ -111.88022546034, 41.491091910229102 ], [ -111.875681271866, 41.489910607570799 ], [ -111.873215858508999, 41.485177977778683 ], [ -111.877790756118998, 41.482449956140499 ], [ -111.876192964490002, 41.479432065237802 ], [ -111.878350538874002, 41.474230972713691 ], [ -111.888024287122008, 41.473116342624209 ], [ -111.894814302764019, 41.469594984211803 ], [ -111.906088442008993, 41.472110752952311 ], [ -111.913192836516004, 41.469735173505491 ], [ -111.912372415497998, 41.467593428339988 ], [ -111.915889025563004, 41.466025221476791 ], [ -111.916765821755007, 41.460685874424293 ], [ -111.906847147221995, 41.45522496021519 ], [ -111.900351048556004, 41.453870837010591 ], [ -111.901062632299002, 41.4490553180663 ], [ -111.891933770855999, 41.442037636537492 ], [ -111.881549517110997, 41.441167400013498 ], [ -111.881886905358002, 41.433373396371096 ], [ -111.885537749289, 41.426351082520291 ], [ -111.872383835009003, 41.421772214706898 ], [ -111.879048094354999, 41.416794357676103 ], [ -111.879996349300001, 41.413913786675799 ], [ -111.875638753244999, 41.410186419997807 ], [ -111.875155546404997, 41.404938742459791 ], [ -111.868442740348002, 41.398562772476701 ], [ -111.862942068807996, 41.399626508641596 ], [ -111.861048532148004, 41.396195330435191 ], [ -111.857000568174001, 41.396743483723995 ], [ -111.854910365245004, 41.394339621062102 ], [ -111.842736729815996, 41.392200973068292 ], [ -111.836737314450005, 41.387943673844006 ], [ -111.833186631716003, 41.389937559135397 ], [ -111.829526560587993, 41.389473121783901 ], [ -111.827857030605003, 41.392696312790903 ], [ -111.820102125822004, 41.391914151649992 ], [ -111.813606106329999, 41.3879969629999 ], [ -111.797626293416997, 41.392369403189903 ], [ -111.792908086992995, 41.391433702078302 ], [ -111.789224815002996, 41.384577277997899 ], [ -111.783736899555009, 41.382232296052308 ], [ -111.780727690511995, 41.378618211882987 ], [ -111.771611877268001, 41.375927894516202 ], [ -111.766983320475006, 41.370275073553294 ], [ -111.760588310741994, 41.368822265574991 ], [ -111.752538130930006, 41.370636168705602 ], [ -111.746340345280004, 41.369780280410318 ], [ -111.737739345305016, 41.374217920575909 ], [ -111.726142601915996, 41.376070676493192 ], [ -111.726324854083003, 41.38557249222999 ], [ -111.716172361386995, 41.394886869892396 ], [ -111.712119057384996, 41.395051643728792 ], [ -111.710729417305004, 41.396510448183193 ], [ -111.712404556402007, 41.399287919281399 ], [ -111.706543285484017, 41.40485467786479 ], [ -111.706721487368, 41.413018893286406 ], [ -111.708450905508997, 41.412508339890302 ], [ -111.717834739487003, 41.416053176029308 ], [ -111.722883949719005, 41.423033893838998 ], [ -111.721465837913996, 41.427357378670202 ], [ -111.718840914872004, 41.424829197098994 ], [ -111.714015341857007, 41.425129470557302 ], [ -111.711875790388007, 41.423179098080901 ], [ -111.707416880508006, 41.425278322754906 ], [ -111.704622708393998, 41.421426754030399 ], [ -111.696007886347999, 41.417064618146902 ], [ -111.689651256580007, 41.418508967912295 ], [ -111.688551232530997, 41.420857506244083 ], [ -111.685158150296999, 41.42137767913831 ], [ -111.685660861727001, 41.423094215192094 ], [ -111.679193576535994, 41.427204863971397 ], [ -111.666668649527011, 41.428791382656485 ], [ -111.660589405767993, 41.418931711960298 ], [ -111.652346289682001, 41.410732365863893 ], [ -111.652556146532007, 41.407790218471703 ], [ -111.647735010025997, 41.405430465699702 ], [ -111.643895007539001, 41.406078043589297 ], [ -111.643120549472997, 41.410649191277301 ], [ -111.640107475055004, 41.414516709069687 ], [ -111.631331015517006, 41.4182537796924 ], [ -111.626622287350997, 41.417630981367104 ], [ -111.618578240535001, 41.422380937287407 ], [ -111.612391531889998, 41.421769996993405 ], [ -111.611353022694004, 41.419496618752795 ], [ -111.608984027570003, 41.4188957705056 ], [ -111.59854196280402, 41.421351070996799 ], [ -111.584047123803003, 41.418345893682897 ], [ -111.575034023748003, 41.428916577573901 ], [ -111.571475410871003, 41.425043064311801 ], [ -111.564356335797001, 41.423155100398795 ], [ -111.557555101092007, 41.424800607358293 ], [ -111.554249960237996, 41.423848268668102 ], [ -111.551369959574004, 41.413724130884688 ], [ -111.545132042876006, 41.409677943049807 ], [ -111.543614314590002, 41.405586689127198 ], [ -111.541534272030006, 41.405069554059395 ], [ -111.540322243527001, 41.408957510843294 ], [ -111.533596937031007, 41.411578518617098 ], [ -111.531807380689997, 41.414563796868904 ], [ -111.521420983536999, 41.416039075908905 ], [ -111.51756486475702, 41.421677190337498 ], [ -111.510844858319999, 41.423130414962309 ], [ -111.510331004384, 41.423988408948503 ], [ -111.510666260340003, 41.427828631397098 ], [ -111.507121872835, 41.4291369427051 ], [ -111.506614885304998, 41.433192504902102 ], [ -111.500754666003004, 41.437685887930293 ], [ -111.505990931701007, 41.443779073193497 ], [ -111.502901067560003, 41.449030479805387 ], [ -111.505072069286001, 41.451871839898097 ], [ -111.503166143445995, 41.45389786882069 ], [ -111.503550062876002, 41.459417774019009 ], [ -111.500768970760021, 41.464456080065986 ], [ -111.489898077391004, 41.466331359862494 ], [ -111.488640692890002, 41.468733644931497 ], [ -111.490502187681997, 41.472611540655009 ], [ -111.484109926824004, 41.475430883535807 ], [ -111.484109852925002, 41.475430931586303 ], [ -111.481538629851002, 41.4767523068898 ], [ -111.480110867007994, 41.483716531463593 ], [ -111.475548106136998, 41.488766138587692 ], [ -111.475059165467002, 41.494807640677401 ], [ -111.478031279964995, 41.497384961392797 ], [ -111.474702364094, 41.500087464296385 ], [ -111.478197996595, 41.503761517635098 ], [ -111.466712557611004, 41.509510386066708 ], [ -111.464595629063993, 41.515108051951707 ], [ -111.456428748638004, 41.521121658787891 ], [ -111.457634195488012, 41.523805574442996 ], [ -111.456079620254002, 41.526874258444586 ], [ -111.458845975003001, 41.528898021437897 ], [ -111.459115217057004, 41.531546014146898 ], [ -111.456992626599003, 41.532275058151995 ], [ -111.452127967644998, 41.53000641420789 ], [ -111.448519661649001, 41.531704922397587 ], [ -111.443104857039003, 41.531325085410089 ], [ -111.442268952627003, 41.532674905280302 ], [ -111.445112341330002, 41.544387015846695 ], [ -111.442624401158, 41.546129629847002 ], [ -111.442015552064007, 41.549145783444494 ], [ -111.435732281350994, 41.550885676560405 ], [ -111.433461827090994, 41.552961479435893 ], [ -111.429417014704001, 41.566879469638302 ], [ -111.430453741229996, 41.576707073801607 ], [ -111.427635537447998, 41.5786452085352 ], [ -111.427178170212997, 41.58113737112491 ], [ -111.426879066351006, 41.585813268391 ], [ -111.429222985823003, 41.590110024045586 ], [ -111.427224830078003, 41.592765606988884 ], [ -111.427994414932002, 41.605733212060095 ], [ -111.426538345132002, 41.610598037694402 ], [ -111.429866629412004, 41.61839942585889 ], [ -111.422803446169993, 41.624037154661004 ], [ -111.417697374808, 41.622434491986795 ], [ -111.415389705273995, 41.623852486590899 ], [ -111.414971963970004, 41.624227795433406 ], [ -111.410651958787014, 41.627310270332103 ], [ -111.416508481017004, 41.639142698382706 ], [ -111.408769327046997, 41.644750442152102 ], [ -111.408096342776005, 41.649423965708898 ], [ -111.401535505433998, 41.654593780002294 ], [ -111.402244091751996, 41.6594191521352 ], [ -111.406741161431, 41.663078253793003 ], [ -111.406056525501995, 41.665949458113204 ], [ -111.412759771181001, 41.666029163721788 ], [ -111.414407121167997, 41.667230196227891 ], [ -111.414670883772004, 41.675574376807511 ], [ -111.423180747760995, 41.674358919488498 ], [ -111.426825977929994, 41.677858227397095 ], [ -111.423943763089994, 41.691771408952803 ], [ -111.426864970628003, 41.6946653929215 ], [ -111.423090156528005, 41.697210351946111 ], [ -111.41983092747202, 41.696844004673494 ], [ -111.421621698197995, 41.701277956839796 ], [ -111.421178745815993, 41.706332567770495 ], [ -111.417045419464998, 41.712130199184585 ], [ -111.418039769136001, 41.721813708459301 ], [ -111.420192136335999, 41.724634979981197 ], [ -111.428814665090997, 41.726750412680609 ], [ -111.441993544634997, 41.735703034228194 ], [ -111.440614487464998, 41.741540394972503 ], [ -111.445213581809, 41.744891300616395 ], [ -111.441955244585998, 41.747655529362198 ], [ -111.442837124617995, 41.749971444933003 ], [ -111.441100393314997, 41.752617184957501 ], [ -111.441616263377, 41.756983609931602 ], [ -111.445415889762003, 41.760239390951 ], [ -111.443284321237996, 41.771262302859604 ], [ -111.446509064208996, 41.773033200768303 ], [ -111.449539520643995, 41.771940543811404 ], [ -111.452303037747996, 41.77568111001051 ], [ -111.451511933182005, 41.778688052084789 ], [ -111.454658745567997, 41.779562829824897 ], [ -111.454992197959996, 41.783326428391604 ], [ -111.453040998252007, 41.78564893123761 ], [ -111.454347494505996, 41.788314338827291 ], [ -111.450844859049994, 41.792538894871385 ], [ -111.453866450830006, 41.803718137916192 ], [ -111.459335572946998, 41.807645943709993 ], [ -111.462001241791995, 41.812553041040395 ], [ -111.460896724527998, 41.818024682356693 ], [ -111.500604414207004, 41.849495204934492 ], [ -111.507789178864016, 41.852431426790289 ], [ -111.501976773813993, 41.860932429345596 ], [ -111.509369705636004, 41.868672783954096 ], [ -111.502419423324994, 41.86822603605421 ], [ -111.494412071328995, 41.87367755239039 ], [ -111.492174223733997, 41.883721610045896 ], [ -111.494083285455005, 41.887307131421096 ], [ -111.503073023195995, 41.887804907281399 ], [ -111.500048999192003, 41.892622343751583 ], [ -111.500430732962997, 41.898285956141891 ], [ -111.504586646630003, 41.902469436456308 ], [ -111.511876325749, 41.904941057877792 ], [ -111.511632491916998, 41.908378229669296 ], [ -111.508808763561007, 41.911876345287403 ], [ -111.505300487216999, 41.911198373225602 ], [ -111.503464187616999, 41.913822897146794 ], [ -111.500925077377005, 41.912176754638701 ], [ -111.492725040888999, 41.91210865891609 ], [ -111.491331897787006, 41.910479900104804 ], [ -111.481395688738004, 41.911364122774799 ], [ -111.478051722844995, 41.913102885239702 ], [ -111.477888562282999, 41.918710276731787 ], [ -111.475381656230994, 41.922958309828189 ], [ -111.473196043325004, 41.923413225125699 ], [ -111.473451424394995, 41.925330611061895 ], [ -111.473320392890002, 41.925551816702999 ], [ -111.471563158446003, 41.928499749888601 ], [ -111.476834370706001, 41.93585090024721 ], [ -111.473248554646005, 41.946997150366492 ], [ -111.477656812307998, 41.953923071276996 ], [ -111.476089891162005, 41.958198757323792 ], [ -111.480063102935006, 41.962649534366889 ], [ -111.483366343770996, 41.9638110479329 ], [ -111.484650964568004, 41.975672835134901 ], [ -111.494047314927997, 41.979549783108702 ], [ -111.498023043429001, 41.985540047723497 ], [ -111.507758358741995, 41.987577936748409 ], [ -111.507797699866003, 41.999560198933395 ], [ -112.161155510726005, 41.997713331719993 ], [ -112.161876798780014, 41.997706031800298 ], [ -112.166020005839997, 41.996185064798098 ], [ -112.156363109411004, 41.989298229730892 ], [ -112.153853216577005, 41.985018383532591 ], [ -112.150888965448004, 41.970570179617916 ], [ -112.144572222660003, 41.967273902868492 ], [ -112.142664304139998, 41.96349665772599 ], [ -112.140881647773, 41.964022356779992 ] ], [ [ -111.876383401362006, 41.990377412852801 ], [ -111.856884211599308, 41.990433413040421 ], [ -111.856879984893013, 41.990309133122409 ], [ -111.856884212417, 41.990433413032498 ], [ -111.876383401362006, 41.990377412852801 ] ], [ [ -111.875432977755011, 41.924943125398499 ], [ -111.872228977328007, 41.924959124496503 ], [ -111.875405361296998, 41.92494326300379 ], [ -111.875432977755011, 41.924943125398499 ] ], [ [ -111.852047890408969, 41.916703568496111 ], [ -111.852379649049013, 41.916795931199793 ], [ -111.852047890408969, 41.916703568496111 ], [ -111.852047890408969, 41.916703568496111 ] ], [ [ -111.855597485217004, 41.910617198974094 ], [ -111.855592972056002, 41.910668124957596 ], [ -111.855606972320018, 41.910510125090099 ], [ -111.855597485217004, 41.910617198974094 ] ], [ [ -111.842361962843995, 41.863745120718399 ], [ -111.842356009289006, 41.863803669693901 ], [ -111.842355963393999, 41.863804120369203 ], [ -111.842361962843995, 41.863745120718399 ] ], [ [ -111.843552154706998, 41.852948991447306 ], [ -111.843551960602994, 41.852987119520805 ], [ -111.843555961523009, 41.852198119494091 ], [ -111.843552154706998, 41.852948991447306 ] ], [ [ -111.843964958577999, 41.834043118061395 ], [ -111.843936958205006, 41.834836117576202 ], [ -111.843945044951994, 41.834607087700192 ], [ -111.843964958577999, 41.834043118061395 ] ], [ [ -111.843704776435999, 41.772568002636802 ], [ -111.847672547052994, 41.772610943884395 ], [ -111.838827126198012, 41.77251502841559 ], [ -111.843704776435999, 41.772568002636802 ] ], [ [ -111.843790830701664, 41.7651721250134 ], [ -111.843704776435999, 41.772568002636802 ], [ -111.843790830701664, 41.7651721250134 ], [ -111.843790830701664, 41.7651721250134 ] ], [ [ -111.843759355024005, 41.765171541927593 ], [ -111.843789948671997, 41.765172109845899 ], [ -111.843304948498997, 41.765163110750798 ], [ -111.843759355024005, 41.765171541927593 ] ], [ [ -111.844801447098007, 41.750343066453702 ], [ -111.844802946311006, 41.7503431094718 ], [ -111.844591946720996, 41.750337109312412 ], [ -111.844801447098007, 41.750343066453702 ] ], [ [ -111.844955564610004, 41.742903106513197 ], [ -111.844955945866005, 41.742903108212893 ], [ -111.844703945969002, 41.742902108646298 ], [ -111.844955564610004, 41.742903106513197 ] ], [ [ -111.845071945487007, 41.7392341081447 ], [ -111.845070152112001, 41.739234080803492 ], [ -111.844940944827997, 41.73923210827919 ], [ -111.845070313286016, 41.739234083220801 ], [ -111.845071945487007, 41.7392341081447 ] ], [ [ -111.845313323810004, 41.731558656581583 ], [ -111.845191956676004, 41.735392236894405 ], [ -111.845313340486996, 41.731558094423498 ], [ -111.845313323810004, 41.731558656581583 ] ], [ [ -111.845313825191994, 41.731558104368084 ], [ -111.845313340486996, 41.731558094423498 ], [ -111.845267943514997, 41.731557107068006 ], [ -111.845313825191994, 41.731558104368084 ] ], [ [ -111.845453943386005, 41.727747107194197 ], [ -111.84545175551402, 41.727747045832295 ], [ -111.845382943893014, 41.727745107626191 ], [ -111.845453943386005, 41.727747107194197 ] ], [ [ -111.842904746461997, 41.726066466172306 ], [ -111.842903941885993, 41.726076106848097 ], [ -111.842904942857999, 41.726064106702502 ], [ -111.842904746461997, 41.726066466172306 ] ], [ [ -111.848393939231002, 41.700474103776884 ], [ -111.848499939912003, 41.701257103372392 ], [ -111.848452355491006, 41.70090561334559 ], [ -111.848393939231002, 41.700474103776884 ] ], [ [ -111.842409935331005, 41.674799101022202 ], [ -111.841185759192015, 41.67477815874129 ], [ -111.840422935041005, 41.674765102094597 ], [ -111.842409935331005, 41.674799101022202 ] ], [ [ -111.841389590896, 41.659617231562599 ], [ -111.841791932158998, 41.659649099683399 ], [ -111.841387932903999, 41.659617100487395 ], [ -111.841389590896, 41.659617231562599 ] ], [ [ -111.842782929216995, 41.640193097699992 ], [ -111.841838562131002, 41.640183802543802 ], [ -111.841563930237996, 41.640181097473295 ], [ -111.842782929216995, 41.640193097699992 ] ], [ [ -111.839024929404005, 41.636867097375109 ], [ -111.838797928695996, 41.636992097678892 ], [ -111.838908433301995, 41.636931247034703 ], [ -111.839024929404005, 41.636867097375109 ] ], [ [ -111.841288924511247, 41.633764096984144 ], [ -111.841288924511247, 41.633764096984144 ], [ -111.841454438212295, 41.628729889926511 ], [ -111.841288924511247, 41.633764096984144 ] ], [ [ -111.847118387286002, 41.616624481096395 ], [ -111.847153927372005, 41.616809095524602 ], [ -111.847117927560006, 41.61662209488621 ], [ -111.847118387286002, 41.616624481096395 ] ], [ [ -111.841691922482994, 41.590866092083502 ], [ -111.841691922658001, 41.591004092216991 ], [ -111.841691922446998, 41.590891026701904 ], [ -111.841691922482994, 41.590866092083502 ] ], [ [ -111.841740489157999, 41.588922981489198 ], [ -111.841730922726001, 41.589269091855797 ], [ -111.841741923091021, 41.588871092231798 ], [ -111.841740489157999, 41.588922981489198 ] ], [ [ -111.841929875618007, 41.581116832651084 ], [ -111.841916920757996, 41.581884091359903 ], [ -111.841929921585006, 41.581114091420503 ], [ -111.841929875618007, 41.581116832651084 ] ], [ [ -111.845017921, 41.575056090817093 ], [ -111.844785920301007, 41.575056090643606 ], [ -111.844830569633999, 41.575056090430202 ], [ -111.845017921, 41.575056090817093 ] ], [ [ -111.830596774291507, 41.535997871105664 ], [ -111.831189912520998, 41.535996087525497 ], [ -111.830596774291507, 41.535997871105664 ], [ -111.830596774291507, 41.535997871105664 ] ], [ [ -111.830618912058995, 41.535959087071198 ], [ -111.830596133660634, 41.53599709818279 ], [ -111.830524911804019, 41.535998086603293 ], [ -111.830596133515996, 41.535997097503397 ], [ -111.830618912058995, 41.535959087071198 ] ], [ [ -111.811041905839005, 41.514648086944703 ], [ -111.811054788651006, 41.514707513763511 ], [ -111.811072905530011, 41.514791086520901 ], [ -111.811041905839005, 41.514648086944703 ] ], [ [ -111.846894280789996, 41.598570893250795 ], [ -111.848252925158008, 41.598563093177503 ], [ -111.84147940385968, 41.598601821183578 ], [ -111.846894280789996, 41.598570893250795 ] ], [ [ -111.934144997185001, 41.972148125722107 ], [ -111.934635893316994, 41.972182013563895 ], [ -111.934651996740001, 41.97218312536301 ], [ -111.934144997185001, 41.972148125722107 ] ], [ [ -111.928894990584993, 41.9319011209557 ], [ -111.928894937462999, 41.931901782473396 ], [ -111.928872990059006, 41.932173121350786 ], [ -111.928894990584993, 41.9319011209557 ] ], [ [ -111.943485196013, 41.931975290930609 ], [ -111.928894937462999, 41.931901782473396 ], [ -111.934496351728995, 41.931930219288098 ], [ -111.943485196013, 41.931975290930609 ] ], [ [ -111.935288989171994, 41.917412118778401 ], [ -111.935678989189995, 41.917541118631384 ], [ -111.935670265777006, 41.917538233731008 ], [ -111.935288989171994, 41.917412118778401 ] ], [ [ -111.933085546279003, 41.903172611226097 ], [ -111.933220047022004, 41.910522295602995 ], [ -111.933330651391088, 41.916564884881204 ], [ -111.933330651391088, 41.916564884881204 ], [ -111.933085546279003, 41.903172611226097 ] ], [ [ -111.945387314238999, 41.903074754513291 ], [ -111.951405818667013, 41.903026404912907 ], [ -111.933085546279003, 41.903172611226097 ], [ -111.945387314238999, 41.903074754513291 ] ], [ [ -111.951405990789993, 41.90302711681619 ], [ -111.951405818667013, 41.903026404912907 ], [ -111.951150990320002, 41.901950115838602 ], [ -111.951405990789993, 41.90302711681619 ] ], [ [ -111.932776985402995, 41.888553116198203 ], [ -111.933586984811001, 41.888606115838783 ], [ -111.932818147657002, 41.888555809887592 ], [ -111.932776985402995, 41.888553116198203 ] ], [ [ -111.932324701786996, 41.852212504055693 ], [ -111.932478979430996, 41.852053111598408 ], [ -111.932297979544998, 41.8522401123656 ], [ -111.932324701786996, 41.852212504055693 ] ], [ [ -111.892398961519007, 41.785172107917596 ], [ -111.892407818162994, 41.786253473758308 ], [ -111.892457962075, 41.792375109118595 ], [ -111.892398961519007, 41.785172107917596 ] ], [ [ -111.891875956730004, 41.7580501051211 ], [ -111.891721956813996, 41.757842104781496 ], [ -111.891970957351006, 41.75810610581749 ], [ -111.891875956730004, 41.7580501051211 ] ], [ [ -111.879452951259992, 41.740132107164023 ], [ -111.879427951352994, 41.740294105276988 ], [ -111.879422951570007, 41.740798106065192 ], [ -111.879427950199997, 41.740294108888591 ], [ -111.879452951259992, 41.740132107164023 ] ], [ [ -111.879611945438995, 41.739417118985095 ], [ -111.879481949793998, 41.740084108222796 ], [ -111.87947975501433, 41.740087740938904 ], [ -111.879481948616004, 41.740084110033195 ], [ -111.879611945438995, 41.739417118985095 ] ], [ [ -111.879819951564002, 41.735955105078283 ], [ -111.879763943754625, 41.735954117129289 ], [ -111.879743628450854, 41.73594281499102 ], [ -111.879763950826003, 41.735954105375399 ], [ -111.879819951564002, 41.735955105078283 ] ], [ [ -111.890991945810001, 41.678189097181999 ], [ -111.890748945845999, 41.678186097234693 ], [ -111.892048945954002, 41.678182097346607 ], [ -111.890991945810001, 41.678189097181999 ] ], [ [ -111.896739368026999, 41.661803644523197 ], [ -111.897258944040999, 41.661296095105101 ], [ -111.896610943417997, 41.661929095350089 ], [ -111.896739368026999, 41.661803644523197 ] ], [ [ -111.890852081207001, 41.645776361772811 ], [ -111.890881940108002, 41.6428500940901 ], [ -111.890851941359003, 41.645790094175595 ], [ -111.890852081207001, 41.645776361772811 ] ], [ [ -111.972833677141523, 41.93204972293595 ], [ -111.963102317763997, 41.932017993782296 ], [ -111.972833677137913, 41.932049722851367 ], [ -111.972833677141523, 41.93204972293595 ] ], [ [ -111.990740994495994, 41.878036110778794 ], [ -111.990750989372003, 41.877546886233397 ], [ -111.990759994723007, 41.877106110088199 ], [ -111.990740994495994, 41.878036110778794 ] ], [ [ -111.9816325958421, 41.866483627046676 ], [ -111.981632552137995, 41.866479865721807 ], [ -111.981584674652197, 41.862305796869684 ], [ -111.9816325958421, 41.866483627046676 ] ], [ [ -111.979918989237007, 41.857943108558992 ], [ -111.979888139975003, 41.855878110257308 ], [ -111.979886989801003, 41.855801108766393 ], [ -111.979918989237007, 41.857943108558992 ] ], [ [ -111.972096232913998, 41.838211061395491 ], [ -111.971590985213993, 41.838342107932696 ], [ -111.972257984430996, 41.838169106796698 ], [ -111.972096232913998, 41.838211061395491 ] ], [ [ -111.979128969808016, 41.724914096088106 ], [ -111.979114970493995, 41.724604095311697 ], [ -111.979121246364002, 41.724743061394001 ], [ -111.979128969808016, 41.724914096088106 ] ], [ [ -111.979084969941994, 41.722682095591793 ], [ -111.979079970060994, 41.722433135587309 ], [ -111.979079969460003, 41.72243309596179 ], [ -111.979084969941994, 41.722682095591793 ] ], [ [ -111.979121966248997, 41.699197092425692 ], [ -111.978652581090003, 41.699195536252908 ], [ -111.978518966891002, 41.6991950924618 ], [ -111.979121966248997, 41.699197092425692 ] ], [ [ -111.977139965297994, 41.699179092410098 ], [ -111.976932966014004, 41.6991860926559 ], [ -111.976937337156002, 41.69918594470878 ], [ -111.977139965297994, 41.699179092410098 ] ], [ [ -111.976853314687006, 41.691844789308199 ], [ -111.976604964114003, 41.684971090851 ], [ -111.976812806235017, 41.690723711573696 ], [ -111.976853314687006, 41.691844789308199 ] ], [ [ -111.948764952589997, 41.648763090098392 ], [ -111.948388952067006, 41.648757089778002 ], [ -111.948751380759006, 41.648762873369797 ], [ -111.948764952589997, 41.648763090098392 ] ], [ [ -111.928231419374143, 41.634480292901955 ], [ -111.928231419374143, 41.634480292901955 ], [ -111.928422945837994, 41.634071090102502 ], [ -111.928231419374143, 41.634480292901955 ] ], [ [ -111.930319746229998, 41.619686798538602 ], [ -111.930303945017997, 41.619706088177097 ], [ -111.930380944408995, 41.619612088127596 ], [ -111.930319746229998, 41.619686798538602 ] ], [ [ -111.930101662040002, 41.607304031737399 ], [ -111.929814942522, 41.607248086679199 ], [ -111.930101943645994, 41.607304086204003 ], [ -111.930101662040002, 41.607304031737399 ] ], [ [ -111.977060952377002, 41.603835082898804 ], [ -111.976794842323997, 41.603988835342797 ], [ -111.976745951519007, 41.604017082803793 ], [ -111.977060952377002, 41.603835082898804 ] ], [ [ -112.000706701759015, 41.888221575656303 ], [ -112.001013998548999, 41.888219109821897 ], [ -112.000639999081997, 41.888222110992601 ], [ -112.000706701759015, 41.888221575656303 ] ], [ [ -112.000509141074005, 41.8772448062835 ], [ -112.000706701759015, 41.888221575656303 ], [ -112.000314358501996, 41.866418666239497 ], [ -112.000509141074005, 41.8772448062835 ] ], [ [ -111.99066296988002, 41.705877092605093 ], [ -111.991000243111998, 41.705878744648892 ], [ -111.996279344062998, 41.705904478763287 ], [ -111.99066296988002, 41.705877092605093 ] ], [ [ -111.998356809183051, 41.710065741167135 ], [ -111.988588181904007, 41.710087149741796 ], [ -111.988611008538001, 41.710087100169702 ], [ -111.998356809183051, 41.710065741167135 ] ], [ [ -111.988841414014004, 41.7318771207946 ], [ -111.988843973567, 41.731877095163803 ], [ -111.987647973335001, 41.731889095994902 ], [ -111.988841414014004, 41.7318771207946 ] ], [ [ -112.008460978448994, 41.742419094431703 ], [ -112.008459745079449, 41.742435745656998 ], [ -112.008460129537994, 41.742430554172799 ], [ -112.008460978448994, 41.742419094431703 ] ], [ [ -111.989049008041007, 41.753052992987691 ], [ -111.989083976744993, 41.753061097188784 ], [ -111.987836975901999, 41.752772096832686 ], [ -111.989049008041007, 41.753052992987691 ] ], [ [ -112.029642000205001, 41.864276105420096 ], [ -112.029504000285002, 41.862661105301285 ], [ -112.029510227445996, 41.862733982317614 ], [ -112.029642000205001, 41.864276105420096 ] ], [ [ -112.013146899866001, 41.859067917545801 ], [ -112.012972633166484, 41.859068709453354 ], [ -112.013791025900005, 41.859064986588692 ], [ -112.013349952590005, 41.859066994275196 ], [ -112.013146899866001, 41.859067917545801 ] ], [ [ -112.001711994825996, 41.862693107466789 ], [ -112.001266994123995, 41.862682107232807 ], [ -112.001287278622002, 41.862682608583505 ], [ -112.001711994825996, 41.862693107466789 ] ], [ [ -111.991843992883005, 41.86249510868501 ], [ -111.991266991643997, 41.862484109025097 ], [ -111.991267427927014, 41.862484116968091 ], [ -111.991843992883005, 41.86249510868501 ] ], [ [ -112.002635024258012, 41.844237088820897 ], [ -112.002677991618, 41.844167105866497 ], [ -112.002510991747002, 41.844439106057095 ], [ -112.002635024258012, 41.844237088820897 ] ], [ [ -112.005194134562998, 41.85534660508111 ], [ -112.005200994987007, 41.856054106522308 ], [ -112.005178994112995, 41.853785106164601 ], [ -112.005194134562998, 41.85534660508111 ] ], [ [ -112.000013992852004, 41.855610107572694 ], [ -112.000012285205003, 41.855868123291799 ], [ -112.000012173878517, 41.855884956930858 ], [ -112.000012250295995, 41.855873383533407 ], [ -112.000013992852004, 41.855610107572694 ] ], [ [ -112.043970003270999, 41.86665610443449 ], [ -112.044035339131071, 41.866583849602932 ], [ -112.043978652134001, 41.866646539939893 ], [ -112.043970003270999, 41.86665610443449 ] ], [ [ -112.034738637380087, 41.880804984463772 ], [ -112.034723003848001, 41.880629106524601 ], [ -112.034725272775006, 41.880654624561096 ], [ -112.034738637380087, 41.880804984463772 ] ], [ [ -112.059513790816993, 41.931385705868792 ], [ -112.059225016213006, 41.931393109692408 ], [ -112.059810017418002, 41.931378110040498 ], [ -112.059513790816993, 41.931385705868792 ] ], [ [ -112.04024701502702, 41.9461451135912 ], [ -112.040343909539999, 41.946147991341093 ], [ -112.040348014610004, 41.946148113558394 ], [ -112.04024701502702, 41.9461451135912 ] ], [ [ -111.986830004542995, 41.947333117651496 ], [ -111.990579002604008, 41.935099116837002 ], [ -111.987112122314997, 41.946412655125094 ], [ -111.986830004542995, 41.947333117651496 ] ], [ [ -112.042526011939998, 41.919986109618591 ], [ -112.041906011796996, 41.919973110906696 ], [ -112.041919579635007, 41.919973394883492 ], [ -112.042526011939998, 41.919986109618591 ] ], [ [ -112.042091954489607, 41.915780186423355 ], [ -112.032923009263996, 41.915594110729003 ], [ -112.034370490943004, 41.915623534428192 ], [ -112.042091954489607, 41.915780186423355 ] ], [ [ -112.029095652145003, 41.915543566523702 ], [ -112.032923009263996, 41.915594110729003 ], [ -112.027160415469055, 41.915517962635079 ], [ -112.029095652145003, 41.915543566523702 ] ], [ [ -112.031776008180998, 41.90795211012 ], [ -112.034489260515002, 41.907928243697796 ], [ -112.034618007690995, 41.907927109790393 ], [ -112.031776008180998, 41.90795211012 ] ], [ [ -112.037058014826997, 41.919865695939997 ], [ -112.037116009654, 41.9198671112255 ], [ -112.036911010675993, 41.919862110516291 ], [ -112.037058014826997, 41.919865695939997 ] ], [ [ -112.011033006926013, 41.931957115038095 ], [ -112.011037007099006, 41.931823114397297 ], [ -112.011036219079003, 41.9318495143457 ], [ -112.011033006926013, 41.931957115038095 ] ], [ [ -112.108410032864995, 41.974262110582593 ], [ -112.108410575440999, 41.974317970136099 ], [ -112.108411033219994, 41.974365111287995 ], [ -112.108410032864995, 41.974262110582593 ] ], [ [ -112.068410135744998, 41.952631003248094 ], [ -112.068515021388009, 41.952738112266502 ], [ -112.068279021552996, 41.952497111273793 ], [ -112.068410135744998, 41.952631003248094 ] ], [ [ -111.944009918967211, 41.61640308818199 ], [ -111.939369933551006, 41.610723998713397 ], [ -111.939289945441004, 41.610626086329091 ], [ -111.944009918967211, 41.61640308818199 ] ], [ [ -111.940505063017994, 41.622212946832299 ], [ -111.940470947753994, 41.622212087454606 ], [ -111.940748946908002, 41.622219087273599 ], [ -111.940505063017994, 41.622212946832299 ] ], [ [ -111.950920619732997, 41.630216958228985 ], [ -111.951075920918996, 41.630121630195106 ], [ -111.950398137023001, 41.630537670107394 ], [ -111.950920619732997, 41.630216958228985 ] ], [ [ -111.944385949584998, 41.637441089236283 ], [ -111.944645950444993, 41.637907089189 ], [ -111.944592751567001, 41.637811742261597 ], [ -111.944385949584998, 41.637441089236283 ] ], [ [ -111.941769949396999, 41.6368090890982 ], [ -111.941921949963998, 41.636876088559397 ], [ -111.941912913500005, 41.636872105814497 ], [ -111.941769949396999, 41.6368090890982 ] ], [ [ -111.939214949516, 41.636792089289692 ], [ -111.939425948820997, 41.636798089477608 ], [ -111.939401481481994, 41.636797394140508 ], [ -111.939214949516, 41.636792089289692 ] ], [ [ -111.963298253566009, 41.939120171368906 ], [ -111.953573996500467, 41.939016130964553 ], [ -111.953573996467199, 41.939016130063756 ], [ -111.963298253566009, 41.939120171368906 ] ], [ [ -111.926983971322002, 41.801269107333802 ], [ -111.926949969988001, 41.801420107708914 ], [ -111.926974871105003, 41.801309519740201 ], [ -111.926983971322002, 41.801269107333802 ] ], [ [ -111.944745972145995, 41.786865103334797 ], [ -111.944000971785016, 41.786877104844883 ], [ -111.944280670910999, 41.786872599366994 ], [ -111.944745972145995, 41.786865103334797 ] ], [ [ -111.944052966487007, 41.745990099423999 ], [ -111.942310965809995, 41.745961870007896 ], [ -111.941091964370997, 41.745942099704692 ], [ -111.944052966487007, 41.745990099423999 ] ], [ [ -111.939680354017938, 41.707119481680081 ], [ -111.919235650011061, 41.707121120198593 ], [ -111.919235650011061, 41.707121120198593 ], [ -111.939680354017938, 41.707119481680081 ] ], [ [ -111.948301969446007, 41.768556102064295 ], [ -111.948740841413994, 41.76836300689591 ], [ -111.951501970311, 41.767148101271808 ], [ -111.948301969446007, 41.768556102064295 ] ], [ [ -111.963709313981994, 41.705682440857203 ], [ -111.963708963990001, 41.705694095225802 ], [ -111.96371896329201, 41.705361095246495 ], [ -111.963709313981994, 41.705682440857203 ] ], [ [ -111.963416965977004, 41.717590096304001 ], [ -111.963420042902001, 41.717637785803397 ], [ -111.963420965904007, 41.71765209553601 ], [ -111.963416965977004, 41.717590096304001 ] ], [ [ -111.960762964998011, 41.717610095857694 ], [ -111.963420965904007, 41.71765209553601 ], [ -111.963414597810996, 41.717651995810407 ], [ -111.960762964998011, 41.717610095857694 ] ], [ [ -111.948379616289998, 41.663453905219995 ], [ -111.948354954679999, 41.663417091534789 ], [ -111.948492955424001, 41.663623091517096 ], [ -111.948379616289998, 41.663453905219995 ] ], [ [ -111.978108966991996, 41.702068093548483 ], [ -111.977381965475999, 41.701144092844999 ], [ -111.977638921427996, 41.701470680924395 ], [ -111.978108966991996, 41.702068093548483 ] ], [ [ -111.973640195311276, 41.709891152145346 ], [ -111.973820140678001, 41.705794197050899 ], [ -111.973640195311276, 41.709891152145346 ], [ -111.973640195311276, 41.709891152145346 ] ], [ [ -111.975195114119998, 41.749779615865592 ], [ -111.969031232183994, 41.730625704558712 ], [ -111.969504407036993, 41.732096483546805 ], [ -111.975195114119998, 41.749779615865592 ] ], [ [ -111.974170972427004, 41.749539097342499 ], [ -111.975195114119998, 41.749779615865592 ], [ -111.975226972805999, 41.749787097694295 ], [ -111.974170972427004, 41.749539097342499 ] ], [ [ -111.95324002296141, 41.735538129538817 ], [ -111.952876801456995, 41.735763104283294 ], [ -111.95324002296141, 41.735538129538817 ], [ -111.95324002296141, 41.735538129538817 ] ], [ [ -111.961886983763009, 41.841456108781095 ], [ -111.962070076014001, 41.841294967948208 ], [ -111.962253982860005, 41.841133109361294 ], [ -111.961886983763009, 41.841456108781095 ] ], [ [ -111.954025978182997, 41.814690107131597 ], [ -111.953911490615994, 41.815209201363302 ], [ -111.953834978431018, 41.815556106588495 ], [ -111.954025978182997, 41.814690107131597 ] ], [ [ -111.970956986570002, 41.851892108980095 ], [ -111.970656986874019, 41.851531108735195 ], [ -111.970935789014007, 41.851866600917894 ], [ -111.970956986570002, 41.851892108980095 ] ], [ [ -111.962077995818007, 41.917573117396806 ], [ -111.962627995285999, 41.917564116843081 ], [ -111.962627943452006, 41.917564118178305 ], [ -111.962077995818007, 41.917573117396806 ] ], [ [ -111.943145991578007, 41.917657118055203 ], [ -111.943379990452001, 41.917656118894094 ], [ -111.943177462419996, 41.917656983836089 ], [ -111.943145991578007, 41.917657118055203 ] ], [ [ -111.943133861489002, 41.917656877241207 ], [ -111.943145991578007, 41.917657118055203 ], [ -111.942893991926994, 41.917652118414402 ], [ -111.943133861489002, 41.917656877241207 ] ], [ [ -111.972713000553, 41.939220118471297 ], [ -111.963352287845595, 41.939120749247579 ], [ -111.963352287809997, 41.939120747446395 ], [ -111.972713000553, 41.939220118471297 ] ], [ [ -111.964579951522339, 41.975498939148956 ], [ -111.965198004054002, 41.975504122151705 ], [ -111.965192894216997, 41.975504079552799 ], [ -111.964579951522339, 41.975498939148956 ] ], [ [ -111.944111998089994, 41.962193122947099 ], [ -111.944136648281003, 41.964517834820597 ], [ -111.944174999254997, 41.968134123747603 ], [ -111.944111998089994, 41.962193122947099 ] ], [ [ -111.944149619697001, 41.95937457050271 ], [ -111.944111998089994, 41.962193122947099 ], [ -111.944152504396001, 41.959158416278193 ], [ -111.944149619697001, 41.95937457050271 ] ], [ [ -111.953948533924006, 41.956199354989302 ], [ -111.953938998273003, 41.95569112135459 ], [ -111.953948998624, 41.956224121987603 ], [ -111.953948533924006, 41.956199354989302 ] ], [ [ -111.967636005122998, 41.975523122823603 ], [ -111.968943945915001, 41.975535859629602 ], [ -111.968971004631001, 41.975536122991699 ], [ -111.967636005122998, 41.975523122823603 ] ], [ [ -111.930659948743994, 41.650663090829084 ], [ -111.931044949514003, 41.650726091030201 ], [ -111.929855946027004, 41.65077809559569 ], [ -111.929375942470017, 41.651072105764307 ], [ -111.929083948932998, 41.651080091367604 ], [ -111.929395948209006, 41.651042091840608 ], [ -111.929426949133997, 41.650994091038896 ], [ -111.929440948695998, 41.650980091620596 ], [ -111.929497948267993, 41.650928091279809 ], [ -111.929579949575, 41.65087509157901 ], [ -111.929627949638004, 41.650850091517398 ], [ -111.929665949455995, 41.650832091559998 ], [ -111.929698948476016, 41.650820092023707 ], [ -111.929756949446002, 41.65080109169061 ], [ -111.929855948376996, 41.650778091973898 ], [ -111.930085949984999, 41.650742091470796 ], [ -111.930659948743994, 41.650663090829084 ] ], [ [ -111.911978945369, 41.64706109220419 ], [ -111.911994166154997, 41.647045008171389 ], [ -111.912172944796012, 41.646856092534001 ], [ -111.911978945369, 41.64706109220419 ] ], [ [ -111.920892291108373, 41.634302136204525 ], [ -111.920892291108359, 41.634302136204525 ], [ -111.919114944545001, 41.634300090559591 ], [ -111.920892291108373, 41.634302136204525 ] ], [ [ -111.910391941233001, 41.623316090511892 ], [ -111.910387941552003, 41.623696090463696 ], [ -111.910391810109999, 41.62332852948979 ], [ -111.910391941233001, 41.623316090511892 ] ], [ [ -111.913887943985003, 41.640482091491897 ], [ -111.913683157396008, 41.640368513350801 ], [ -111.913411943970999, 41.640218092283895 ], [ -111.913887943985003, 41.640482091491897 ] ], [ [ -111.905311948415005, 41.678107097149102 ], [ -111.905321948559006, 41.678177096769502 ], [ -111.903282947479013, 41.678079097353695 ], [ -111.905311948415005, 41.678107097149102 ] ], [ [ -111.926786944165997, 41.668693106940495 ], [ -111.926852944285997, 41.668792107111102 ], [ -111.926842619690007, 41.668776621687002 ], [ -111.926786944165997, 41.668693106940495 ] ], [ [ -111.926090951435995, 41.669314094345197 ], [ -111.92611294939033, 41.669270096883857 ], [ -111.926112950049998, 41.669270096878492 ], [ -111.926090951435995, 41.669314094345197 ] ], [ [ -111.904545531015998, 41.667222800639095 ], [ -111.904529947168001, 41.667185095439407 ], [ -111.904591946853998, 41.6673350956207 ], [ -111.904545531015998, 41.667222800639095 ] ], [ [ -111.910811953540005, 41.711097099717996 ], [ -111.910805813834997, 41.710648898360198 ], [ -111.910804953775994, 41.710586100326594 ], [ -111.910811953540005, 41.711097099717996 ] ], [ [ -111.911782963278, 41.779159549263902 ], [ -111.911782964230994, 41.779115106578288 ], [ -111.911782964053003, 41.779340106697106 ], [ -111.911782963278, 41.779159549263902 ] ], [ [ -111.911761907366994, 41.786157189915698 ], [ -111.911761965314994, 41.78615210687601 ], [ -111.911752965326997, 41.786951107010601 ], [ -111.911761907366994, 41.786157189915698 ] ], [ [ -111.920403966934998, 41.785497105828007 ], [ -111.920048285101004, 41.785695260090193 ], [ -111.919974966705993, 41.785736106198897 ], [ -111.920403966934998, 41.785497105828007 ] ], [ [ -111.872728274069999, 41.794850768140606 ], [ -111.872728208531001, 41.794837420452907 ], [ -111.872750958321006, 41.7994301114907 ], [ -111.872728274069999, 41.794850768140606 ] ], [ [ -111.875238329256007, 41.784920738315698 ], [ -111.874916957064997, 41.784730109307702 ], [ -111.875238957679997, 41.784921110015709 ], [ -111.875238329256007, 41.784920738315698 ] ], [ [ -111.863992455618003, 41.740956765235502 ], [ -111.863972125583004, 41.738987269877398 ], [ -111.863978844724997, 41.73963808934819 ], [ -111.863992455618003, 41.740956765235502 ] ], [ [ -111.864073676732019, 41.735724084030402 ], [ -111.863956948169005, 41.735722105688197 ], [ -111.864783948017021, 41.73573610585899 ], [ -111.864073676732019, 41.735724084030402 ] ], [ [ -111.860354941675013, 41.700146102947798 ], [ -111.860360943125002, 41.700853102881702 ], [ -111.857514587671005, 41.70014063175509 ], [ -111.860354941675013, 41.700146102947798 ] ], [ [ -111.861999939803994, 41.685511101067696 ], [ -111.862076119791993, 41.68551073950249 ], [ -111.862210940546007, 41.685510100974305 ], [ -111.862080027012993, 41.6855107210014 ], [ -111.861999939803994, 41.685511101067696 ] ], [ [ -111.862121091673998, 41.680763043211101 ], [ -111.862076119791993, 41.68551073950249 ], [ -111.862139939426996, 41.678773099774702 ], [ -111.862121091673998, 41.680763043211101 ] ], [ [ -111.861285937359, 41.671234099599296 ], [ -111.861299937455001, 41.67000809954169 ], [ -111.861291134436996, 41.670779038070293 ], [ -111.861285937359, 41.671234099599296 ] ], [ [ -111.858337930993997, 41.625764094420809 ], [ -111.858337930959038, 41.625764095319909 ], [ -111.857981931367007, 41.625752093927503 ], [ -111.858337930993997, 41.625764094420809 ] ], [ [ -111.871578932925019, 41.626688097454306 ], [ -111.871578936997281, 41.626688094955171 ], [ -111.871620934172, 41.626704093597901 ], [ -111.871578932925019, 41.626688097454306 ] ], [ [ -111.871615934264995, 41.626436093681399 ], [ -111.871637934060004, 41.62660009354979 ], [ -111.871618008616679, 41.626664116701548 ], [ -111.871637931707994, 41.626600097170503 ], [ -111.871615934264995, 41.626436093681399 ] ], [ [ -111.886993979045997, 41.917241122897998 ], [ -111.887015979479997, 41.917175123110709 ], [ -111.887005081186004, 41.917207819593095 ], [ -111.886993979045997, 41.917241122897998 ] ], [ [ -111.889389731698003, 41.889071026878298 ], [ -111.889360896001506, 41.884444229830109 ], [ -111.889389976256993, 41.8891101195684 ], [ -111.889389731698003, 41.889071026878298 ] ], [ [ -111.889449802943005, 41.863335001268005 ], [ -111.888699971837994, 41.863082117512498 ], [ -111.889464972217993, 41.863340116712095 ], [ -111.889449802943005, 41.863335001268005 ] ], [ [ -111.91812197669401, 41.859573113942304 ], [ -111.916675976836999, 41.859587114682391 ], [ -111.917800788698997, 41.859576225229894 ], [ -111.91812197669401, 41.859573113942304 ] ], [ [ -111.901068974005, 41.859814115909799 ], [ -111.900976138811018, 41.859815963795093 ], [ -111.900867974194, 41.859818115591601 ], [ -111.901068974005, 41.859814115909799 ] ], [ [ -111.909982973398002, 41.84510111287171 ], [ -111.913435975067003, 41.84508011239371 ], [ -111.912667153581012, 41.845084797760698 ], [ -111.909982973398002, 41.84510111287171 ] ], [ [ -111.907712244029, 41.845129724196099 ], [ -111.907999973401019, 41.845125113438385 ], [ -111.907687973242005, 41.8451301132636 ], [ -111.907712244029, 41.845129724196099 ] ], [ [ -111.896270971218996, 41.845285114255098 ], [ -111.898541970232003, 41.845251114021295 ], [ -111.898242398369007, 41.845255601857403 ], [ -111.896270971218996, 41.845285114255098 ] ], [ [ -111.904768970373993, 41.827886111923696 ], [ -111.904764969186004, 41.827849111928991 ], [ -111.904766018519993, 41.827858808504502 ], [ -111.904768970373993, 41.827886111923696 ] ], [ [ -111.898965165807994, 41.881778332828389 ], [ -111.899032986801004, 41.884925936742384 ], [ -111.898698603413607, 41.869404111637735 ], [ -111.898920157180001, 41.879689338181208 ], [ -111.898965165807994, 41.881778332828389 ] ], [ [ -111.907332978921019, 41.885451117458487 ], [ -111.907334565583994, 41.885234025750698 ], [ -111.907359709305993, 41.881794735289596 ], [ -111.907332978921019, 41.885451117458487 ] ], [ [ -111.894151977066997, 41.889022119179401 ], [ -111.894151984320004, 41.889021429208 ], [ -111.894153977789003, 41.888841119816703 ], [ -111.894151977066997, 41.889022119179401 ] ], [ [ -111.915000826392003, 41.960929826497093 ], [ -111.915007991451006, 41.961013125530613 ], [ -111.914999991323995, 41.960920125832395 ], [ -111.915000826392003, 41.960929826497093 ] ], [ [ -111.910709403886997, 41.917639882719492 ], [ -111.910719984460997, 41.917620121016697 ], [ -111.910356984070006, 41.91829812098959 ], [ -111.910709403886997, 41.917639882719492 ] ], [ [ -111.908847720981996, 41.903361608615597 ], [ -111.908986984569012, 41.917627121095698 ], [ -111.908791417851845, 41.897592371118023 ], [ -111.908847720981996, 41.903361608615597 ] ], [ [ -111.914473988813, 41.939063123089603 ], [ -111.914474649677018, 41.939063109719797 ], [ -111.914523987959996, 41.939062123190496 ], [ -111.914473988813, 41.939063123089603 ] ], [ [ -111.918109987349993, 41.924724122001791 ], [ -111.917440311468013, 41.92437162589821 ], [ -111.917142987266018, 41.924215121046608 ], [ -111.918109987349993, 41.924724122001791 ] ], [ [ -111.91463451816, 41.946367214669692 ], [ -111.914636989808997, 41.946375123514201 ], [ -111.914631989626997, 41.946359124344404 ], [ -111.91463451816, 41.946367214669692 ] ], [ [ -111.876016933030002, 41.622917093882101 ], [ -111.876041934056005, 41.622701093267892 ], [ -111.876029020388003, 41.6228126676044 ], [ -111.876016933030002, 41.622917093882101 ] ], [ [ -111.872087036682004, 41.7000880773451 ], [ -111.872291944180006, 41.700080101930396 ], [ -111.871957943948004, 41.700093102000586 ], [ -111.872087036682004, 41.7000880773451 ] ], [ [ -111.878925940258995, 41.660367096580998 ], [ -111.878860486974006, 41.6603663108896 ], [ -111.873690938869004, 41.660304097646602 ], [ -111.878925940258995, 41.660367096580998 ] ], [ [ -111.868961763556001, 41.660251106956991 ], [ -111.873690938869004, 41.660304097646602 ], [ -111.868960938287003, 41.660251097884498 ], [ -111.868961763556001, 41.660251106956991 ] ], [ [ -111.878394177025001, 41.6707128607191 ], [ -111.878921942291001, 41.670556098482592 ], [ -111.877911940342997, 41.670856098130599 ], [ -111.878394177025001, 41.6707128607191 ] ], [ [ -111.871915942144994, 41.686572100154798 ], [ -111.871804887595019, 41.686684870453192 ], [ -111.871656941474001, 41.686835100620605 ], [ -111.871915942144994, 41.686572100154798 ] ], [ [ -111.872486940961011, 41.675183099180011 ], [ -111.872543328120003, 41.67518406628669 ], [ -111.87376994171602, 41.6752050990737 ], [ -111.872486940961011, 41.675183099180011 ] ], [ [ -111.875501950426994, 41.735905106139391 ], [ -111.879571950773993, 41.735952104942207 ], [ -111.87962631335273, 41.735943599392854 ], [ -111.879571949608007, 41.735952107653198 ], [ -111.875501950426994, 41.735905106139391 ] ], [ [ -111.874187950118994, 41.735889106032701 ], [ -111.875501950426994, 41.735905106139391 ], [ -111.873149949869997, 41.735877105059402 ], [ -111.874187950118994, 41.735889106032701 ] ], [ [ -111.880935949649995, 41.718269102643696 ], [ -111.880949949210006, 41.718339103009193 ], [ -111.880940087596997, 41.71828979419859 ], [ -111.880935949649995, 41.718269102643696 ] ], [ [ -111.881716230305003, 41.704967498761803 ], [ -111.881711947498019, 41.70470110160489 ], [ -111.881731948310005, 41.705945101454191 ], [ -111.881716230305003, 41.704967498761803 ] ], [ [ -111.879877950001998, 41.726858103872893 ], [ -111.879892107041996, 41.726547478179093 ], [ -111.879894950665999, 41.726485103811697 ], [ -111.879877950001998, 41.726858103872893 ] ], [ [ -111.869926947216001, 41.724315104493598 ], [ -111.869978711835003, 41.722803256136608 ], [ -111.869927099169018, 41.724310682716386 ], [ -111.869926947216001, 41.724315104493598 ] ], [ [ -111.878792953865016, 41.750737106571201 ], [ -111.878689949990019, 41.750732113728006 ], [ -111.878255953874003, 41.750719106092205 ], [ -111.8786899535, 41.750732106495576 ], [ -111.878792953865016, 41.750737106571201 ] ], [ [ -111.882784486570998, 41.778927476619309 ], [ -111.882765957898002, 41.778932108035491 ], [ -111.882787929335976, 41.778926615783227 ], [ -111.882784486570998, 41.778927476619309 ] ], [ [ -111.853433926584998, 41.605029092424303 ], [ -111.848541921530995, 41.605028100456309 ], [ -111.848471925998993, 41.605033093651393 ], [ -111.848541923884, 41.605028096836101 ], [ -111.853433926584998, 41.605029092424303 ] ], [ [ -111.873439030462009, 41.874612374318694 ], [ -111.871053620794001, 41.874610128133185 ], [ -111.871065459790003, 41.874610139209594 ], [ -111.873439030462009, 41.874612374318694 ] ], [ [ -111.873377971083997, 41.874918118888594 ], [ -111.873439030462009, 41.874612374318694 ], [ -111.873516970246996, 41.874222119759089 ], [ -111.873420421221994, 41.874705560085395 ], [ -111.873377971083997, 41.874918118888594 ] ], [ [ -111.863993193881001, 41.838794536447502 ], [ -111.863928553823001, 41.846242222105303 ], [ -111.863927964005001, 41.846310117069407 ], [ -111.863993193881001, 41.838794536447502 ] ], [ [ -111.883051959279015, 41.833303127906397 ], [ -111.883343966195014, 41.8333861166522 ], [ -111.883343965829596, 41.833386119239528 ], [ -111.883051959279015, 41.833303127906397 ] ], [ [ -111.870262970680002, 41.882288121007406 ], [ -111.87035197147101, 41.881681120897092 ], [ -111.870331495268005, 41.881820774274885 ], [ -111.870262970680002, 41.882288121007406 ] ], [ [ -111.878290977320006, 41.908645123099809 ], [ -111.878256976725993, 41.908794122449976 ], [ -111.878258183477016, 41.908788830792595 ], [ -111.878290977320006, 41.908645123099809 ] ], [ [ -111.847037921898007, 41.581189833285499 ], [ -111.847037921665006, 41.581190090893394 ], [ -111.847039922291998, 41.578375090450798 ], [ -111.847037921898007, 41.581189833285499 ] ], [ [ -111.846015921383, 41.581154091221009 ], [ -111.847037921665006, 41.581190090893394 ], [ -111.847031213888002, 41.581189854783702 ], [ -111.846015921383, 41.581154091221009 ] ], [ [ -111.849522923321004, 41.589537091554405 ], [ -111.849227923981005, 41.589005091180788 ], [ -111.849243478271006, 41.589033141785997 ], [ -111.849522923321004, 41.589537091554405 ] ], [ [ -111.848706552701998, 41.665904738217698 ], [ -111.848707935006999, 41.665742099815809 ], [ -111.848704935106994, 41.666095100335397 ], [ -111.848706552701998, 41.665904738217698 ] ], [ [ -111.849269181259999, 41.643407705505602 ], [ -111.849266931540996, 41.643468097701103 ], [ -111.849273932097006, 41.643280097268082 ], [ -111.849269181259999, 41.643407705505602 ] ], [ [ -111.848007513263994, 41.726161597020585 ], [ -111.848007943475011, 41.726142106332389 ], [ -111.848001942742997, 41.726414106622997 ], [ -111.848007513263994, 41.726161597020585 ] ], [ [ -111.854563957403997, 41.8161801148119 ], [ -111.854314958366999, 41.816178114804302 ], [ -111.854563916459995, 41.816180114215896 ], [ -111.854563957403997, 41.8161801148119 ] ], [ [ -111.858593951572999, 41.765276111634201 ], [ -111.858574169177004, 41.765275697442092 ], [ -111.859116951410996, 41.765273108860193 ], [ -111.858593951572999, 41.765276111634201 ] ], [ [ -111.858581951675006, 41.764833108462994 ], [ -111.858574169177004, 41.765275697442092 ], [ -111.858573950882999, 41.7652881088108 ], [ -111.858581951675006, 41.764833108462994 ] ], [ [ -111.853931961688005, 41.846133117949087 ], [ -111.853918089217004, 41.846218206544094 ], [ -111.853916962108002, 41.84622511773469 ], [ -111.853931961688005, 41.846133117949087 ] ], [ [ -111.833610729108997, 41.794550109706321 ], [ -111.83984076344602, 41.794658502097811 ], [ -111.846243456127681, 41.794769549458444 ], [ -111.833610729108997, 41.794550109706321 ] ], [ [ -111.838697170371745, 41.828261781230026 ], [ -111.839170786016993, 41.828267440298006 ], [ -111.844138430496315, 41.828326682466269 ], [ -111.841224907780997, 41.82829196340311 ], [ -111.838697170371745, 41.828261781230026 ] ], [ [ -111.829669964952004, 41.898001126054197 ], [ -111.829213063954995, 41.899916445765591 ], [ -111.828856965273999, 41.901409125621093 ], [ -111.829669964952004, 41.898001126054197 ] ], [ [ -111.830191030660004, 41.895836686819798 ], [ -111.830547964473993, 41.894351125201709 ], [ -111.830189964618, 41.895841124936602 ], [ -111.830191030660004, 41.895836686819798 ] ], [ [ -111.831772963513998, 41.888385124739301 ], [ -111.831984839974993, 41.888394077316093 ], [ -111.831985963985005, 41.888394125014301 ], [ -111.831772963513998, 41.888385124739301 ] ], [ [ -111.826798956277997, 41.844851120565394 ], [ -111.826811777323002, 41.844851397548105 ], [ -111.827841815011453, 41.844873654607049 ], [ -111.826798956277997, 41.844851120565394 ] ], [ [ -111.827058955062, 41.834152118747191 ], [ -111.827056049646998, 41.834361334870202 ], [ -111.827055955129012, 41.83436811859 ], [ -111.827056134485019, 41.834355202413505 ], [ -111.827058955062, 41.834152118747191 ] ], [ [ -111.827119954656993, 41.831815118731399 ], [ -111.827110151493997, 41.832222947328887 ], [ -111.827109954418006, 41.8322311188412 ], [ -111.827119954656993, 41.831815118731399 ] ], [ [ -111.826541951721012, 41.81724611714619 ], [ -111.826526500737998, 41.817749516705298 ], [ -111.826522953167, 41.817865117227399 ], [ -111.826526311476002, 41.817755678752505 ], [ -111.826541951721012, 41.81724611714619 ] ], [ [ -111.826805372976011, 41.808026741937198 ], [ -111.826814951802007, 41.80772311642189 ], [ -111.826804951458996, 41.808040116562594 ], [ -111.826805372976011, 41.808026741937198 ] ], [ [ -111.829449089311012, 41.806749057773494 ], [ -111.829453951103005, 41.8067491163387 ], [ -111.828788951360011, 41.806741115720506 ], [ -111.829449089311012, 41.806749057773494 ] ], [ [ -111.829485380147005, 41.79468720894689 ], [ -111.829474426922005, 41.79698899423839 ], [ -111.829483083235999, 41.795169851316807 ], [ -111.829485380147005, 41.79468720894689 ] ], [ [ -111.829603466418007, 41.793111320293896 ], [ -111.829485380147005, 41.79468720894689 ], [ -111.829697213002007, 41.791860187265605 ], [ -111.829603466418007, 41.793111320293896 ] ], [ [ -111.830536051031004, 41.777813857278296 ], [ -111.833996948996997, 41.777805112382595 ], [ -111.828435947404998, 41.777819113130207 ], [ -111.830536051031004, 41.777813857278296 ] ], [ [ -111.829008265905998, 41.75940646761471 ], [ -111.829007944596995, 41.759397111723487 ], [ -111.829019944140001, 41.759746111568603 ], [ -111.829008265905998, 41.75940646761471 ] ], [ [ -111.823732941623007, 41.744623110224687 ], [ -111.824232832160007, 41.744629085244895 ], [ -111.824234940751012, 41.74462911064979 ], [ -111.823732941623007, 41.744623110224687 ] ], [ [ -111.819519936869, 41.721368108729706 ], [ -111.819992937473003, 41.721371108561002 ], [ -111.819991982831013, 41.721371102763591 ], [ -111.819519936869, 41.721368108729706 ] ], [ [ -111.815168935260004, 41.717622108392 ], [ -111.815187281682995, 41.7176249847791 ], [ -111.815589936075014, 41.717688108390099 ], [ -111.815191496387001, 41.717625645716495 ], [ -111.815168935260004, 41.717622108392 ] ], [ [ -111.814902935370995, 41.711741107777698 ], [ -111.815205935264999, 41.711748107961292 ], [ -111.815099145340994, 41.711745640989406 ], [ -111.814902935370995, 41.711741107777698 ] ], [ [ -111.815232935121003, 41.711751107601401 ], [ -111.815205935264999, 41.711748107961292 ], [ -111.815209513973002, 41.711748505002198 ], [ -111.815232935121003, 41.711751107601401 ] ], [ [ -111.817713931409003, 41.689513121174009 ], [ -111.817721931684005, 41.68951310478019 ], [ -111.817234932662004, 41.689514104651693 ], [ -111.817713931409003, 41.689513121174009 ] ], [ [ -111.818205865657731, 41.676281104862781 ], [ -111.818171408349997, 41.679603861275787 ], [ -111.818133424575535, 41.6832662306279 ], [ -111.818170211037994, 41.6797192403913 ], [ -111.818205865657731, 41.676281104862781 ] ], [ [ -111.821461823017003, 41.669915726903994 ], [ -111.821466929766999, 41.669726103098995 ], [ -111.821451930623994, 41.670283102672201 ], [ -111.821461823017003, 41.669915726903994 ] ], [ [ -111.821466929259998, 41.6696523630455 ], [ -111.821466929766999, 41.669726103098995 ], [ -111.821466928955005, 41.6696341029959 ], [ -111.821466929259998, 41.6696523630455 ] ], [ [ -111.821467141068993, 41.669630283378794 ], [ -111.821466928955005, 41.6696341029959 ], [ -111.821499928967, 41.669038101937694 ], [ -111.821467141068993, 41.669630283378794 ] ], [ [ -111.813943228726004, 41.67022103177051 ], [ -111.814079764235998, 41.669725884946395 ], [ -111.814067121961003, 41.669771734969395 ], [ -111.813943228726004, 41.67022103177051 ] ], [ [ -111.821616925648001, 41.634370099178902 ], [ -111.822976924648003, 41.634367098441487 ], [ -111.822937568580997, 41.634367185656203 ], [ -111.821616925648001, 41.634370099178902 ] ], [ [ -111.816397628385005, 41.590153776879291 ], [ -111.816447392564996, 41.590373008285098 ], [ -111.816463826621003, 41.590445410366605 ], [ -111.816397628385005, 41.590153776879291 ] ], [ [ -111.837267882423006, 41.590314214683801 ], [ -111.816447392564996, 41.590373008285098 ], [ -111.827720220063, 41.590341641289896 ], [ -111.837267882423006, 41.590314214683801 ] ], [ [ -111.837194921744, 41.590755092551909 ], [ -111.837267882423006, 41.590314214683801 ], [ -111.837358922071004, 41.589764091866698 ], [ -111.837194921744, 41.590755092551909 ] ], [ [ -111.837079921067996, 41.591422093147493 ], [ -111.837194921744, 41.590755092551909 ], [ -111.837192386984, 41.590769796343288 ], [ -111.837079921067996, 41.591422093147493 ] ], [ [ -111.817971297658318, 41.575777531797343 ], [ -111.818081430929993, 41.5831374198386 ], [ -111.818132990732011, 41.586582397547105 ], [ -111.817971297658318, 41.575777531797343 ] ], [ [ -111.813446808330994, 41.562747355281694 ], [ -111.813053602013994, 41.563606359775505 ], [ -111.812958785367996, 41.563813493375392 ], [ -111.813446808330994, 41.562747355281694 ] ], [ [ -111.811531911214999, 41.55852109121939 ], [ -111.811918912286998, 41.558022091015701 ], [ -111.811766122617996, 41.558219100086191 ], [ -111.811531911214999, 41.55852109121939 ] ], [ [ -111.814311194035014, 41.557175764081101 ], [ -111.822918913830009, 41.55713809061379 ], [ -111.814235912436999, 41.557176090937006 ], [ -111.814311194035014, 41.557175764081101 ] ], [ [ -111.813241907906999, 41.529521087237704 ], [ -111.813240907405003, 41.529573088036202 ], [ -111.813233908322005, 41.529738087265009 ], [ -111.813240906239997, 41.529573090746709 ], [ -111.813241907906999, 41.529521087237704 ] ], [ [ -111.813242223247002, 41.529514203432491 ], [ -111.813241907906999, 41.529521087237704 ], [ -111.813248907417005, 41.529368088421982 ], [ -111.813242223247002, 41.529514203432491 ] ], [ [ -111.813251963930995, 41.529316303668303 ], [ -111.813258907426004, 41.529220088149309 ], [ -111.813251907823997, 41.5293170877001 ], [ -111.813251963930995, 41.529316303668303 ] ], [ [ -111.813472907703016, 41.523625087681594 ], [ -111.813497912968998, 41.523645924843301 ], [ -111.813532907059994, 41.523675087046186 ], [ -111.813472907703016, 41.523625087681594 ] ], [ [ -111.832517957554998, 41.844945120346601 ], [ -111.835324333439999, 41.844981034568903 ], [ -111.835330958309001, 41.844981119686693 ], [ -111.832517957554998, 41.844945120346601 ] ], [ [ -111.818200923330195, 41.68671885605891 ], [ -111.820710900660004, 41.686743308934794 ], [ -111.823517434758003, 41.686770587513593 ], [ -111.818200923330195, 41.686718856058917 ], [ -111.818200923330195, 41.68671885605891 ] ], [ [ -111.837234977329999, 41.976069133396102 ], [ -111.835903978291, 41.976082132876087 ], [ -111.837228984096001, 41.976069191516096 ], [ -111.837234977329999, 41.976069133396102 ] ], [ [ -111.837104786700294, 41.961500139038002 ], [ -111.837105972055014, 41.961500135273894 ], [ -111.837106976019001, 41.961500132456585 ], [ -111.837104786700294, 41.961500139038002 ] ], [ [ -111.843937971731009, 41.923867126910601 ], [ -111.840264970088, 41.923304127561906 ], [ -111.840545363871016, 41.923347110474097 ], [ -111.843937971731009, 41.923867126910601 ] ], [ [ -111.851762972276006, 41.918788126151583 ], [ -111.852001973323397, 41.918302127764548 ], [ -111.852001973575, 41.918302128177892 ], [ -111.851762972276006, 41.918788126151583 ] ], [ [ -111.834150946052006, 41.768698110837697 ], [ -111.834153947581996, 41.768492110610403 ], [ -111.834151828133997, 41.768637576106286 ], [ -111.834150946052006, 41.768698110837697 ] ], [ [ -111.834442945082003, 41.755118110634093 ], [ -111.83445393385, 41.754367849596107 ], [ -111.834453944730996, 41.754367110947584 ], [ -111.834442945082003, 41.755118110634093 ] ], [ [ -111.835508943920999, 41.750162110309894 ], [ -111.835759958362004, 41.750164048664189 ], [ -111.835767945518995, 41.750164110356401 ], [ -111.835508943920999, 41.750162110309894 ] ], [ [ -111.835125941083007, 41.725950107302801 ], [ -111.835139940483998, 41.7255661069563 ], [ -111.835126064462003, 41.725946729685894 ], [ -111.835125941083007, 41.725950107302801 ] ], [ [ -111.835199941054995, 41.724032107285502 ], [ -111.835200083749015, 41.724025487009897 ], [ -111.835207940504006, 41.723661106975996 ], [ -111.835199941054995, 41.724032107285502 ] ], [ [ -111.830982934505016, 41.691172104076401 ], [ -111.830649003309006, 41.691170289419503 ], [ -111.830472987227523, 41.691169332093175 ], [ -111.830581456600001, 41.691169921960103 ], [ -111.830982934505016, 41.691172104076401 ] ], [ [ -111.823449933096015, 41.689591104768887 ], [ -111.823453932459003, 41.689399104390183 ], [ -111.823453879620999, 41.689401651061395 ], [ -111.823449933096015, 41.689591104768887 ] ], [ [ -111.826313933761, 41.686829103445113 ], [ -111.826314922278996, 41.686797710365617 ], [ -111.826324933430001, 41.686480104678196 ], [ -111.826313933761, 41.686829103445113 ] ], [ [ -111.827697931284007, 41.6689291016067 ], [ -111.827448475051995, 41.668827729866294 ], [ -111.827446931820006, 41.668827102375005 ], [ -111.827697931284007, 41.6689291016067 ] ], [ [ -111.823001915297993, 41.568446091596591 ], [ -111.822976529036083, 41.563617755162603 ], [ -111.822990770065999, 41.566326330001793 ], [ -111.823001915297993, 41.568446091596591 ] ], [ [ -111.823461914925019, 41.560108090743093 ], [ -111.823607914308994, 41.559800090655088 ], [ -111.823486921967003, 41.560055336343602 ], [ -111.823461914925019, 41.560108090743093 ] ], [ [ -111.830141942227002, 41.541862149069601 ], [ -111.830320912271006, 41.542042087742395 ], [ -111.830135913389995, 41.541856088363893 ], [ -111.830141942227002, 41.541862149069601 ] ], [ [ -111.836252943557994, 41.742677108652693 ], [ -111.837240943186004, 41.742702108870382 ], [ -111.837240581078007, 41.742702099800006 ], [ -111.836252943557994, 41.742677108652693 ] ], [ [ -111.833547417668001, 41.680276994051191 ], [ -111.833606933599, 41.681196102929285 ], [ -111.833536933832008, 41.680115103338103 ], [ -111.833547417668001, 41.680276994051191 ] ], [ [ -111.833832929935994, 41.651226099902892 ], [ -111.832775184676009, 41.651221100954402 ], [ -111.832774930057994, 41.651221099196405 ], [ -111.833832929935994, 41.651226099902892 ] ], [ [ -111.838730919548013, 41.579266091482296 ], [ -111.838724920757002, 41.57936309159399 ], [ -111.838727473177997, 41.579321812729802 ], [ -111.838730919548013, 41.579266091482296 ] ], [ [ -111.829865280967994, 41.57281509697291 ], [ -111.830425917350993, 41.572824091515493 ], [ -111.829864917459005, 41.572815091490199 ], [ -111.829865280967994, 41.57281509697291 ] ], [ [ -111.830028676943002, 41.566488190545392 ], [ -111.829947632541021, 41.5664869227897 ], [ -111.824469915281995, 41.566401091052995 ], [ -111.830028676943002, 41.566488190545392 ] ], [ [ -111.830193533580996, 41.561118120586698 ], [ -111.830190916429004, 41.561173089976691 ], [ -111.830196915350996, 41.561047090262697 ], [ -111.830193533580996, 41.561118120586698 ] ], [ [ -111.829895915636996, 41.555298088984088 ], [ -111.829890914106002, 41.555370089431399 ], [ -111.829891634079999, 41.5553597222912 ], [ -111.829895915636996, 41.555298088984088 ] ], [ [ -111.829958914922003, 41.553320088821899 ], [ -111.829958784802997, 41.553319384493008 ], [ -111.829876914096999, 41.552875088997091 ], [ -111.829943059190001, 41.553234042557499 ], [ -111.829958914922003, 41.553320088821899 ] ], [ [ -111.837472917534001, 41.558950089522902 ], [ -111.838632409580995, 41.56119479856649 ], [ -111.837936692056005, 41.559847951229905 ], [ -111.837472917534001, 41.558950089522902 ] ], [ [ -111.835019929308999, 41.646053098671487 ], [ -111.834292405539003, 41.6469497290189 ], [ -111.834236928427998, 41.647018099342205 ], [ -111.835019929308999, 41.646053098671487 ] ], [ [ -111.840727942493999, 41.729555108165989 ], [ -111.840233797709999, 41.729543548621393 ], [ -111.840214942255002, 41.729543107352292 ], [ -111.840727942493999, 41.729555108165989 ] ], [ [ -111.839254936808004, 41.700187104377896 ], [ -111.839265938891018, 41.700157104483097 ], [ -111.839260976996002, 41.700170635049787 ], [ -111.839254936808004, 41.700187104377896 ] ], [ [ -111.839221937611995, 41.700283104485592 ], [ -111.839155936490002, 41.700338106903601 ], [ -111.838950937218996, 41.70024510466299 ], [ -111.839155937656002, 41.700338104192994 ], [ -111.839221937611995, 41.700283104485592 ] ], [ [ -111.837675936468003, 41.693142103707793 ], [ -111.837592937083002, 41.692937103200499 ], [ -111.839719937184995, 41.693106103537701 ], [ -111.837675936468003, 41.693142103707793 ] ], [ [ -111.837369941237, 41.720830107048585 ], [ -111.837901941081995, 41.720760106777796 ], [ -111.837879059954005, 41.720763118033993 ], [ -111.837369941237, 41.720830107048585 ] ], [ [ -111.839964947596997, 41.739164009466094 ], [ -111.839667943243001, 41.739158108281202 ], [ -111.839965801596918, 41.739164026313958 ], [ -111.839964947596997, 41.739164009466094 ] ], [ [ -111.839912882042, 41.741024109670803 ], [ -111.839912939756005, 41.741024201119885 ], [ -111.839912506337001, 41.741023517957494 ], [ -111.839912882042, 41.741024109670803 ] ], [ [ -111.839255945838005, 41.756501110211993 ], [ -111.839264945934005, 41.756204109939802 ], [ -111.839279946274019, 41.755751110622093 ], [ -111.839264945945004, 41.756204110840514 ], [ -111.839255945838005, 41.756501110211993 ] ], [ [ -111.839540945687006, 41.746532109988998 ], [ -111.839542223815002, 41.746470049927389 ], [ -111.839542944827997, 41.746435109377892 ], [ -111.839540945687006, 41.746532109988998 ] ], [ [ -111.839032948280007, 41.767917110514702 ], [ -111.838942947695017, 41.769900111098991 ], [ -111.83899624102402, 41.768725885905496 ], [ -111.839032948280007, 41.767917110514702 ] ], [ [ -111.838758681168002, 41.78349445614819 ], [ -111.838642556715001, 41.78113703869429 ], [ -111.838738873663004, 41.783092360730095 ], [ -111.838758681168002, 41.78349445614819 ] ], [ [ -111.838620948322998, 41.777806112179093 ], [ -111.838738949437996, 41.777811111521594 ], [ -111.838715936018005, 41.777810136561094 ], [ -111.838620948322998, 41.777806112179093 ] ], [ [ -111.840263950256997, 41.787654112601203 ], [ -111.840236115815998, 41.787654243235401 ], [ -111.839834950696996, 41.787656113022599 ], [ -111.840263950256997, 41.787654112601203 ] ], [ [ -111.839338950541006, 41.787652112828198 ], [ -111.839061415401005, 41.787653739465803 ], [ -111.838826951371999, 41.787655113086203 ], [ -111.839338950541006, 41.787652112828198 ] ], [ [ -111.838753950192995, 41.787650113178302 ], [ -111.838219950032993, 41.787655113273807 ], [ -111.838623449132996, 41.787651335237086 ], [ -111.838753950192995, 41.787650113178302 ] ], [ [ -111.839360955931994, 41.823508116847798 ], [ -111.839145955269004, 41.823500117114101 ], [ -111.839321921730004, 41.8235066637668 ], [ -111.839360955931994, 41.823508116847798 ] ], [ [ -111.839823633144007, 41.808763478214956 ], [ -111.839823633196488, 41.808763476627668 ], [ -111.839823633196488, 41.808763476627668 ], [ -111.839823633144007, 41.808763478214956 ] ], [ [ -111.837414953063998, 41.808726115331396 ], [ -111.836995953349998, 41.808726114941599 ], [ -111.837409526063993, 41.808726115265088 ], [ -111.837414953063998, 41.808726115331396 ] ], [ [ -111.836997361998002, 41.800604637682497 ], [ -111.836733483058794, 41.799330494052413 ], [ -111.836733483058794, 41.799330494052413 ], [ -111.836997361998002, 41.800604637682497 ] ], [ [ -111.835004695580309, 41.852636500562426 ], [ -111.835004695580309, 41.852636500562426 ], [ -111.834849958549, 41.847845120178498 ], [ -111.835004695580309, 41.852636500562426 ] ], [ [ -111.838385957003993, 41.832435117549601 ], [ -111.838387822903996, 41.8324351507652 ], [ -111.838941958076006, 41.832445117420797 ], [ -111.838385957003993, 41.832435117549601 ] ], [ [ -111.840935959619003, 41.84295411849299 ], [ -111.841188959478004, 41.842959119073697 ], [ -111.840949846295004, 41.842954393300985 ], [ -111.840935959619003, 41.84295411849299 ] ], [ [ -111.83785034253502, 41.863793820076296 ], [ -111.837839961699004, 41.863793121226692 ], [ -111.837943960602004, 41.863800121800303 ], [ -111.83785034253502, 41.863793820076296 ] ], [ [ -111.825790902568997, 41.721434591691697 ], [ -111.825779937500997, 41.721581108072108 ], [ -111.825790880968, 41.721434876467995 ], [ -111.825790902568997, 41.721434591691697 ] ], [ [ -111.829012938275014, 41.719561107538098 ], [ -111.828995222718007, 41.719560918300907 ], [ -111.826114937669004, 41.719530107567394 ], [ -111.829012938275014, 41.719561107538098 ] ], [ [ -111.831236938358998, 41.71928510684009 ], [ -111.831453768542005, 41.719275114751603 ], [ -111.831670938675998, 41.719265107183695 ], [ -111.831390967459001, 41.719278009148802 ], [ -111.831236938358998, 41.71928510684009 ] ], [ [ -111.825288704686997, 41.717521239367699 ], [ -111.826100937228006, 41.717524107312897 ], [ -111.82271293766, 41.717512107999909 ], [ -111.825288704686997, 41.717521239367699 ] ], [ [ -111.825451936885997, 41.715258106794892 ], [ -111.825246705433003, 41.715204029264392 ], [ -111.825063876634999, 41.715155854032901 ], [ -111.825451936885997, 41.715258106794892 ] ], [ [ -111.828668937526999, 41.713963106205995 ], [ -111.828666681789997, 41.713962683831795 ], [ -111.828508937601001, 41.713933106481406 ], [ -111.828668937526999, 41.713963106205995 ] ], [ [ -111.827792332553997, 41.713663944512199 ], [ -111.827919937269996, 41.71371910734819 ], [ -111.827727937977016, 41.713636107454398 ], [ -111.827792332553997, 41.713663944512199 ] ], [ [ -111.823047934809011, 41.702023106004297 ], [ -111.823035934968999, 41.702450106193702 ], [ -111.823039232715004, 41.702332754320203 ], [ -111.823047934809011, 41.702023106004297 ] ], [ [ -111.830332263800003, 41.714032484713599 ], [ -111.830018938131019, 41.714017107225793 ], [ -111.830344938232997, 41.714033106483505 ], [ -111.830332263800003, 41.714032484713599 ] ], [ [ -111.832641470922994, 41.723953756378606 ], [ -111.832554301569502, 41.725894094867868 ], [ -111.832684940459998, 41.722986107395698 ], [ -111.832641470922994, 41.723953756378606 ] ], [ [ -111.829140798525998, 41.754264112191194 ], [ -111.829131943833019, 41.754569111677299 ], [ -111.829140943457006, 41.754259111388997 ], [ -111.829140798525998, 41.754264112191194 ] ], [ [ -111.820197304496006, 41.715502308033003 ], [ -111.820200936106005, 41.715445107419391 ], [ -111.820196937055997, 41.715508107566698 ], [ -111.820197304496006, 41.715502308033003 ] ], [ [ -111.832871580654, 41.830274603726103 ], [ -111.832861956439999, 41.830671118080403 ], [ -111.832871955550004, 41.830259118268792 ], [ -111.832871580654, 41.830274603726103 ] ], [ [ -111.833091953342006, 41.819469117025101 ], [ -111.833076954462015, 41.820315117151587 ], [ -111.833077239401007, 41.820299013549693 ], [ -111.833091953342006, 41.819469117025101 ] ], [ [ -111.832587955604012, 41.840691164200095 ], [ -111.832587957428998, 41.840691119152801 ], [ -111.832574957233007, 41.841089119060996 ], [ -111.832587955604012, 41.840691164200095 ] ], [ [ -111.829170384278996, 41.922965017724401 ], [ -111.829176968092995, 41.922965128696788 ], [ -111.828580968336993, 41.92295512767889 ], [ -111.829170384278996, 41.922965017724401 ] ], [ [ -111.819201926720993, 41.652750101035302 ], [ -111.819399925715999, 41.652525100863791 ], [ -111.81934743527701, 41.652584749923399 ], [ -111.819201926720993, 41.652750101035302 ] ], [ [ -111.821708430571007, 41.84026065538599 ], [ -111.821649954175996, 41.840346119692001 ], [ -111.821714954736009, 41.840251120028789 ], [ -111.821708430571007, 41.84026065538599 ] ], [ [ -111.820819953821001, 41.836540119814003 ], [ -111.820691498122002, 41.836540119953206 ], [ -111.820686953980001, 41.836540119097492 ], [ -111.820819953821001, 41.836540119814003 ] ], [ [ -111.820011937486001, 41.833719303074091 ], [ -111.820009953623995, 41.833483119503192 ], [ -111.820011953448002, 41.83372111963709 ], [ -111.820011937486001, 41.833719303074091 ] ], [ [ -111.819122948135998, 41.799083115296291 ], [ -111.819280225838995, 41.799081328080803 ], [ -111.819298947579995, 41.799081116194692 ], [ -111.819122948135998, 41.799083115296291 ] ], [ [ -111.819378971842994, 41.795108179251898 ], [ -111.819367947212001, 41.795108115579296 ], [ -111.819892947504997, 41.79511111585699 ], [ -111.819378971842994, 41.795108179251898 ] ], [ [ -111.804716943561004, 41.792693117004703 ], [ -111.804715944401011, 41.79257811677509 ], [ -111.804716931024998, 41.7926916336571 ], [ -111.804716943561004, 41.792693117004703 ] ], [ [ -111.804723942962994, 41.7876151158505 ], [ -111.804708943523011, 41.786638116103909 ], [ -111.804723932320996, 41.787614361146694 ], [ -111.804723942962994, 41.7876151158505 ] ], [ [ -111.804700942330001, 41.785067114907697 ], [ -111.804700998431002, 41.785078241646097 ], [ -111.804701943832001, 41.785267115237801 ], [ -111.804700942330001, 41.785067114907697 ] ], [ [ -111.804609940603001, 41.769323114007399 ], [ -111.804609886975015, 41.769320555514192 ], [ -111.804609814201058, 41.769317077080814 ], [ -111.804609940603001, 41.769323114007399 ] ], [ [ -111.810105933765001, 41.711680107242699 ], [ -111.810012933742001, 41.711671107315098 ], [ -111.810602933827994, 41.711676107924802 ], [ -111.810105933765001, 41.711680107242699 ] ], [ [ -111.808515929194996, 41.682869104929601 ], [ -111.808524717026017, 41.682842038130907 ], [ -111.808540929873999, 41.6827921051053 ], [ -111.808515929194996, 41.682869104929601 ] ], [ [ -111.802405059723, 41.682938573699289 ], [ -111.797196211455997, 41.683020486945217 ], [ -111.803671867817002, 41.682918616151703 ], [ -111.802405059723, 41.682938573699289 ] ], [ [ -111.803614926936007, 41.674166104649103 ], [ -111.803616879795996, 41.673921815457 ], [ -111.803627926618006, 41.672540104617184 ], [ -111.803614926936007, 41.674166104649103 ] ], [ [ -111.8216869102, 41.80513113602791 ], [ -111.821685949327005, 41.805131116781197 ], [ -111.822187950419007, 41.805141116150196 ], [ -111.8216869102, 41.80513113602791 ] ], [ [ -111.822160939949995, 41.738846110107389 ], [ -111.821889939870999, 41.738843110403415 ], [ -111.821451939507995, 41.738836110699502 ], [ -111.821889941061997, 41.738843109494191 ], [ -111.822160939949995, 41.738846110107389 ] ], [ [ -111.822985945446007, 41.772101112393806 ], [ -111.823270401033, 41.772108905372399 ], [ -111.823277945181999, 41.772109112511004 ], [ -111.822985945446007, 41.772101112393806 ] ], [ [ -111.821993073311191, 41.795123488092329 ], [ -111.821994947294996, 41.795099114947405 ], [ -111.821994948495487, 41.795099114971514 ], [ -111.821993073311191, 41.795123488092329 ] ], [ [ -111.821504950759007, 41.812617117780199 ], [ -111.821526219868005, 41.81261790508119 ], [ -111.821639950247999, 41.8126221165533 ], [ -111.821504950759007, 41.812617117780199 ] ], [ [ -111.824875649448998, 41.852794645860591 ], [ -111.826401956886997, 41.852766120975794 ], [ -111.818148956491996, 41.852920121819707 ], [ -111.824875649448998, 41.852794645860591 ] ], [ [ -111.808557928461994, 41.678155104689701 ], [ -111.808555930314995, 41.678126104274099 ], [ -111.808544927707018, 41.677966104434496 ], [ -111.808557928461994, 41.678155104689701 ] ], [ [ -111.813876322661002, 41.759734141941102 ], [ -111.813874941646006, 41.759445112628399 ], [ -111.813880941939999, 41.760700112724898 ], [ -111.813876322661002, 41.759734141941102 ] ], [ [ -111.813582942916995, 41.769848112744299 ], [ -111.813600511735004, 41.769322017995293 ], [ -111.813600943004005, 41.769309112517099 ], [ -111.813582942916995, 41.769848112744299 ] ], [ [ -111.813151571793, 41.785339980400011 ], [ -111.81315139103144, 41.785348378694103 ], [ -111.813154944833997, 41.785183114813798 ], [ -111.813151571793, 41.785339980400011 ] ], [ [ -111.812873945955005, 41.792224115909299 ], [ -111.812886448783019, 41.791732818513218 ], [ -111.812890946354003, 41.791556115570195 ], [ -111.812873945955005, 41.792224115909299 ] ], [ [ -111.819566036771931, 41.910686428928727 ], [ -111.819461964805996, 41.9106871278996 ], [ -111.819547897790997, 41.910686550623403 ], [ -111.819566036771931, 41.910686428928727 ] ], [ [ -111.814864371160994, 41.895572829949089 ], [ -111.814858961300004, 41.895854126979891 ], [ -111.814877961395993, 41.894866126459597 ], [ -111.814864371160994, 41.895572829949089 ] ], [ [ -111.807848921738, 41.634335100603593 ], [ -111.807723922294997, 41.634061100110401 ], [ -111.807808838450001, 41.634247237555293 ], [ -111.807848921738, 41.634335100603593 ] ], [ [ -111.814261198905996, 41.7990151222956 ], [ -111.814259946999002, 41.799015115857905 ], [ -111.814862947302004, 41.7990181157545 ], [ -111.814261198905996, 41.7990151222956 ] ], [ [ -111.803491952667997, 41.85074812286669 ], [ -111.803483871051, 41.850753446584491 ], [ -111.803365953823999, 41.85083112202161 ], [ -111.803491952667997, 41.85074812286669 ] ], [ [ -111.806275573340002, 41.83897705394849 ], [ -111.806280951209018, 41.838985121435599 ], [ -111.806164952478994, 41.838811121366192 ], [ -111.806275573340002, 41.83897705394849 ] ], [ [ -111.808382598248997, 41.837672356629803 ], [ -111.808375951550005, 41.838684120912298 ], [ -111.808393951016001, 41.835944120999599 ], [ -111.808382598248997, 41.837672356629803 ] ], [ [ -111.805596951782007, 41.836786121423891 ], [ -111.805608902779994, 41.836810022776703 ], [ -111.805610951052003, 41.836814120926689 ], [ -111.805596951782007, 41.836786121423891 ] ], [ [ -111.805541950410017, 41.836130121213003 ], [ -111.805539948876998, 41.835708130274902 ], [ -111.805539951376019, 41.835689121348089 ], [ -111.805539951162004, 41.835708120351413 ], [ -111.805541950410017, 41.836130121213003 ] ], [ [ -111.809705236325001, 41.810937066118385 ], [ -111.809704947195996, 41.81095511791311 ], [ -111.809710948228002, 41.810579117364199 ], [ -111.809705236325001, 41.810937066118385 ] ], [ [ -111.809597947723006, 41.800967116543497 ], [ -111.809599947272005, 41.801105116672709 ], [ -111.809597976377006, 41.8009691059613 ], [ -111.809597947723006, 41.800967116543497 ] ], [ [ -111.818110954768997, 41.838620120136895 ], [ -111.817947952856002, 41.838642120154311 ], [ -111.818018152294002, 41.838632644909602 ], [ -111.818110954768997, 41.838620120136895 ] ], [ [ -111.811137953078003, 41.841719120892591 ], [ -111.811069952432007, 41.841718120393402 ], [ -111.811090804629004, 41.841718427082803 ], [ -111.811137953078003, 41.841719120892591 ] ], [ [ -111.810441950078996, 41.823941118910277 ], [ -111.810536950707004, 41.823955118915705 ], [ -111.810444613786004, 41.823941511728592 ], [ -111.810441950078996, 41.823941118910277 ] ], [ [ -111.810396951122001, 41.829687120257304 ], [ -111.809713062556, 41.829670271175608 ], [ -111.809706950278994, 41.8296701206175 ], [ -111.809720374638005, 41.829670451103908 ], [ -111.810396951122001, 41.829687120257304 ] ], [ [ -111.807896957677997, 41.881904131359093 ], [ -111.807758958717997, 41.881878125083901 ], [ -111.808101958283004, 41.881924125046083 ], [ -111.807896957677997, 41.881904131359093 ] ], [ [ -111.807060420954997, 41.940073006164198 ], [ -111.807152967131003, 41.940064132501099 ], [ -111.807036775791474, 41.940075273561703 ], [ -111.807060420954997, 41.940073006164198 ] ], [ [ -111.808695965138, 41.922626129626991 ], [ -111.808681007479009, 41.922625680162895 ], [ -111.808562964032006, 41.922622129728893 ], [ -111.808695965138, 41.922626129626991 ] ], [ [ -111.809508473864994, 41.910588469396593 ], [ -111.81463962867501, 41.910634119947602 ], [ -111.801655128453007, 41.910518160394197 ], [ -111.809508473864994, 41.910588469396593 ] ], [ [ -111.801648961263993, 41.910098128542707 ], [ -111.801655128453007, 41.910518160394197 ], [ -111.801657961421, 41.910711130152492 ], [ -111.801648961263993, 41.910098128542707 ] ], [ [ -111.801652365097993, 41.91107208530029 ], [ -111.801657961421, 41.910711130152492 ], [ -111.801651961492993, 41.911098130125303 ], [ -111.801652365097993, 41.91107208530029 ] ], [ [ -111.810690963043001, 41.9038601279075 ], [ -111.809689133212004, 41.90385913728651 ], [ -111.809679961743996, 41.903859128101892 ], [ -111.810690963043001, 41.9038601279075 ] ], [ [ -111.814462964647007, 41.918376128801398 ], [ -111.814460965449996, 41.918503129312398 ], [ -111.814461289465996, 41.918482520590892 ], [ -111.814462964647007, 41.918376128801398 ] ], [ [ -111.814188047946004, 41.925946317995994 ], [ -111.814176965602996, 41.926383129872804 ], [ -111.814188965142009, 41.925910130733307 ], [ -111.814188047946004, 41.925946317995994 ] ], [ [ -111.735363905132999, 41.624012104879199 ], [ -111.735233904740994, 41.623991104846382 ], [ -111.734759905492993, 41.623796104764402 ], [ -111.735233905941001, 41.623991104838709 ], [ -111.735363905132999, 41.624012104879199 ] ], [ [ -111.765586898165708, 41.518823094806109 ], [ -111.765586896480997, 41.518823093490695 ], [ -111.767696278271998, 41.517054361916301 ], [ -111.765586898165708, 41.518823094806109 ] ], [ [ -111.799955937947004, 41.758447113359694 ], [ -111.800001938446002, 41.758446113937197 ], [ -111.799959911325004, 41.758447027148897 ], [ -111.799955937947004, 41.758447113359694 ] ], [ [ -111.799697620176005, 41.758447580440809 ], [ -111.799847938539003, 41.758447113200098 ], [ -111.799525937563999, 41.758448114197193 ], [ -111.799697620176005, 41.758447580440809 ] ], [ [ -111.784854107970006, 41.7476952098311 ], [ -111.784890933746993, 41.749975114194996 ], [ -111.784809933660014, 41.744960113555095 ], [ -111.784854107970006, 41.7476952098311 ] ], [ [ -111.794803927654996, 41.692743107422999 ], [ -111.794803927615007, 41.692735685613599 ], [ -111.794803927805006, 41.692674107108608 ], [ -111.794803927654996, 41.692743107422999 ] ], [ [ -111.801677938360015, 41.749340113046799 ], [ -111.801322938186999, 41.74934311280979 ], [ -111.801324117959993, 41.749343102780202 ], [ -111.801677938360015, 41.749340113046799 ] ], [ [ -111.799681938136004, 41.7511831131024 ], [ -111.799708578893998, 41.753147117283902 ], [ -111.799730609885003, 41.754771175516993 ], [ -111.799681938136004, 41.7511831131024 ] ], [ [ -111.805607783365005, 41.823945134084994 ], [ -111.805608155066395, 41.823945130614462 ], [ -111.805523245377003, 41.823946116072491 ], [ -111.805607783365005, 41.823945134084994 ] ], [ [ -111.797483950203002, 41.839497122445088 ], [ -111.794925948732015, 41.834906121677797 ], [ -111.795410848478994, 41.835776456059577 ], [ -111.797483950203002, 41.839497122445088 ] ], [ [ -111.775415934397998, 41.760547115844183 ], [ -111.775471491346011, 41.762289223513591 ], [ -111.775471934102001, 41.762303115543993 ], [ -111.775415934397998, 41.760547115844183 ] ], [ [ -111.789176384455999, 41.758455292381193 ], [ -111.789240532638004, 41.758791341495403 ], [ -111.789148336610012, 41.758308362799191 ], [ -111.789176384455999, 41.758455292381193 ] ], [ [ -111.794672937735001, 41.76218471318569 ], [ -111.78733985281238, 41.762225001632004 ], [ -111.789460331770002, 41.762213398228809 ], [ -111.794672937735001, 41.76218471318569 ] ], [ [ -111.794672937773996, 41.762426114579497 ], [ -111.794672937735001, 41.76218471318569 ], [ -111.794672938120002, 41.762178114696191 ], [ -111.794672937773996, 41.762426114579497 ] ], [ [ -111.794722960784, 41.769343265251898 ], [ -111.794723938668, 41.768989114897899 ], [ -111.794722941797716, 41.769350355808804 ], [ -111.794722960784, 41.769343265251898 ] ], [ [ -111.803169945867012, 41.801593117230794 ], [ -111.802763888531004, 41.801416407945695 ], [ -111.802737944593005, 41.8014051180838 ], [ -111.802752414902997, 41.8014114145505 ], [ -111.803169945867012, 41.801593117230794 ] ], [ [ -111.802266944517001, 41.814142121429391 ], [ -111.802332943354003, 41.814123120728524 ], [ -111.802435945615997, 41.814106122219101 ], [ -111.802444946714004, 41.814104119260897 ], [ -111.802004946897014, 41.814253118674898 ], [ -111.802266944517001, 41.814142121429391 ] ], [ [ -111.80560894529404, 41.823945121442833 ], [ -111.805530940813, 41.823823133072302 ], [ -111.805608947614999, 41.823945121415889 ], [ -111.80560894529404, 41.823945121442833 ] ], [ [ -111.800308961837004, 41.922505130507105 ], [ -111.800245466026993, 41.922506092747703 ], [ -111.800242962840997, 41.922506130008387 ], [ -111.800308961837004, 41.922505130507105 ] ], [ [ -111.799968964117994, 41.932841131944095 ], [ -111.800245466026993, 41.922506092747703 ], [ -111.800075726044, 41.928850999868601 ], [ -111.799968964117994, 41.932841131944095 ] ], [ [ -111.796911961597999, 41.922476130642792 ], [ -111.796786962341002, 41.922599130725693 ], [ -111.796910486634005, 41.9224775819511 ], [ -111.796911961597999, 41.922476130642792 ] ], [ [ -111.792678068471005, 41.922424993719098 ], [ -111.796910486634005, 41.9224775819511 ], [ -111.792560881851003, 41.922423535686193 ], [ -111.792678068471005, 41.922424993719098 ] ], [ [ -111.771251958958999, 41.929796134111392 ], [ -111.769701843175, 41.929219883420608 ], [ -111.767001956971001, 41.928216133372203 ], [ -111.771251958958999, 41.929796134111392 ] ], [ [ -111.801600962257012, 41.914232129401498 ], [ -111.801609961807998, 41.914193130578703 ], [ -111.801609125696004, 41.914196755310691 ], [ -111.801600962257012, 41.914232129401498 ] ], [ [ -111.801134962017002, 41.915190130393803 ], [ -111.801304818240993, 41.914849556266901 ], [ -111.801528961729005, 41.914400129756501 ], [ -111.801134962017002, 41.915190130393803 ] ], [ [ -111.800372374747994, 41.9183993590322 ], [ -111.800357961908006, 41.9187571308969 ], [ -111.800374961985, 41.918335130424005 ], [ -111.800372374747994, 41.9183993590322 ] ], [ [ -111.778918229219997, 41.947073222918696 ], [ -111.778900494666999, 41.947097044265909 ], [ -111.77593803399202, 41.951075917240502 ], [ -111.778918229219997, 41.947073222918696 ] ], [ [ -111.794147962939007, 41.928830131875401 ], [ -111.794161294202993, 41.928814577889099 ], [ -111.794321962127, 41.928627131648391 ], [ -111.794147962939007, 41.928830131875401 ] ], [ [ -111.797881646083994, 41.976095026951604 ], [ -111.797727970341001, 41.976096136371396 ], [ -111.799663970660006, 41.976082136367097 ], [ -111.797881646083994, 41.976095026951604 ] ], [ [ -111.797343962371997, 41.957130141737103 ], [ -111.797605967528995, 41.957137134774499 ], [ -111.796929967736006, 41.957133135129283 ], [ -111.797343962371997, 41.957130141737103 ] ], [ [ -111.773126965895003, 41.970639137605794 ], [ -111.773318920315006, 41.97046209841789 ], [ -111.773422965162993, 41.970366138015301 ], [ -111.773126965895003, 41.970639137605794 ] ], [ [ -111.800825959177999, 41.956903721281087 ], [ -111.800940968372998, 41.956885134466098 ], [ -111.800742967453004, 41.956917133720793 ], [ -111.800825959177999, 41.956903721281087 ] ] ] } },
{ "type": "Feature", "properties": { "name": "Davis County" }, "geometry": { "type": "Polygon", "coordinates": [ [ [ -112.258690769488013, 40.770146589943103 ], [ -112.148282455306003, 40.846138856784499 ], [ -112.006550864155003, 40.921866094411101 ], [ -111.958683589532001, 40.921828101035508 ], [ -111.959277957842005, 40.896333553363995 ], [ -111.961755913269002, 40.893366596637186 ], [ -111.966159081987996, 40.891658766659091 ], [ -111.966305998665007, 40.888808413919499 ], [ -111.969259617269998, 40.8854212162557 ], [ -111.967568063360005, 40.880065970328701 ], [ -111.971081004533005, 40.876651147675403 ], [ -111.969366671060001, 40.872144418986899 ], [ -111.963586730269, 40.87156326584519 ], [ -111.962904308627998, 40.870010987063509 ], [ -111.963976108769998, 40.866319816483397 ], [ -111.962663916674998, 40.863605776317286 ], [ -111.966462580211001, 40.85787393558499 ], [ -111.966055445221016, 40.854962807985395 ], [ -111.961611110375998, 40.854239645833303 ], [ -111.964506720163996, 40.853451116874496 ], [ -111.959674980992006, 40.852157290467098 ], [ -111.958910592611005, 40.849251898143301 ], [ -111.963226955832994, 40.848511396692707 ], [ -111.955984049047998, 40.849217455539304 ], [ -111.952943039673997, 40.844687482790391 ], [ -111.949794859131998, 40.843131588470897 ], [ -111.951634750376002, 40.841578437525889 ], [ -111.944299110621003, 40.834160288481094 ], [ -111.942885438936997, 40.830500509569603 ], [ -111.946301381639998, 40.821796706022511 ], [ -111.905676771855994, 40.8218290182526 ], [ -111.905681147254995, 40.819884079178493 ], [ -111.900919163471997, 40.819887943291903 ], [ -111.900918085013998, 40.8218325856622 ], [ -111.870514283380999, 40.821747201215786 ], [ -111.868696785595006, 40.824139110235791 ], [ -111.858268911048995, 40.824284721779684 ], [ -111.853666626362994, 40.829286080841101 ], [ -111.846265502623993, 40.829697340546097 ], [ -111.844073995244003, 40.83223573791399 ], [ -111.835706007661017, 40.830768841560797 ], [ -111.829260786044003, 40.832248584375485 ], [ -111.828135456726997, 40.833789890677998 ], [ -111.821779086427995, 40.834338012245496 ], [ -111.817280902627004, 40.838437242898287 ], [ -111.81262780962301, 40.840096122632495 ], [ -111.804398555925999, 40.838356631981803 ], [ -111.789236310828002, 40.845559951212408 ], [ -111.781755338033008, 40.843908311706997 ], [ -111.77854262404, 40.84458314627939 ], [ -111.774894889398993, 40.847634515544399 ], [ -111.76851472591801, 40.848330304014297 ], [ -111.760157453115994, 40.85302498275 ], [ -111.752304168254, 40.853080972992998 ], [ -111.747274448378008, 40.859996047942793 ], [ -111.738916630684997, 40.861171430266801 ], [ -111.739232346653012, 40.862354005021096 ], [ -111.739564188496004, 40.862851841035308 ], [ -111.740254529593997, 40.865067969416906 ], [ -111.740308592389994, 40.865234276765499 ], [ -111.740542824810007, 40.865489510901909 ], [ -111.740960871582004, 40.865734555550496 ], [ -111.742443241074, 40.866715940789902 ], [ -111.743897416192993, 40.868355097101897 ], [ -111.744013635751998, 40.869196626821406 ], [ -111.744081419479002, 40.869421397920199 ], [ -111.744326135096003, 40.869550439825993 ], [ -111.744617710363002, 40.869625128702893 ], [ -111.745316418602997, 40.870025990909596 ], [ -111.745830350377005, 40.8703514729755 ], [ -111.746370396714994, 40.8708884795237 ], [ -111.746478002356994, 40.870959849810099 ], [ -111.748856126519996, 40.871376834164195 ], [ -111.750985696038001, 40.871849437961295 ], [ -111.751389968791003, 40.871918871654394 ], [ -111.751557168277998, 40.872012369752497 ], [ -111.751994472109004, 40.872378860889498 ], [ -111.752386984549005, 40.872457376072695 ], [ -111.753948964168003, 40.87258230131981 ], [ -111.754163686203, 40.872679989127803 ], [ -111.754687696613999, 40.872842314841193 ], [ -111.755113921776001, 40.8728584426864 ], [ -111.757076154144002, 40.872593346478403 ], [ -111.758519511501007, 40.872201910491498 ], [ -111.759148433622002, 40.87219777276821 ], [ -111.759760575372994, 40.872282924567791 ], [ -111.760570014718994, 40.87301627244031 ], [ -111.760886645211997, 40.873203358885895 ], [ -111.761303215420995, 40.873308709935898 ], [ -111.761890717621995, 40.87331383894329 ], [ -111.762568664762995, 40.873340887822998 ], [ -111.764158950609996, 40.873343875179295 ], [ -111.765577299057, 40.872947111660899 ], [ -111.767118497124997, 40.872810755052299 ], [ -111.768123144783999, 40.872457248447802 ], [ -111.768311602587005, 40.8723343808864 ], [ -111.768678316598994, 40.872232845983092 ], [ -111.768658062325997, 40.872431164051399 ], [ -111.768551942022995, 40.87259312017801 ], [ -111.768254365192007, 40.873029303749497 ], [ -111.768204807667004, 40.87336204087341 ], [ -111.768435898068006, 40.873846950788703 ], [ -111.768376157198006, 40.8753517380174 ], [ -111.768377302879998, 40.875450821877401 ], [ -111.76807125931002, 40.875669059927986 ], [ -111.767858901425001, 40.875778573689495 ], [ -111.766732706113004, 40.876916609498792 ], [ -111.766760485730998, 40.877164153499692 ], [ -111.766397375444001, 40.877683644152995 ], [ -111.766053905821011, 40.877745380816698 ], [ -111.765227957741004, 40.878165246156684 ], [ -111.765128639809006, 40.878301029771492 ], [ -111.764950218224996, 40.879297631877002 ], [ -111.764788452814003, 40.880195031680898 ], [ -111.764740552717001, 40.88067369060149 ], [ -111.764502524982007, 40.881132890772911 ], [ -111.763829257047007, 40.882448961372198 ], [ -111.763678434260996, 40.882648142905182 ], [ -111.763200787683004, 40.883534118723794 ], [ -111.762908730866997, 40.883941424768501 ], [ -111.762030007556007, 40.8849426517476 ], [ -111.761883404756006, 40.885096761467899 ], [ -111.761581581273006, 40.885688798823203 ], [ -111.761571674509995, 40.885860022008906 ], [ -111.761775568301999, 40.8865613230899 ], [ -111.761975126734995, 40.8868843036974 ], [ -111.762094961943006, 40.887500580545996 ], [ -111.762234868535003, 40.887796929897 ], [ -111.762634504451995, 40.887969949833696 ], [ -111.763466913854998, 40.888616643347206 ], [ -111.763849748221006, 40.888876249914098 ], [ -111.764029084675997, 40.888987665734795 ], [ -111.765050011913004, 40.888994410358706 ], [ -111.765269181378002, 40.888956923095087 ], [ -111.768406190223999, 40.888210897129994 ], [ -111.768850923580999, 40.888176404150492 ], [ -111.769615448430997, 40.888081221970801 ], [ -111.770135920464995, 40.887924606585493 ], [ -111.770749874271004, 40.888663689716289 ], [ -111.771158713830005, 40.889115875684404 ], [ -111.771492865835, 40.889780254717792 ], [ -111.771470591468997, 40.889906519838696 ], [ -111.771542809685002, 40.891014056813795 ], [ -111.77257231569601, 40.893286262415302 ], [ -111.772914861705999, 40.893648802903307 ], [ -111.773178681359994, 40.893876745852687 ], [ -111.774387400616007, 40.895219878984491 ], [ -111.774568295247008, 40.895461887882199 ], [ -111.775630351698013, 40.895932188981995 ], [ -111.776022819917003, 40.89599260675331 ], [ -111.777411445764997, 40.8964697017229 ], [ -111.778673556122015, 40.896280120505303 ], [ -111.780076382239002, 40.895942738759999 ], [ -111.781099536802003, 40.895625027807895 ], [ -111.781461377398017, 40.895604559957995 ], [ -111.781305469879001, 40.895974955858385 ], [ -111.780746265389993, 40.897384034780998 ], [ -111.78062395069901, 40.897583044930492 ], [ -111.780259497728011, 40.897887288648093 ], [ -111.778456533159996, 40.898021084665402 ], [ -111.777669178384997, 40.898202958966301 ], [ -111.777518665274002, 40.898275949970206 ], [ -111.776891896693002, 40.898738785412107 ], [ -111.776331296975997, 40.899530784919598 ], [ -111.776206164185993, 40.901013488744091 ], [ -111.776660567467005, 40.901798653470294 ], [ -111.777854138012998, 40.902843676170498 ], [ -111.778039112746995, 40.90292440364211 ], [ -111.778363878166999, 40.903282542987 ], [ -111.778479091131004, 40.903488955545797 ], [ -111.779388167205013, 40.906590667917904 ], [ -111.779812965190004, 40.906870655707593 ], [ -111.780183461134996, 40.907076240696192 ], [ -111.780468981373005, 40.907628316969998 ], [ -111.780778040158012, 40.908162216580799 ], [ -111.781227723617008, 40.90853751813939 ], [ -111.781440218238004, 40.908936946073894 ], [ -111.781684899460998, 40.910556774675406 ], [ -111.782000243846994, 40.911622115303203 ], [ -111.782013656263999, 40.911752644082398 ], [ -111.782448853126994, 40.91240729476479 ], [ -111.785992441012993, 40.913329063144708 ], [ -111.787645665143003, 40.914051955599092 ], [ -111.789117709094, 40.914514824882204 ], [ -111.790062372959, 40.9145660093969 ], [ -111.790493289771007, 40.914853121913907 ], [ -111.791217246043018, 40.915216594301 ], [ -111.792847072306998, 40.915065772162997 ], [ -111.793643912412008, 40.915663843401596 ], [ -111.793748451927996, 40.915964900162898 ], [ -111.793808995415006, 40.916658118401791 ], [ -111.793968581185993, 40.917490282431089 ], [ -111.793678904851006, 40.919582189007883 ], [ -111.793358055557007, 40.920061833704096 ], [ -111.792864028246996, 40.920957047390203 ], [ -111.792774420045006, 40.921408976282486 ], [ -111.793340620663002, 40.9240661154356 ], [ -111.79102485125, 40.927068254095403 ], [ -111.790997601089998, 40.927771083006604 ], [ -111.791221073299994, 40.928084837843691 ], [ -111.791962224087996, 40.928980572689298 ], [ -111.792116855718007, 40.9293872229103 ], [ -111.792188609780993, 40.929537527685596 ], [ -111.792626824748993, 40.930426330593008 ], [ -111.794390192029994, 40.93137807559421 ], [ -111.795215100711999, 40.931822800666197 ], [ -111.795443302812998, 40.93203291985261 ], [ -111.795580385234004, 40.93316250584791 ], [ -111.796074105402994, 40.934246120950696 ], [ -111.797144525698997, 40.935219089095796 ], [ -111.797284313109998, 40.935483864985308 ], [ -111.798974715452005, 40.936278399333197 ], [ -111.799291692102003, 40.936459970034306 ], [ -111.799991554982995, 40.936870395050796 ], [ -111.801598543313006, 40.93862033962251 ], [ -111.801968771152005, 40.93927446360621 ], [ -111.802159282123, 40.939409162321802 ], [ -111.802644432834995, 40.939644503603702 ], [ -111.804339665748998, 40.941312720642301 ], [ -111.804032078708005, 40.943377744552301 ], [ -111.803948531990997, 40.943923863808791 ], [ -111.803888136856003, 40.944243535547798 ], [ -111.804523911538993, 40.944748064342804 ], [ -111.805028530353994, 40.945212968493387 ], [ -111.805411048509995, 40.945894920121091 ], [ -111.805628052854999, 40.94713203106199 ], [ -111.805969144093993, 40.947336835710502 ], [ -111.806324308721003, 40.947721704808792 ], [ -111.806716741738001, 40.948727877356603 ], [ -111.807501686056995, 40.949280890424092 ], [ -111.809659684967002, 40.949409887260096 ], [ -111.812796652719001, 40.952828942905398 ], [ -111.813541446708001, 40.954458675096596 ], [ -111.814193977987003, 40.955345878711192 ], [ -111.815122111722999, 40.95690223952549 ], [ -111.815425743407999, 40.95743607895789 ], [ -111.815377129278005, 40.9579273683892 ], [ -111.815114045705997, 40.958477826594603 ], [ -111.814961103624, 40.95878608656971 ], [ -111.814750096268, 40.959503727785993 ], [ -111.814658429991994, 40.959780025658993 ], [ -111.814346591369997, 40.960029052684298 ], [ -111.814180464570995, 40.960048242341394 ], [ -111.813768543555994, 40.959889003482807 ], [ -111.812003475227002, 40.958883524864802 ], [ -111.811238903314006, 40.958551100685284 ], [ -111.810944768536018, 40.958305445121503 ], [ -111.809376820552998, 40.957379612735892 ], [ -111.808649572403993, 40.95718203188639 ], [ -111.806776331379993, 40.95801489977849 ], [ -111.805685874366006, 40.958729667333593 ], [ -111.802119099476002, 40.959551761580094 ], [ -111.801430000032013, 40.959561057932895 ], [ -111.800783739199005, 40.959673646672393 ], [ -111.799624592826007, 40.959627642968897 ], [ -111.798185760040013, 40.959052081712905 ], [ -111.79638989032, 40.959911269828289 ], [ -111.795145631297999, 40.960694561426102 ], [ -111.793579933334001, 40.960935057833211 ], [ -111.790977668812005, 40.960948436656999 ], [ -111.788705394481994, 40.959234433077697 ], [ -111.787078907481003, 40.9588581965345 ], [ -111.786432526156005, 40.958451564061406 ], [ -111.786090957667, 40.958216347658897 ], [ -111.782545102151019, 40.9568036640011 ], [ -111.78164825826201, 40.957331321896589 ], [ -111.781384862571997, 40.957667311089295 ], [ -111.780935269452002, 40.957832504670698 ], [ -111.780249046801998, 40.958084875930702 ], [ -111.779632996865004, 40.9582421826426 ], [ -111.777331043917997, 40.958259978130407 ], [ -111.776717546450001, 40.958392479551598 ], [ -111.775475910701999, 40.958909800320605 ], [ -111.774984151444002, 40.960043634310694 ], [ -111.77503415612901, 40.960254990516702 ], [ -111.775495694566999, 40.961107664415991 ], [ -111.775622223352997, 40.961359042383606 ], [ -111.776127746917993, 40.961806049451198 ], [ -111.776569878448996, 40.962014764457585 ], [ -111.777181643679995, 40.962501587966301 ], [ -111.777332384342998, 40.9626483058654 ], [ -111.777626162098997, 40.962912966841699 ], [ -111.778195674529002, 40.963746884730796 ], [ -111.779395263004005, 40.965306204085799 ], [ -111.780228933440995, 40.966467123709393 ], [ -111.781614451533002, 40.967660329617495 ], [ -111.781713471630994, 40.967893870694802 ], [ -111.783479523747999, 40.970507763346603 ], [ -111.783570757595996, 40.971187259812794 ], [ -111.783850328621995, 40.971712336921009 ], [ -111.784593638719997, 40.972756731590806 ], [ -111.785017188134006, 40.972993645512588 ], [ -111.785222802009997, 40.973193847875493 ], [ -111.785303575872021, 40.9734905670092 ], [ -111.785281569255019, 40.973639351576296 ], [ -111.785216029470007, 40.974126238683191 ], [ -111.785978490182998, 40.975778544114085 ], [ -111.786879812023997, 40.977110106694205 ], [ -111.787036246225, 40.977271185599307 ], [ -111.787343870501999, 40.977651931574101 ], [ -111.787786845197004, 40.978419102429903 ], [ -111.788084201947001, 40.978935038780797 ], [ -111.788369516928, 40.97943754443309 ], [ -111.789008093152006, 40.980158331715892 ], [ -111.789332131988004, 40.980418250590901 ], [ -111.789669004600995, 40.980757352336603 ], [ -111.789969212787, 40.981012027731907 ], [ -111.790533117826996, 40.981449561333704 ], [ -111.791160496990003, 40.982224462008695 ], [ -111.791479623651, 40.982569084993607 ], [ -111.792162129589002, 40.983478723672995 ], [ -111.792476562760001, 40.98442331836268 ], [ -111.792751548104007, 40.985051096744691 ], [ -111.792959014759006, 40.985500076863204 ], [ -111.793051132260999, 40.985747167030198 ], [ -111.793280757508995, 40.986060871970103 ], [ -111.794324362121003, 40.986841897727096 ], [ -111.794834962736019, 40.987288785097405 ], [ -111.795164505282997, 40.98750721175 ], [ -111.795362534917004, 40.987663487966991 ], [ -111.795561106812997, 40.987864800775803 ], [ -111.796589877200006, 40.988722387092203 ], [ -111.797278997557996, 40.988857339108193 ], [ -111.797921831246001, 40.988929460380191 ], [ -111.798357780081005, 40.989097596478103 ], [ -111.799499094240005, 40.990085085003201 ], [ -111.801639883082998, 40.9926105096661 ], [ -111.802052259131003, 40.993283250602303 ], [ -111.802530892964, 40.993536650883996 ], [ -111.803186868528996, 40.994099593907194 ], [ -111.803444610700012, 40.994372545501605 ], [ -111.804286747736001, 40.995186411865795 ], [ -111.804348981480999, 40.99541568473029 ], [ -111.804651448829006, 40.995845963563696 ], [ -111.804894970466009, 40.996317189718511 ], [ -111.805089928604005, 40.997194119870386 ], [ -111.805425146274004, 40.997871891007009 ], [ -111.805866219536, 40.998454335842105 ], [ -111.806022311903007, 40.998579358095689 ], [ -111.806486898835004, 40.999139115750502 ], [ -111.806433643749997, 41.000720412381696 ], [ -111.806209741057003, 41.001275977555501 ], [ -111.807075219899019, 41.002531056449889 ], [ -111.807683954062, 41.002995835847102 ], [ -111.807960364728004, 41.003158842552487 ], [ -111.809004948874005, 41.003970190639187 ], [ -111.809571968542002, 41.004450290791603 ], [ -111.810106644189005, 41.004901443572294 ], [ -111.810865307909012, 41.005193376497495 ], [ -111.811412882016, 41.005225125857599 ], [ -111.812192549884998, 41.005692989853607 ], [ -111.813281862693998, 41.005892495422195 ], [ -111.815419164356001, 41.005638680550298 ], [ -111.815877556822002, 41.005704979373697 ], [ -111.816377937054995, 41.005762511378101 ], [ -111.817961688541004, 41.006422386878995 ], [ -111.818786616961006, 41.006299424591788 ], [ -111.820647650547002, 41.006781635072791 ], [ -111.821550697936004, 41.008639878259494 ], [ -111.821170225564998, 41.009602852467495 ], [ -111.820996043937996, 41.009940996001298 ], [ -111.821759962295005, 41.0125614109946 ], [ -111.821827547894998, 41.012736586869011 ], [ -111.822025928645999, 41.013388258669401 ], [ -111.822190552486006, 41.013715879691695 ], [ -111.822572757762003, 41.014325702599798 ], [ -111.824252874931005, 41.016016227974298 ], [ -111.824455495150005, 41.01652823954641 ], [ -111.825319623826005, 41.018107477453597 ], [ -111.825711132855005, 41.018505532882308 ], [ -111.825914148896999, 41.0185716388795 ], [ -111.826564879575017, 41.018774159835992 ], [ -111.827288349203002, 41.019561680083989 ], [ -111.828128846163011, 41.020195217556001 ], [ -111.828261810740003, 41.020365415559795 ], [ -111.828670625726005, 41.020718295965303 ], [ -111.829213332904004, 41.020840505769492 ], [ -111.829885224584999, 41.02083116582579 ], [ -111.831130522156002, 41.0210203701319 ], [ -111.831729017989005, 41.020849403351107 ], [ -111.831971303198003, 41.020726946485588 ], [ -111.833995274299994, 41.020414151510998 ], [ -111.834416388649004, 41.020325526849597 ], [ -111.836442881029001, 41.021153993507895 ], [ -111.837152878417001, 41.021805527070505 ], [ -111.837687597089996, 41.022234029295902 ], [ -111.838260924725006, 41.022986538672086 ], [ -111.837849026453995, 41.024178598680393 ], [ -111.837644257885003, 41.02444582505251 ], [ -111.837536608954011, 41.025806825281293 ], [ -111.838382120974003, 41.028228350726899 ], [ -111.838636466573007, 41.029055241753099 ], [ -111.83921116946, 41.030285162402194 ], [ -111.839470297926994, 41.031224797285084 ], [ -111.839233701875003, 41.0315911664674 ], [ -111.838930325882004, 41.032057290035389 ], [ -111.838766484149005, 41.032270171841297 ], [ -111.838553102963999, 41.032797794943498 ], [ -111.838189082046, 41.033548111385393 ], [ -111.837666904814, 41.034210396535492 ], [ -111.837598490244005, 41.034444202309388 ], [ -111.837089370909993, 41.035574808472795 ], [ -111.836811236016999, 41.036157847522091 ], [ -111.836414556891, 41.036304855906998 ], [ -111.835797008368999, 41.036390408586392 ], [ -111.835153817502999, 41.036800433535191 ], [ -111.833556680217001, 41.03703719755449 ], [ -111.833617977423998, 41.037180882964392 ], [ -111.834094951476004, 41.037362096857791 ], [ -111.834687711222003, 41.037479413899604 ], [ -111.834829784180002, 41.037518921046498 ], [ -111.834973717826998, 41.037639847284105 ], [ -111.835179774172005, 41.037912739311196 ], [ -111.835675539571994, 41.038544212733903 ], [ -111.835881127280999, 41.038713874651492 ], [ -111.836326819842995, 41.039242115816009 ], [ -111.837826292395007, 41.040213101241207 ], [ -111.839239098906006, 41.040446038683704 ], [ -111.839044982320004, 41.041087023037484 ], [ -111.838354114349997, 41.042429744776996 ], [ -111.838395177341994, 41.042852823859803 ], [ -111.838538333485999, 41.043820146327398 ], [ -111.838648206062004, 41.044508461571198 ], [ -111.840304789593006, 41.045658430731301 ], [ -111.842027176431003, 41.047298832593697 ], [ -111.842857047928007, 41.048459305780703 ], [ -111.843032095659012, 41.048656201981402 ], [ -111.843617425266004, 41.04930049651329 ], [ -111.844193689063005, 41.050165551003701 ], [ -111.843854260935998, 41.051073343456892 ], [ -111.843930427455007, 41.05144661866489 ], [ -111.844134194469007, 41.052958473919801 ], [ -111.844218598302007, 41.053975761875087 ], [ -111.843844167051003, 41.054473945351184 ], [ -111.843876688446002, 41.054690800445691 ], [ -111.843935360958994, 41.056022656510997 ], [ -111.844598943986, 41.056638447108597 ], [ -111.844500176314995, 41.057383232954706 ], [ -111.844585949467003, 41.057576276632098 ], [ -111.844703415794996, 41.058386136795683 ], [ -111.844443738943994, 41.059018600830285 ], [ -111.844552836779002, 41.059639354056102 ], [ -111.844780316576006, 41.059745782756494 ], [ -111.845493883990002, 41.060227882721698 ], [ -111.845768035248, 41.060669965729495 ], [ -111.846424658573, 41.061202021786492 ], [ -111.846656098188006, 41.061245361598694 ], [ -111.849032865533005, 41.062362882963697 ], [ -111.850101318944994, 41.064003470253596 ], [ -111.850459233354002, 41.064532301336108 ], [ -111.850627902992002, 41.064783280378897 ], [ -111.851338645761004, 41.065813951498797 ], [ -111.851955353107996, 41.067948792808608 ], [ -111.850820636828004, 41.069947943467703 ], [ -111.850764902139019, 41.0702411147359 ], [ -111.850640949020004, 41.070782509353201 ], [ -111.849548092971006, 41.072803857663608 ], [ -111.849429682324995, 41.073314582754101 ], [ -111.848736545533995, 41.074489827860397 ], [ -111.848486606639995, 41.074955579871109 ], [ -111.848389050521007, 41.075330129592409 ], [ -111.848467737275001, 41.075802469403882 ], [ -111.848882784913002, 41.076141715829301 ], [ -111.849148721806998, 41.076918946854491 ], [ -111.849707195904003, 41.077302173059195 ], [ -111.850049564550019, 41.077542863302909 ], [ -111.850605610132021, 41.078660253356794 ], [ -111.850806864339006, 41.0794965094886 ], [ -111.850882323443003, 41.080270638322396 ], [ -111.850888422457999, 41.080743512039788 ], [ -111.850866996720001, 41.080928333765002 ], [ -111.850790815087009, 41.081482886784997 ], [ -111.850912176169999, 41.081662150097493 ], [ -111.851236018964016, 41.081848925539092 ], [ -111.851806334814995, 41.082223045660193 ], [ -111.852053894039003, 41.08295536503401 ], [ -111.851777946926006, 41.084173481437091 ], [ -111.851540770493997, 41.084706704766504 ], [ -111.851586389332994, 41.085012638570902 ], [ -111.851448840093994, 41.086346834397602 ], [ -111.851418474587007, 41.08676142526371 ], [ -111.851233986018997, 41.087226698660402 ], [ -111.850978123790995, 41.087697002882393 ], [ -111.851306530822001, 41.088235054772191 ], [ -111.851846093304019, 41.088528329705902 ], [ -111.852934187504999, 41.089282533775396 ], [ -111.853215616490004, 41.089473040305108 ], [ -111.854737819424997, 41.091905887646298 ], [ -111.855074246224007, 41.092323792728493 ], [ -111.855138972351, 41.092724166413298 ], [ -111.854665136500998, 41.093831156809401 ], [ -111.854316301226007, 41.09447781265429 ], [ -111.853681768646993, 41.095131088581098 ], [ -111.853101268149004, 41.095819992713501 ], [ -111.852895470565016, 41.096019691290792 ], [ -111.851618035263002, 41.097605532067888 ], [ -111.853890677329005, 41.098849823866587 ], [ -111.854252493478, 41.099202955633295 ], [ -111.854396660730004, 41.099300974017808 ], [ -111.854837687935998, 41.099793139620907 ], [ -111.855013377226001, 41.100026042508794 ], [ -111.855411967486006, 41.100459068323801 ], [ -111.855565669743015, 41.10083265750049 ], [ -111.855978234236005, 41.101424117294208 ], [ -111.856270620353001, 41.101930893336487 ], [ -111.856386504534015, 41.102601123623998 ], [ -111.856495793682001, 41.103221859073798 ], [ -111.856121558067997, 41.104665910783602 ], [ -111.855432733411007, 41.106188864678501 ], [ -111.854737102548015, 41.107189404473402 ], [ -111.854567175482998, 41.107402351493093 ], [ -111.854268122221995, 41.107760382733993 ], [ -111.854092354651002, 41.107982380279907 ], [ -111.853946996803998, 41.108713100335997 ], [ -111.854149291461994, 41.109067414006795 ], [ -111.854250200158006, 41.109593629789991 ], [ -111.854497834379998, 41.109862031252284 ], [ -111.854713887708002, 41.109991043555091 ], [ -111.854876410214999, 41.110124956642402 ], [ -111.855801360493018, 41.111190032965503 ], [ -111.855972533587007, 41.111531062532691 ], [ -111.855741729651996, 41.112559680760498 ], [ -111.855570038151001, 41.112637523314902 ], [ -111.855029718503005, 41.112917537544597 ], [ -111.855002186944006, 41.112934496615296 ], [ -111.854722085583006, 41.113377963382 ], [ -111.852835592250003, 41.114770156455897 ], [ -111.851431377642996, 41.114960701472604 ], [ -111.851176596958993, 41.115061671330892 ], [ -111.850619731031998, 41.115290081620095 ], [ -111.849167865873, 41.115851176520295 ], [ -111.849284435382003, 41.116116050939901 ], [ -111.849335964963004, 41.116417436437303 ], [ -111.849065167396006, 41.11666264644829 ], [ -111.848907834908999, 41.116839460366798 ], [ -111.848376736223997, 41.117775692470794 ], [ -111.848266243893008, 41.117982787467504 ], [ -111.848021007366995, 41.118363826348407 ], [ -111.847565237159003, 41.118583370483201 ], [ -111.846987894085004, 41.11870471959319 ], [ -111.846164316623003, 41.119408885418501 ], [ -111.845903441055995, 41.120428695933299 ], [ -111.845519680967001, 41.120691841957601 ], [ -111.844852505158002, 41.121148033352092 ], [ -111.844600173179003, 41.121442640865084 ], [ -111.844629607689996, 41.12188020973899 ], [ -111.844728234138998, 41.122139815320089 ], [ -111.844854385535001, 41.12315228050489 ], [ -111.845204208789994, 41.124420730789318 ], [ -111.846809701507993, 41.127452712401094 ], [ -111.846470566223999, 41.128410042780608 ], [ -111.846361914170998, 41.128762149360099 ], [ -111.847432739051996, 41.130506313909699 ], [ -111.848820868781999, 41.133293046246393 ], [ -111.848816827955005, 41.133441706303401 ], [ -111.849233465246002, 41.133875518463299 ], [ -111.849509212322005, 41.134008603699996 ], [ -111.849989753269, 41.134315831267294 ], [ -111.850141623607001, 41.134434462395802 ], [ -111.850477011558993, 41.134681558516093 ], [ -111.850585104458006, 41.134748319615198 ], [ -111.850896365295014, 41.134863123473281 ], [ -111.851627334303998, 41.135186509820393 ], [ -111.852538645747998, 41.135634667412496 ], [ -111.853364998318014, 41.135961840627701 ], [ -111.854660895571996, 41.136204454097999 ], [ -111.855151225865995, 41.136344941340603 ], [ -111.856777576309014, 41.136801266621994 ], [ -111.856800976830996, 41.137683865534903 ], [ -111.856025446071996, 41.138519257655105 ], [ -111.856259239788002, 41.139088619945305 ], [ -111.861658510504, 41.140224697146792 ], [ -111.861267534413997, 41.137517420099698 ], [ -111.888479673888995, 41.137751771015409 ], [ -111.910766969378997, 41.134581243010899 ], [ -111.913618649792994, 41.135093369215099 ], [ -111.915108778407017, 41.137423315958088 ], [ -111.920921744859001, 41.138676374951594 ], [ -111.928485074985005, 41.138578187660499 ], [ -111.931073994029006, 41.136976860482605 ], [ -111.934096014787002, 41.138365998747098 ], [ -111.949500875761004, 41.1380793461488 ], [ -111.956202852841002, 41.140637986490596 ], [ -111.957324474339003, 41.145654863549694 ], [ -111.962334004328, 41.149408935274096 ], [ -111.971016073040005, 41.152654014433395 ], [ -112.186705088628003, 41.153034268173201 ], [ -112.493529314219998, 41.07688955583339 ], [ -112.489424395949001, 41.07164616965769 ], [ -112.260919085563003, 40.770122260212595 ], [ -112.260169169818994, 40.769125129923587 ], [ -112.258690769488013, 40.770146589943103 ] ], [ [ -112.006716259498006, 41.089136967319497 ], [ -112.006716259498035, 41.089136967319497 ], [ -112.006716204737003, 41.089136967797998 ], [ -112.006716259498006, 41.089136967319497 ] ], [ [ -112.008764036201001, 41.096879562479899 ], [ -112.008961008661004, 41.0970728117519 ], [ -112.010065139896, 41.097067627428501 ], [ -112.008961007470006, 41.097072811762295 ], [ -112.008764036201001, 41.096879562479899 ] ], [ [ -111.959903699421005, 41.096540742919991 ], [ -111.959868504862996, 41.096468970124597 ], [ -111.959868596820002, 41.0964691522191 ], [ -111.959903699421005, 41.096540742919991 ] ], [ [ -111.977094411258008, 41.120536900272981 ], [ -111.973871170063006, 41.120544381279494 ], [ -111.967491761014003, 41.1110461100685 ], [ -111.973871172404998, 41.120544378557391 ], [ -111.977094411258008, 41.120536900272981 ] ], [ [ -111.992527924041994, 41.107295357933694 ], [ -111.992527601137994, 41.107295110296292 ], [ -111.992527934282833, 41.107295364458814 ], [ -111.992527924041994, 41.107295357933694 ] ], [ [ -111.903583710993004, 41.106649105941088 ], [ -111.90440677449682, 41.10665786349788 ], [ -111.904406774080641, 41.106657864438027 ], [ -111.903583710993004, 41.106649105941088 ] ], [ [ -111.864793870970018, 40.876039266815987 ], [ -111.864716452807997, 40.876173079807693 ], [ -111.864716372719997, 40.876173218234896 ], [ -111.864793870970018, 40.876039266815987 ] ], [ [ -111.872399996282994, 40.8850731368033 ], [ -111.872401833479003, 40.8843110233339 ], [ -111.870096964965001, 40.884323030056493 ], [ -111.872401841422743, 40.884311023236727 ], [ -111.872399996282994, 40.8850731368033 ] ], [ [ -111.879023036953996, 40.90660075822619 ], [ -111.879023388486999, 40.9065640929377 ], [ -111.879023036974644, 40.906600758226183 ], [ -111.879023036953996, 40.90660075822619 ] ] ] } },
{ "type": "Feature", "properties": { "name": "East Central Utah" }, "geometry": { "type": "Polygon", "coordinates": [ [ [ -111.300930376305999, 39.303445299482902 ], [ -111.299363193654003, 39.017821903973299 ], [ -111.298167058074995, 39.017822532367006 ], [ -111.298443092023007, 38.751810059376297 ], [ -111.299149621118005, 38.672335016870498 ], [ -111.307022492529001, 38.672337325988003 ], [ -111.305676236566995, 38.510174836923717 ], [ -111.305712492282012, 38.500004051300394 ], [ -110.691100679287004, 38.499928083514 ], [ -110.025290666036, 38.499987806208303 ], [ -109.625674077282994, 38.4999269304843 ], [ -109.060129791459005, 38.500027934729502 ], [ -109.059835335979997, 38.715585507470493 ], [ -109.054048881238998, 38.875432097041092 ], [ -109.051176001366002, 39.141749637865203 ], [ -109.051236577202019, 39.497744857324797 ], [ -109.052948947626021, 39.497170273471703 ], [ -109.057265119976009, 39.499819239922495 ], [ -109.060155431948999, 39.498759337213691 ], [ -109.062973676422999, 39.499621708281396 ], [ -109.068518337962004, 39.495556054574799 ], [ -109.072864310756003, 39.499880727522793 ], [ -109.076763965029002, 39.489196855932299 ], [ -109.080356734499006, 39.49047164503191 ], [ -109.082927426821001, 39.489379761159796 ], [ -109.087578796152002, 39.492339464489298 ], [ -109.090269483738993, 39.484099346933405 ], [ -109.096097887697994, 39.478861246189595 ], [ -109.095878078688017, 39.471361611323694 ], [ -109.098988496412005, 39.469624099582695 ], [ -109.104307561357004, 39.469377600360083 ], [ -109.10452074262102, 39.463664436160187 ], [ -109.106907721471998, 39.462099606167897 ], [ -109.791706568034002, 39.461859129937302 ], [ -109.795089693852006, 39.461859636549988 ], [ -109.953360323484006, 39.461807431381793 ], [ -109.953360491531015, 39.469276197986588 ], [ -110.023968502347003, 39.469274530185501 ], [ -110.021109185149996, 39.471660680500293 ], [ -110.023845514496003, 39.474265154989695 ], [ -110.024470294121016, 39.47781147143661 ], [ -110.016547132224005, 39.4844664521124 ], [ -110.014676078256997, 39.490902016254694 ], [ -110.017814491826996, 39.496785290707997 ], [ -110.022334876242013, 39.499535501584504 ], [ -110.025667828047006, 39.511966189539784 ], [ -110.025429043797004, 39.521145689515592 ], [ -110.027407396686002, 39.524023029593302 ], [ -110.034794999374995, 39.523201597580197 ], [ -110.039697923464999, 39.5249586690719 ], [ -110.042999032821001, 39.5298469500216 ], [ -110.048242140950009, 39.533156230749597 ], [ -110.044159610411, 39.535578034317595 ], [ -110.033860437725011, 39.536488516591902 ], [ -110.029532633214004, 39.540178210733195 ], [ -110.030563452416004, 39.543038564768295 ], [ -110.028014289544004, 39.548081041247201 ], [ -110.028707352373004, 39.554299406354595 ], [ -110.032773761041, 39.558604179758802 ], [ -110.037203208237003, 39.5602628054747 ], [ -110.038096661645994, 39.566789113705212 ], [ -110.031837917500994, 39.577351183718108 ], [ -110.022935043508994, 39.579948191841702 ], [ -110.018550867225997, 39.586159818794805 ], [ -110.021087900996008, 39.589992533633698 ], [ -110.024931622420993, 39.59118716906729 ], [ -110.02828017845502, 39.594490426298592 ], [ -110.029076030526994, 39.600466327520493 ], [ -110.024980950881996, 39.603450442876102 ], [ -110.023814010395995, 39.607337542447191 ], [ -110.018039246325998, 39.609199029272183 ], [ -110.017670017463999, 39.613070277052685 ], [ -110.012983090334998, 39.616215638911903 ], [ -110.011314940817002, 39.624968320415093 ], [ -110.008836076918996, 39.6259923720377 ], [ -110.002320455474006, 39.624540023623204 ], [ -109.997226957083996, 39.626690130480505 ], [ -110.005290972542994, 39.634341484056293 ], [ -110.011385390423996, 39.637209176610391 ], [ -110.010542445553, 39.646477905284193 ], [ -110.005384987059003, 39.647708783720802 ], [ -109.999889374283001, 39.645701895661091 ], [ -109.996018738076003, 39.646191086549599 ], [ -109.99159801462001, 39.652851790092193 ], [ -109.987593492453001, 39.655695671455994 ], [ -109.988107154421002, 39.660038498297801 ], [ -109.984362496013006, 39.664204500714206 ], [ -109.987526855515995, 39.6746387457545 ], [ -109.98479684566, 39.679529889239902 ], [ -109.985964547411001, 39.682207062382595 ], [ -109.990510287172995, 39.684747857120584 ], [ -110.003300490564001, 39.682555380694694 ], [ -110.005217886538006, 39.684157589523402 ], [ -110.005104612759993, 39.687174982469102 ], [ -109.994279676898003, 39.693316667934702 ], [ -109.993468007378993, 39.70350897054621 ], [ -109.984690355877007, 39.705108403604001 ], [ -109.977635987702001, 39.704127478884701 ], [ -109.972369200662001, 39.70610823003399 ], [ -109.970598440836, 39.709484803924809 ], [ -109.978106544631999, 39.715322028934004 ], [ -109.983346788719999, 39.725594361041303 ], [ -109.992893082359004, 39.730610530939188 ], [ -109.992673397194011, 39.737685947903188 ], [ -109.991505365680993, 39.739356162079403 ], [ -109.984894213594004, 39.741330277760213 ], [ -109.970875468627995, 39.743035849393593 ], [ -109.965326156261995, 39.742234186904824 ], [ -109.960706784064001, 39.737805079647003 ], [ -109.961488195908998, 39.725085522163113 ], [ -109.952504155029999, 39.719121299383303 ], [ -109.950159078886017, 39.719582148678008 ], [ -109.948312970466006, 39.722831548340402 ], [ -109.953924478434999, 39.729824417935006 ], [ -109.953816265577998, 39.734589702684495 ], [ -109.947396814894006, 39.7401088164901 ], [ -109.945087543309, 39.749958218822698 ], [ -109.941444406017013, 39.750429604793091 ], [ -109.934122017777995, 39.747268589598811 ], [ -109.930359918370996, 39.749021547083892 ], [ -109.925122812926006, 39.7675560598272 ], [ -109.920985794195005, 39.773419133012702 ], [ -109.923739503226003, 39.784783608485192 ], [ -109.928592973468994, 39.791482293015001 ], [ -109.929412189835006, 39.796647986014101 ], [ -109.925627804466998, 39.799275411756305 ], [ -109.921608562032006, 39.799346243380583 ], [ -109.918378543788009, 39.785945586720807 ], [ -109.908645565043003, 39.785147184926302 ], [ -109.899750372298016, 39.788586027510803 ], [ -109.894048827608003, 39.788729141507602 ], [ -109.883244369159002, 39.78413066038631 ], [ -109.877156953042004, 39.78324751834711 ], [ -109.873906683952001, 39.7863469349574 ], [ -109.876923392299005, 39.792583933896097 ], [ -109.890563222444015, 39.797783170323306 ], [ -109.893745856319995, 39.801079613646792 ], [ -109.891813941411996, 39.803182987881598 ], [ -109.883091570676001, 39.806242147606397 ], [ -110.518201571101997, 39.806718408723199 ], [ -110.518206534702998, 39.811647195100591 ], [ -110.857790922888995, 39.813290755087898 ], [ -110.857826934068001, 39.813021045227593 ], [ -110.865371234104998, 39.813052333105894 ], [ -110.938050508666009, 39.813578419163797 ], [ -110.942801775258005, 39.813613382395502 ], [ -111.079062680744002, 39.814133855146295 ], [ -111.079063536218001, 39.8122372298605 ], [ -111.163599194252015, 39.81305101781799 ], [ -111.166086069932007, 39.813055699422897 ], [ -111.247507326618006, 39.813034013650089 ], [ -111.247673976547006, 39.510698489041395 ], [ -111.247682632796, 39.507075327468193 ], [ -111.247759783031, 39.467204852029397 ], [ -111.280335762494005, 39.4672101821646 ], [ -111.281837517042007, 39.467211364087611 ], [ -111.279404523674017, 39.465648898813399 ], [ -111.281837517037999, 39.4672113631866 ], [ -111.300916794973006, 39.467243268094293 ], [ -111.300935580390004, 39.303654121787609 ], [ -111.300930376305999, 39.303445299482902 ] ], [ [ -110.831067457773003, 39.6561669542197 ], [ -110.829905137439994, 39.65629875133569 ], [ -110.831067458350006, 39.656166953521229 ], [ -110.831067457773003, 39.6561669542197 ] ], [ [ -110.834662461777683, 39.652046953897326 ], [ -110.834921533366, 39.652423224978889 ], [ -110.834662461777668, 39.652046953897326 ], [ -110.834662461777683, 39.652046953897326 ] ], [ [ -110.818929796156013, 39.653423302702585 ], [ -110.824791357028005, 39.65337756287601 ], [ -110.818904453868996, 39.6534349550043 ], [ -110.818929796156013, 39.653423302702585 ] ], [ [ -110.818717454112004, 39.65342495465719 ], [ -110.818614453679999, 39.653353954595502 ], [ -110.818764454364, 39.653439954525297 ], [ -110.818717454112004, 39.65342495465719 ] ], [ [ -110.830161457171386, 39.634484948979022 ], [ -110.830161456613993, 39.634484949115901 ], [ -110.830211454543004, 39.634435951751691 ], [ -110.830161457171386, 39.634484948979022 ] ], [ [ -111.106510539418878, 39.384352967263837 ], [ -111.057472464599002, 39.349238900537998 ], [ -111.106310670238003, 39.38420996314521 ], [ -111.106510539418878, 39.384352967263837 ] ], [ [ -110.857116341550011, 39.469521307057001 ], [ -110.857116148564003, 39.469521306819907 ], [ -110.857819930952004, 39.4695215098331 ], [ -110.857116341550011, 39.469521307057001 ] ], [ [ -110.909314361050477, 39.469479987538307 ], [ -110.910242793521007, 39.47817151670229 ], [ -110.909314360855006, 39.4694799875383 ], [ -110.909314361050477, 39.469479987538307 ] ], [ [ -111.085530502622547, 39.59574192744217 ], [ -111.080551224941004, 39.603731374332902 ], [ -111.085530502289004, 39.59574192701141 ], [ -111.085530502622547, 39.59574192744217 ] ], [ [ -110.792931455089004, 39.687542959043384 ], [ -110.792931452752001, 39.687542960841299 ], [ -110.782340473101002, 39.694589570413292 ], [ -110.794305453481996, 39.685598960318799 ], [ -110.792931455089004, 39.687542959043384 ] ], [ [ -110.739404192964997, 39.6201125984906 ], [ -110.740419433125993, 39.619231956943594 ], [ -110.739321044395993, 39.620184722935498 ], [ -110.739404192964997, 39.6201125984906 ] ], [ [ -110.848201464216004, 39.689623956811602 ], [ -110.848233465155005, 39.6899029533486 ], [ -110.848233465148496, 39.689902955128964 ], [ -110.848201464216004, 39.689623956811602 ] ], [ [ -110.792468218804004, 39.622834051391706 ], [ -110.79105430557901, 39.622835366216101 ], [ -110.791038011237006, 39.62283538105941 ], [ -110.792468218804004, 39.622834051391706 ] ], [ [ -110.801534445881003, 39.622882952570002 ], [ -110.80153437662301, 39.622832555587401 ], [ -110.801533445884999, 39.6221529522578 ], [ -110.801534445881003, 39.622882952570002 ] ], [ [ -110.723850819101017, 39.496877644066188 ], [ -110.723852415818996, 39.496912943150789 ], [ -110.723850736748005, 39.496875824637094 ], [ -110.723850819101017, 39.496877644066188 ] ], [ [ -110.755583432579996, 39.595969954055192 ], [ -110.754242433461997, 39.596567952721401 ], [ -110.758095738761995, 39.594476963589599 ], [ -110.755583432579996, 39.595969954055192 ] ], [ [ -110.682062248342007, 39.679801569509102 ], [ -110.694219575064636, 39.68143777020893 ], [ -110.694219578626274, 39.681437771589636 ], [ -110.682062248342007, 39.679801569509102 ] ], [ [ -110.633429725159004, 39.687398726297808 ], [ -110.624057417729631, 39.687867973768505 ], [ -110.624057417732971, 39.687867973706162 ], [ -110.633429725159004, 39.687398726297808 ] ], [ [ -110.77836111707083, 39.615712179204344 ], [ -110.778303430183016, 39.615725347093203 ], [ -110.778239440980002, 39.615739953352403 ], [ -110.77836111707083, 39.615712179204344 ] ], [ [ -110.667597421024311, 39.651258965370289 ], [ -110.667597421118998, 39.651258965419785 ], [ -110.672906860221005, 39.655514838570106 ], [ -110.667597421024311, 39.651258965370289 ] ], [ [ -110.683154235527383, 39.669868981062415 ], [ -110.683154236818993, 39.669868981429389 ], [ -110.691858522369003, 39.674407314454292 ], [ -110.683154235527383, 39.669868981062415 ] ], [ [ -110.443564378687, 39.538514743781199 ], [ -110.443466665512005, 39.538527302369197 ], [ -110.441438362398017, 39.5387879693209 ], [ -110.443564378687, 39.538514743781199 ] ], [ [ -110.378179631522002, 39.469277282045901 ], [ -110.378130558096004, 39.469277268319701 ], [ -110.378752636927004, 39.469277439625209 ], [ -110.378179631522002, 39.469277282045901 ] ], [ [ -109.577594505611998, 38.604350463619397 ], [ -109.578353072485001, 38.604399917037185 ], [ -109.575117072142007, 38.604188917218494 ], [ -109.577594505611998, 38.604350463619397 ] ], [ [ -109.555316066265064, 38.584396915986808 ], [ -109.555395802679996, 38.584340006833614 ], [ -109.555316066265064, 38.584396915986808 ], [ -109.555316066265064, 38.584396915986808 ] ], [ [ -110.186373243258004, 38.99336992153669 ], [ -110.186492243778005, 38.993268921416714 ], [ -110.186446958201998, 38.993307357322898 ], [ -110.186373243258004, 38.99336992153669 ] ], [ [ -109.577157157239995, 38.600959639931702 ], [ -109.57835307197918, 38.604399915582157 ], [ -109.57835307197918, 38.604399915582157 ], [ -109.577157157239995, 38.600959639931702 ] ], [ [ -110.186570559955001, 39.008802259908492 ], [ -110.186570323340007, 39.008815959718298 ], [ -110.186837629345007, 38.993300900179186 ], [ -110.186570559955001, 39.008802259908492 ] ], [ [ -110.186263113531226, 39.031699332032922 ], [ -110.186263113531325, 39.031699332025035 ], [ -110.227998313521994, 39.031699555514386 ], [ -110.186263113531226, 39.031699332032922 ] ], [ [ -110.186263110106182, 39.031699332024409 ], [ -110.186263111253055, 39.031699332032517 ], [ -110.186263110074393, 39.031699332024409 ], [ -110.186263110106182, 39.031699332024409 ] ], [ [ -110.165483868853002, 39.031550708242406 ], [ -110.186263110065994, 39.031699332024125 ], [ -110.186263110065994, 39.031699332024353 ], [ -110.165483868853002, 39.031550708242406 ] ], [ [ -110.497395568011996, 39.469638285909291 ], [ -110.497395568013118, 39.469638285910349 ], [ -110.496828607034999, 39.469636359436905 ], [ -110.497395568011996, 39.469638285909291 ] ], [ [ -110.457870459727999, 39.526938052079693 ], [ -110.457870459567005, 39.526938072801869 ], [ -110.457860719698004, 39.524234848186197 ], [ -110.457870459727999, 39.526938052079693 ] ], [ [ -110.376039330796004, 39.559729967209101 ], [ -110.375631648500004, 39.559797206345792 ], [ -110.376575439185999, 39.559641543803096 ], [ -110.376039330796004, 39.559729967209101 ] ], [ [ -109.508459374105996, 38.564518697151094 ], [ -109.508456052550002, 38.5645189170503 ], [ -109.508302052732006, 38.564512917240208 ], [ -109.508456052569002, 38.564518916149389 ], [ -109.508459374105996, 38.564518697151094 ] ], [ [ -109.508135053089006, 38.56446891648919 ], [ -109.507946052972002, 38.564396917032703 ], [ -109.507750053757007, 38.564298916813399 ], [ -109.507946054119017, 38.564396917047297 ], [ -109.508135053089006, 38.56446891648919 ] ], [ [ -109.507281053504016, 38.563951916064596 ], [ -109.507142053026001, 38.563792916797603 ], [ -109.507750053757007, 38.564298916813399 ], [ -109.507281053504016, 38.563951916064596 ] ], [ [ -109.363585025592997, 38.580525929058098 ], [ -109.364377028676998, 38.581159926300501 ], [ -109.364377028134456, 38.581159926783911 ], [ -109.363585025592997, 38.580525929058098 ] ], [ [ -109.533943064347, 38.609561920593805 ], [ -109.534174063948996, 38.610050920697596 ], [ -109.534166718845995, 38.610035372485406 ], [ -109.533943064347, 38.609561920593805 ] ], [ [ -109.422110045728999, 38.657904934765391 ], [ -109.421798369623005, 38.6578983042251 ], [ -109.421311045208, 38.6578879348965 ], [ -109.422110045728999, 38.657904934765391 ] ], [ [ -109.421745045495996, 38.656834934530004 ], [ -109.421560192285995, 38.656684031821392 ], [ -109.421528045499002, 38.656641934073001 ], [ -109.421560193434999, 38.656684031836903 ], [ -109.421745045495996, 38.656834934530004 ] ], [ [ -109.415379685610006, 38.651485060452202 ], [ -109.415249065980021, 38.651329722876696 ], [ -109.415295648902998, 38.650755463656395 ], [ -109.415249067128997, 38.651329722892299 ], [ -109.415379685610006, 38.651485060452202 ] ] ] } },
{ "type": "Feature", "properties": { "name": "Iron County" }, "geometry": { "type": "Polygon", "coordinates": [ [ [ -113.474028934464997, 37.553537680645796 ], [ -113.474040877416002, 37.52909055425269 ], [ -113.253352030252998, 37.528988399990688 ], [ -113.253501652229019, 37.482159844398097 ], [ -113.146121822525004, 37.481033458118603 ], [ -113.146095166810994, 37.474303567462904 ], [ -113.037060034549, 37.474479269299593 ], [ -113.037099914004997, 37.499753287571608 ], [ -112.900935772604996, 37.500027885554005 ], [ -112.901173331682998, 37.54349139782731 ], [ -112.683810409792002, 37.543698623908902 ], [ -112.683615141074995, 37.631892332982595 ], [ -112.685240742868004, 37.632368859460797 ], [ -112.686778148905006, 37.660331329643206 ], [ -112.685768794444002, 37.7173435956785 ], [ -112.689121334256996, 37.717239992171201 ], [ -112.689297325140998, 37.805600607515096 ], [ -112.642528096519996, 37.806689974286797 ], [ -112.578551744774003, 37.804501094047296 ], [ -112.578470548707003, 37.882155928393992 ], [ -112.588560065972004, 37.882151941855597 ], [ -112.588517137655003, 37.890367427475297 ], [ -112.468300945018996, 37.890489727394709 ], [ -112.467021395098016, 37.977730073864691 ], [ -112.478993039767005, 37.977730721405699 ], [ -112.478822190103998, 38.147424347958903 ], [ -112.870877980364, 38.147796332638087 ], [ -112.871939788828001, 38.147808966426894 ], [ -113.618326651835005, 38.1487268591586 ], [ -114.049989950194004, 38.148768454152005 ], [ -114.050455427197008, 37.941498825889596 ], [ -114.048313388403002, 37.8094292171359 ], [ -114.051664547995003, 37.751935992085599 ], [ -114.052361767674, 37.604795748112799 ], [ -113.648703154567002, 37.604876208265097 ], [ -113.647933201933995, 37.604872388937203 ], [ -113.587808926535999, 37.604616256476497 ], [ -113.587784675462004, 37.6182289144732 ], [ -113.474496507251999, 37.618294579101089 ], [ -113.474033812786018, 37.5549069832092 ], [ -113.474028934464997, 37.553537680645796 ] ], [ [ -113.078755479405004, 37.654702214591786 ], [ -113.078127072103015, 37.655208965524608 ], [ -113.078845071572005, 37.654629965483892 ], [ -113.078755479405004, 37.654702214591786 ] ], [ [ -113.092307749669004, 37.6413902737211 ], [ -113.092264071488003, 37.641427965055492 ], [ -113.092731071678003, 37.641024965083602 ], [ -113.092307749669004, 37.6413902737211 ] ], [ [ -113.083826068285006, 37.598011965791997 ], [ -113.083826068390096, 37.598011965866583 ], [ -113.083557071201994, 37.598022965790399 ], [ -113.083826068285006, 37.598011965791997 ] ], [ [ -113.161734072127999, 37.743105965334998 ], [ -113.161734087010998, 37.743111390990201 ], [ -113.161734132468993, 37.743128826841797 ], [ -113.161734072127999, 37.743105965334998 ] ], [ [ -113.170318283179995, 37.743394725216994 ], [ -113.174990995279998, 37.743548904603394 ], [ -113.161746028951001, 37.743111393561492 ], [ -113.170318283179995, 37.743394725216994 ] ], [ [ -113.170232903796006, 37.72115560031861 ], [ -113.177653794658738, 37.721114377467643 ], [ -113.165989071808994, 37.721178965153698 ], [ -113.170232903796006, 37.72115560031861 ] ], [ [ -113.170635621472996, 37.691187356584798 ], [ -113.170036071574998, 37.690778964941011 ], [ -113.171002071575003, 37.691436965172898 ], [ -113.170635621472996, 37.691187356584798 ] ], [ [ -113.17153807163902, 37.680286965383694 ], [ -113.171910229942, 37.680105990624597 ], [ -113.173070072041995, 37.679541965529005 ], [ -113.17153807163902, 37.680286965383694 ] ], [ [ -113.110970071794995, 37.685118965403291 ], [ -113.111007227071013, 37.685118965101204 ], [ -113.111045071800021, 37.685118965056795 ], [ -113.110970071794995, 37.685118965403291 ] ], [ [ -113.122525605015994, 37.673534591746701 ], [ -113.122226972114007, 37.673786594535002 ], [ -113.122224604994003, 37.673788591811196 ], [ -113.122525605015994, 37.673534591746701 ] ], [ [ -113.12253659712367, 37.572034580088925 ], [ -113.122631594436015, 37.572060580123299 ], [ -113.122536596940577, 37.572034580699132 ], [ -113.12253659712367, 37.572034580088925 ] ], [ [ -113.179724997479994, 37.691958764193409 ], [ -113.198408943676, 37.691870719215501 ], [ -113.209518070992999, 37.691816965145897 ], [ -113.179724997479994, 37.691958764193409 ] ], [ [ -113.142973269674002, 37.685051965188592 ], [ -113.143029071879994, 37.674115965786996 ], [ -113.143029041486002, 37.674121962785684 ], [ -113.142973269674002, 37.685051965188592 ] ], [ [ -113.201598071226996, 37.727712965250987 ], [ -113.202204071574997, 37.728563965667 ], [ -113.201602115200004, 37.727718644519896 ], [ -113.201598071226996, 37.727712965250987 ] ], [ [ -113.17048931267, 37.673893941469792 ], [ -113.170489313466746, 37.673893761283217 ], [ -113.170491408366999, 37.675599831555594 ], [ -113.17048931267, 37.673893941469792 ] ], [ [ -113.162242153649998, 37.601783285390802 ], [ -113.162226690952821, 37.601781856570774 ], [ -113.162226690952835, 37.601781856570774 ], [ -113.162242153649998, 37.601783285390802 ] ], [ [ -113.155958914378004, 37.576717783621802 ], [ -113.158543868457002, 37.572151311838994 ], [ -113.161227232696007, 37.567410371574717 ], [ -113.155958914378004, 37.576717783621802 ] ], [ [ -113.200634071517001, 37.654678965120105 ], [ -113.199620071092994, 37.657551965628002 ], [ -113.200478621767004, 37.655119418246798 ], [ -113.200634071517001, 37.654678965120105 ] ], [ [ -113.198122029000999, 37.667486614158697 ], [ -113.196655071053002, 37.6682009655323 ], [ -113.198688071660001, 37.667210964959303 ], [ -113.198122029000999, 37.667486614158697 ] ], [ [ -113.209274071889993, 37.738997965394994 ], [ -113.207235071948006, 37.74325796576079 ], [ -113.207422608897005, 37.742866172747696 ], [ -113.209274071889993, 37.738997965394994 ] ], [ [ -113.148666098279008, 37.617671960276894 ], [ -113.148695767232994, 37.619195347265901 ], [ -113.148699530263997, 37.619388568592491 ], [ -113.148666098279008, 37.617671960276894 ] ], [ [ -113.155893071199628, 37.587294962949237 ], [ -113.155893071280019, 37.587294965448294 ], [ -113.155893058187758, 37.587296076448581 ], [ -113.155893071199628, 37.587294962949237 ] ], [ [ -113.161781192834809, 37.765543928105267 ], [ -113.161766140214993, 37.758171722858492 ], [ -113.161740071682999, 37.74535896503501 ], [ -113.161781192834809, 37.765543928105267 ] ], [ [ -113.119909073176999, 37.787337965564802 ], [ -113.119801072296013, 37.787197965724296 ], [ -113.119901926001006, 37.787328700443197 ], [ -113.119909073176999, 37.787337965564802 ] ], [ [ -113.110065072656994, 37.772582965123604 ], [ -113.110061073156004, 37.772306965723402 ], [ -113.110061153665995, 37.772312512791508 ], [ -113.110065072656994, 37.772582965123604 ] ], [ [ -113.114879072118001, 37.764950965216499 ], [ -113.114931513683999, 37.764950837437098 ], [ -113.115289072055006, 37.76494996571401 ], [ -113.114879072118001, 37.764950965216499 ] ], [ [ -113.110545071863996, 37.728353965235797 ], [ -113.110545071610005, 37.728343965782408 ], [ -113.110545071966001, 37.728349093472097 ], [ -113.110545071863996, 37.728353965235797 ] ], [ [ -113.142673919257746, 37.756563296077218 ], [ -113.142670652914006, 37.757621093930602 ], [ -113.142647462797996, 37.765136935513503 ], [ -113.142673919257746, 37.756563296077218 ] ], [ [ -113.142694521897994, 37.749895900990197 ], [ -113.142702489027002, 37.748374897668697 ], [ -113.142731017540996, 37.742930700512701 ], [ -113.142694521897994, 37.749895900990197 ] ], [ [ -113.108216879788003, 37.660086553157299 ], [ -113.108210321768993, 37.660100407198399 ], [ -113.108645663635997, 37.659180712016393 ], [ -113.108216879788003, 37.660086553157299 ] ], [ [ -113.098093793880892, 37.795108302140136 ], [ -113.113857806176995, 37.779532719377812 ], [ -113.098093793880892, 37.795108302140136 ], [ -113.098093793880892, 37.795108302140136 ] ], [ [ -113.106479264033993, 37.68154247022909 ], [ -113.106397071097021, 37.677830965792396 ], [ -113.106507072089997, 37.682797965433501 ], [ -113.106479264033993, 37.68154247022909 ] ], [ [ -113.092380072460998, 37.740369965049091 ], [ -113.092385534865997, 37.7425171456903 ], [ -113.092392073064005, 37.7450859655888 ], [ -113.092385553883005, 37.742524993708294 ], [ -113.092380072460998, 37.740369965049091 ] ], [ [ -113.110368071769997, 37.750354965446085 ], [ -113.110367669294007, 37.750358296185205 ], [ -113.110290071492997, 37.750999965731189 ], [ -113.110368071769997, 37.750354965446085 ] ], [ [ -113.047831208342998, 37.725528016225695 ], [ -113.047670068106001, 37.725807121022697 ], [ -113.048440016765994, 37.724473501526091 ], [ -113.047831208342998, 37.725528016225695 ] ], [ [ -113.050504550658005, 37.720946309912208 ], [ -113.050498531347003, 37.720936780964308 ], [ -113.050405731603007, 37.720789871087398 ], [ -113.050504550658005, 37.720946309912208 ] ], [ [ -113.03272707519514, 37.644024964978968 ], [ -113.032727075191005, 37.644024963601098 ], [ -113.032751072422002, 37.6440199655556 ], [ -113.03272707519514, 37.644024964978968 ] ], [ [ -113.068752072816011, 37.706173965547492 ], [ -113.068257073100995, 37.706171964999903 ], [ -113.068337463421997, 37.70617228993121 ], [ -113.068752072816011, 37.706173965547492 ] ], [ [ -113.068313072636002, 37.695425965561697 ], [ -113.068230251179003, 37.695423727556303 ], [ -113.068165072908997, 37.695421965762392 ], [ -113.068313072636002, 37.695425965561697 ] ], [ [ -113.069518072768005, 37.709504964983097 ], [ -113.068847072224003, 37.710432965432702 ], [ -113.069022251711999, 37.710190692180191 ], [ -113.069518072768005, 37.709504964983097 ] ], [ [ -113.061533364441999, 37.710166394616301 ], [ -113.061506072415995, 37.710262965505606 ], [ -113.061558072756995, 37.710078965490005 ], [ -113.061533364441999, 37.710166394616301 ] ], [ [ -113.059955907272993, 37.715467864697303 ], [ -113.059958072382003, 37.715460965223194 ], [ -113.059942072615996, 37.715511965432306 ], [ -113.059955907272993, 37.715467864697303 ] ], [ [ -113.054745774433968, 37.713991418877171 ], [ -113.057148335137995, 37.714912960613404 ], [ -113.054745774433954, 37.713991418877171 ], [ -113.054745774433968, 37.713991418877171 ] ], [ [ -113.055213043235, 37.748958831328792 ], [ -113.055216073131007, 37.749791965414992 ], [ -113.055213043169815, 37.7489588313287 ], [ -113.055213043235, 37.748958831328792 ] ], [ [ -113.055229073155004, 37.746838963001103 ], [ -113.055229070249581, 37.746838962493861 ], [ -113.055216072497004, 37.746824965523508 ], [ -113.055229073155004, 37.746838963001103 ] ], [ [ -113.055201072551128, 37.743106965728614 ], [ -113.055201072528405, 37.743106965728749 ], [ -113.055198070656232, 37.741925835186485 ], [ -113.055201072551128, 37.743106965728614 ] ], [ [ -113.055184072526998, 37.733726965830606 ], [ -113.055184073375003, 37.733414966854106 ], [ -113.055201597570516, 37.731365614585442 ], [ -113.055184073400014, 37.73341496775479 ], [ -113.055184072526998, 37.733726965830606 ] ], [ [ -113.058976599434999, 37.731312603317306 ], [ -113.060037236328114, 37.73131755836171 ], [ -113.060037236328995, 37.731317558386799 ], [ -113.058976599434999, 37.731312603317306 ] ], [ [ -113.038543073108997, 37.716303965547816 ], [ -113.038504072674002, 37.716270965435804 ], [ -113.03851135571, 37.716277127954008 ], [ -113.038543073108997, 37.716303965547816 ] ], [ [ -113.043334647197995, 37.714998682602605 ], [ -113.043339006036007, 37.714999108990085 ], [ -113.042845680547003, 37.7149508864726 ], [ -113.043334647197995, 37.714998682602605 ] ], [ [ -113.039822066813002, 37.724489513662292 ], [ -113.039880072575002, 37.725056965133895 ], [ -113.039788073257995, 37.72415696547781 ], [ -113.039822066813002, 37.724489513662292 ] ], [ [ -113.052457072585995, 37.728203965038603 ], [ -113.052412436068906, 37.728176511299608 ], [ -113.052412436300997, 37.728176511061392 ], [ -113.052457072585995, 37.728203965038603 ] ], [ [ -113.022151072834021, 37.776971965835308 ], [ -113.022224989915003, 37.776806622938892 ], [ -113.022227072422993, 37.776801965018009 ], [ -113.022151072834021, 37.776971965835308 ] ] ] } },
{ "type": "Feature", "properties": { "name": "Morgan County" }, "geometry": { "type": "Polygon", "coordinates": [ [ [ -111.654356551148993, 40.828477175400593 ], [ -111.654147160970993, 40.828289185981305 ], [ -111.654075432284003, 40.828231037919892 ], [ -111.653633513561019, 40.8279137434997 ], [ -111.653168853780002, 40.827695668778901 ], [ -111.652471715274004, 40.827352789260509 ], [ -111.652417918392999, 40.827308952218203 ], [ -111.651942380129995, 40.824283908052493 ], [ -111.651883225404006, 40.824177042000493 ], [ -111.651650086671012, 40.823983776997309 ], [ -111.650921736320001, 40.824082477188192 ], [ -111.649564147670006, 40.824593700002794 ], [ -111.648352376764009, 40.824493315927185 ], [ -111.646820564386999, 40.824285711853598 ], [ -111.646072142992011, 40.8241502747562 ], [ -111.645582289111999, 40.823774662761792 ], [ -111.645722739685013, 40.822972126247393 ], [ -111.645584702875993, 40.822189164998903 ], [ -111.645612556786006, 40.822004336222996 ], [ -111.645744497481999, 40.820936098198693 ], [ -111.645377121611006, 40.820348101220411 ], [ -111.644475986409006, 40.819744168112805 ], [ -111.643153385670999, 40.819085824952701 ], [ -111.641974935120004, 40.818002366897993 ], [ -111.641974457478, 40.817952823124998 ], [ -111.642028618674999, 40.817421023642005 ], [ -111.641966858779995, 40.817164626678291 ], [ -111.640729439739005, 40.813027619809397 ], [ -111.640692562626, 40.812891797000091 ], [ -111.639668582330998, 40.808740978163996 ], [ -111.640273163315001, 40.808116041203697 ], [ -111.641489404455996, 40.807604811897193 ], [ -111.642381606295004, 40.806072914162108 ], [ -111.640793978229993, 40.8049466762007 ], [ -111.640828849336998, 40.804874414831794 ], [ -111.641160597932, 40.804237475184593 ], [ -111.641285177387999, 40.803016135928999 ], [ -111.641142220111007, 40.802327782746701 ], [ -111.641107585070003, 40.801931602661703 ], [ -111.64124187491602, 40.800980463080897 ], [ -111.641238277187995, 40.800606631622905 ], [ -111.640677706006002, 40.799019749674706 ], [ -111.637155710456014, 40.801367941588303 ], [ -111.624336400537999, 40.80470358966749 ], [ -111.616798649583004, 40.810581615482292 ], [ -111.611045588712003, 40.811062650225885 ], [ -111.593982401407004, 40.804890869176511 ], [ -111.587869731330997, 40.797364059030699 ], [ -111.58790846862, 40.79369290190121 ], [ -111.581939636621996, 40.791583641049691 ], [ -111.581475008789994, 40.789275303183004 ], [ -111.575315596185007, 40.788360284145803 ], [ -111.571005889042993, 40.785575540707903 ], [ -111.559594467916995, 40.784829686263393 ], [ -111.557551595354994, 40.783033367597596 ], [ -111.557834201556005, 40.780689786097298 ], [ -111.554101605037999, 40.780037536203409 ], [ -111.530447916572996, 40.784471790098301 ], [ -111.527596580554004, 40.785591018105798 ], [ -111.524320195667997, 40.789853016835295 ], [ -111.519436875693003, 40.791695181521405 ], [ -111.517963270807002, 40.798188562058193 ], [ -111.514303348813002, 40.800440481778296 ], [ -111.514561471603002, 40.805466072167192 ], [ -111.510888777296998, 40.810432555793106 ], [ -111.516368931705003, 40.813047646059289 ], [ -111.516933946812003, 40.819391585949596 ], [ -111.510069198417995, 40.821075193159693 ], [ -111.499860211862995, 40.832266944585001 ], [ -111.495334606838, 40.844097435518393 ], [ -111.488197747224007, 40.854383955657589 ], [ -111.483706611276006, 40.853497528895907 ], [ -111.480409187489997, 40.855249933013987 ], [ -111.479807965720994, 40.8598962752828 ], [ -111.484131650983997, 40.870323455019992 ], [ -111.494737639147004, 40.879458899359399 ], [ -111.502303540941995, 40.893532401471603 ], [ -111.505854090425004, 40.894449248018105 ], [ -111.506532823857995, 40.897054187112104 ], [ -111.510480992409995, 40.898698818507285 ], [ -111.508467721268005, 40.9094276368373 ], [ -111.509549803095993, 40.911174980850696 ], [ -111.513071762940001, 40.912866443119903 ], [ -111.516619563505003, 40.917701583666101 ], [ -111.528765239902, 40.918961746801607 ], [ -111.526549720077, 40.938326211106784 ], [ -111.523604132914002, 40.945906577196197 ], [ -111.525405768544019, 40.949871027697903 ], [ -111.524772295458007, 40.953747465119001 ], [ -111.533439617981998, 40.95824785030451 ], [ -111.541949657017014, 40.954852589315102 ], [ -111.550954356651999, 40.953895573922701 ], [ -111.561528480931003, 40.960100786944317 ], [ -111.566460291024995, 40.959441580634298 ], [ -111.573615917604997, 40.961050206182009 ], [ -111.577613935127005, 40.958378218581998 ], [ -111.580895548586, 40.961175905571899 ], [ -111.584232646752, 40.9616094561841 ], [ -111.588043438037005, 40.96586898965851 ], [ -111.587664316959007, 40.978725648140092 ], [ -111.593693811042002, 40.986356227930294 ], [ -111.592992702988994, 40.993021390647897 ], [ -111.587671791955003, 40.99630509783271 ], [ -111.579874728053994, 40.995916696293605 ], [ -111.572527649186, 41.000804323559194 ], [ -111.566639192493994, 41.000491109985298 ], [ -111.568694354228001, 41.00303931075991 ], [ -111.558761477599006, 41.011010571707899 ], [ -111.554392111327004, 41.016810403714395 ], [ -111.553396098747996, 41.020724727843195 ], [ -111.557564818939994, 41.023528690993103 ], [ -111.556100872179996, 41.027661491841897 ], [ -111.552977713123994, 41.029716862167597 ], [ -111.555250579109995, 41.031935446828292 ], [ -111.551709502397998, 41.035258435242405 ], [ -111.545533116776994, 41.03717503822179 ], [ -111.541060826022999, 41.045285411724109 ], [ -111.523692512935995, 41.056224918307798 ], [ -111.512726378726001, 41.058539766096303 ], [ -111.508546124667006, 41.0627785817804 ], [ -111.504052807327, 41.069626558247897 ], [ -111.508298001092001, 41.063013886878103 ], [ -111.500060983069005, 41.06130235426869 ], [ -111.494452803469002, 41.064128071106595 ], [ -111.490228631541001, 41.061056342337402 ], [ -111.473976438804996, 41.06424113527639 ], [ -111.466567549427012, 41.070982398105407 ], [ -111.454469743284008, 41.074688027538492 ], [ -111.446502979805999, 41.082141830722186 ], [ -111.424054457517997, 41.0800736986819 ], [ -111.422583917652005, 41.076309218908406 ], [ -111.417290137451999, 41.074044960281796 ], [ -111.412968579129995, 41.073961439723597 ], [ -111.408267218898004, 41.0750186269183 ], [ -111.400305977496004, 41.081307178879698 ], [ -111.396275085463003, 41.0801410526607 ], [ -111.392259999898997, 41.081609596094196 ], [ -111.390696131900995, 41.084902858558983 ], [ -111.386445373224007, 41.084827112157797 ], [ -111.380512129417994, 41.087188058318084 ], [ -111.381540272513007, 41.097179109061095 ], [ -111.378369208059993, 41.0986317563166 ], [ -111.377701418856006, 41.107822159650503 ], [ -111.375555021403997, 41.109449722970091 ], [ -111.375445470041996, 41.112171408832296 ], [ -111.367613428040002, 41.119493170724709 ], [ -111.368710094994995, 41.121759690434502 ], [ -111.367146418529998, 41.129741282866995 ], [ -111.363842448208004, 41.128179866712898 ], [ -111.358194283670997, 41.129233397952106 ], [ -111.357755263632995, 41.129167292098501 ], [ -111.352460309384, 41.130404200036288 ], [ -111.345185163232003, 41.128921858322897 ], [ -111.340975988587019, 41.132830381450304 ], [ -111.336091811417006, 41.134132892049102 ], [ -111.332400483574006, 41.138107120149783 ], [ -111.323859634287999, 41.137383783122303 ], [ -111.318091853599, 41.132274295999295 ], [ -111.307820919926996, 41.130793334184894 ], [ -111.301642115888001, 41.134403896761889 ], [ -111.300099900993999, 41.137177886796302 ], [ -111.294539179636004, 41.139038835710807 ], [ -111.290594488243002, 41.143201559432498 ], [ -111.275362547528999, 41.142495844739486 ], [ -111.264995905191014, 41.144060529148796 ], [ -111.242727677575999, 41.164382075298896 ], [ -111.233135083516999, 41.177009433000897 ], [ -111.236084705550994, 41.181668641485501 ], [ -111.235663547250994, 41.183921489767108 ], [ -111.229358476941002, 41.186348345938896 ], [ -111.225673257490001, 41.191355030212598 ], [ -111.230467916953003, 41.1949937452843 ], [ -111.231927962702997, 41.198134579084403 ], [ -111.230185039560993, 41.2010521370403 ], [ -111.231687499610999, 41.202657036867102 ], [ -111.227402280701995, 41.205111225728992 ], [ -111.227407168607996, 41.208245968416705 ], [ -111.221441397574011, 41.213027277549202 ], [ -111.222093275342004, 41.215309522741109 ], [ -111.233669244536003, 41.218268228541199 ], [ -111.242516554071017, 41.215403442663607 ], [ -111.252325637981002, 41.214684257222601 ], [ -111.256506229137997, 41.217589073435306 ], [ -111.252830984804007, 41.223551411345696 ], [ -111.254140860424997, 41.229065849495903 ], [ -111.281078520631993, 41.224998348838703 ], [ -111.282407107688996, 41.226261605005405 ], [ -111.281231535660993, 41.230358557797203 ], [ -111.269389566179001, 41.237759803248302 ], [ -111.270803155113995, 41.240526401848889 ], [ -111.277073765387996, 41.244614558422803 ], [ -111.278315616726999, 41.251799817103901 ], [ -111.276544059337994, 41.253434501952704 ], [ -111.276679855043994, 41.257046313868287 ], [ -111.280904544937002, 41.26127966798169 ], [ -111.273932484726998, 41.265164423097197 ], [ -111.277355961406997, 41.277190647854397 ], [ -111.269876706163998, 41.283639984109797 ], [ -111.261429219578005, 41.286951819642006 ], [ -111.259451038365995, 41.291037718405498 ], [ -111.261568143900007, 41.296319586060704 ], [ -111.274696694796006, 41.299658808923191 ], [ -111.274783253113, 41.301783531688898 ], [ -111.285811313590003, 41.305161609343003 ], [ -111.284474133767006, 41.309452607502998 ], [ -111.290180025067997, 41.308438505070491 ], [ -111.292382493768002, 41.30941477647481 ], [ -111.296831507115996, 41.318406617098503 ], [ -111.293501358756004, 41.320486933855094 ], [ -111.295080802612006, 41.33025626546501 ], [ -111.305368020990002, 41.333683885741586 ], [ -111.318395220965002, 41.343660634390289 ], [ -111.327111924023995, 41.345496276447903 ], [ -111.327120814707996, 41.353242849921507 ], [ -111.332025887328001, 41.35751194730009 ], [ -111.339647550788996, 41.355255806562795 ], [ -111.346632966216006, 41.359355982806299 ], [ -111.347921920991993, 41.362302099518089 ], [ -111.367149658716997, 41.361661369790482 ], [ -111.368200446090015, 41.36566641496379 ], [ -111.384157622380997, 41.373964330930406 ], [ -111.396291119839006, 41.373292652903793 ], [ -111.400764788431005, 41.369615559838593 ], [ -111.403680019418999, 41.369231553030296 ], [ -111.404742340680002, 41.362174841641497 ], [ -111.420739963059006, 41.361315787811392 ], [ -111.424025484235003, 41.356349524327392 ], [ -111.423767926273996, 41.347973352260198 ], [ -111.426217101700999, 41.343194750177602 ], [ -111.429647515575013, 41.341380461333102 ], [ -111.434422081343996, 41.34222727507931 ], [ -111.438166004896004, 41.338191157018201 ], [ -111.436346683777998, 41.336000195501299 ], [ -111.437787263939001, 41.334283264907903 ], [ -111.437499477589, 41.323421085008604 ], [ -111.443369231158997, 41.322074493897702 ], [ -111.444918879423, 41.318019552013993 ], [ -111.449372942723997, 41.315912461497199 ], [ -111.448434348998006, 41.310579052174198 ], [ -111.444104193925, 41.306249614538999 ], [ -111.442464972582002, 41.297905761281186 ], [ -111.439088629579004, 41.294923614691598 ], [ -111.442851393165014, 41.292346497752703 ], [ -111.439997116556, 41.289704660559991 ], [ -111.446133804780999, 41.285042049954896 ], [ -111.445148427511, 41.277988282303802 ], [ -111.457941927966004, 41.273587350081897 ], [ -111.458093542461, 41.26794787918049 ], [ -111.462185329598015, 41.266643411908483 ], [ -111.466742870364996, 41.262031054980305 ], [ -111.464292591676994, 41.258230665749089 ], [ -111.470979100446996, 41.25598308681181 ], [ -111.471520238265995, 41.251558041368391 ], [ -111.478108151919002, 41.250648108124203 ], [ -111.477341024116001, 41.245282637365094 ], [ -111.482486440374018, 41.245495394333794 ], [ -111.484853234526, 41.243576695661197 ], [ -111.494567369519004, 41.241142905026607 ], [ -111.491253169583999, 41.23761701901941 ], [ -111.497064004105013, 41.228863494904992 ], [ -111.496722121022003, 41.227045387035602 ], [ -111.503900983687998, 41.228878818237703 ], [ -111.506757566947002, 41.231059689503503 ], [ -111.510586026118006, 41.230835597165303 ], [ -111.512848604694, 41.228731221534602 ], [ -111.52238221188, 41.230255729156795 ], [ -111.526134731461994, 41.228757757297295 ], [ -111.535567529310995, 41.236167344107507 ], [ -111.554800381785995, 41.237909371691387 ], [ -111.560136376783007, 41.2402165590631 ], [ -111.583396338043997, 41.238326520266106 ], [ -111.591270435574003, 41.240758998741811 ], [ -111.596538121041007, 41.238669041227901 ], [ -111.609130250872994, 41.229280036743894 ], [ -111.606636573587011, 41.224122715040785 ], [ -111.611294824140998, 41.21059083744899 ], [ -111.614861135978003, 41.208014524733109 ], [ -111.622772178198005, 41.205800223917798 ], [ -111.624437584251993, 41.200314432014999 ], [ -111.631708645737007, 41.198648859821887 ], [ -111.641672203835, 41.198571257078605 ], [ -111.646361796736016, 41.192775500227107 ], [ -111.653630654127994, 41.189829439965401 ], [ -111.656896874508007, 41.1861392495627 ], [ -111.667374401052001, 41.187431092795201 ], [ -111.672616057162017, 41.185315279957194 ], [ -111.672266340752003, 41.183182457238594 ], [ -111.675829183082996, 41.183544439912509 ], [ -111.678082585230001, 41.181220675555195 ], [ -111.681691282033995, 41.181987562145409 ], [ -111.685586514345005, 41.180496158197407 ], [ -111.69522131357202, 41.18240662106259 ], [ -111.698632443505005, 41.181836499016505 ], [ -111.716935780616012, 41.1863360389519 ], [ -111.723070020766997, 41.192783339696909 ], [ -111.726755138168002, 41.193778028618787 ], [ -111.727672961367006, 41.197078108758291 ], [ -111.732666705236994, 41.197861655687909 ], [ -111.737045805175001, 41.20125218381839 ], [ -111.745222849203003, 41.20347403399721 ], [ -111.745992759003002, 41.212454341190195 ], [ -111.748202696012996, 41.214300114894598 ], [ -111.754780503928998, 41.214730097766001 ], [ -111.757650376117994, 41.210675755527703 ], [ -111.764648329094996, 41.207774027768892 ], [ -111.764186075731018, 41.211100975076093 ], [ -111.773681492105993, 41.218122200431701 ], [ -111.778642161971007, 41.216539425147594 ], [ -111.780993915283005, 41.218685367785099 ], [ -111.785377338071996, 41.217624163141195 ], [ -111.789886767965001, 41.218620206153297 ], [ -111.793325165168, 41.215876218153099 ], [ -111.799364718728995, 41.217131571942602 ], [ -111.806137296431004, 41.215886323665686 ], [ -111.808259137836998, 41.212367420910397 ], [ -111.812292998117996, 41.212046283758703 ], [ -111.813242656284004, 41.2087832654436 ], [ -111.817629058733999, 41.204703202640502 ], [ -111.828331624262006, 41.205009546469199 ], [ -111.839602937072996, 41.19941515039541 ], [ -111.858018827162994, 41.197725566935503 ], [ -111.860578982003005, 41.193693491271105 ], [ -111.872961677960006, 41.187827193828198 ], [ -111.872940491706999, 41.187578739006909 ], [ -111.868832231449005, 41.180781884691399 ], [ -111.876607873962996, 41.169750534174192 ], [ -111.871502022694003, 41.164970990438597 ], [ -111.870477838385, 41.160988260807493 ], [ -111.855244064613004, 41.154954521809998 ], [ -111.855022078241007, 41.15483906767129 ], [ -111.854808018653998, 41.150746582208392 ], [ -111.857523084543004, 41.148298780782795 ], [ -111.856259239788002, 41.139088619945305 ], [ -111.856025446071996, 41.138519257655105 ], [ -111.856800976830996, 41.137683865534903 ], [ -111.856777576309014, 41.136801266621994 ], [ -111.855151225865995, 41.136344941340603 ], [ -111.854660895571996, 41.136204454097999 ], [ -111.853364998318014, 41.135961840627701 ], [ -111.852538645747998, 41.135634667412496 ], [ -111.851627334303998, 41.135186509820393 ], [ -111.850896365295014, 41.134863123473281 ], [ -111.850585104458006, 41.134748319615198 ], [ -111.850477011558993, 41.134681558516093 ], [ -111.850141623607001, 41.134434462395802 ], [ -111.849989753269, 41.134315831267294 ], [ -111.849509212322005, 41.134008603699996 ], [ -111.849233465246002, 41.133875518463299 ], [ -111.848816827955005, 41.133441706303401 ], [ -111.848820868781999, 41.133293046246393 ], [ -111.847432739051996, 41.130506313909699 ], [ -111.846361914170998, 41.128762149360099 ], [ -111.846470566223999, 41.128410042780608 ], [ -111.846809701507993, 41.127452712401094 ], [ -111.845204208789994, 41.124420730789318 ], [ -111.844854385535001, 41.12315228050489 ], [ -111.844728234138998, 41.122139815320089 ], [ -111.844629607689996, 41.12188020973899 ], [ -111.844600173179003, 41.121442640865084 ], [ -111.844852505158002, 41.121148033352092 ], [ -111.845519680967001, 41.120691841957601 ], [ -111.845903441055995, 41.120428695933299 ], [ -111.846164316623003, 41.119408885418501 ], [ -111.846987894085004, 41.11870471959319 ], [ -111.847565237159003, 41.118583370483201 ], [ -111.848021007366995, 41.118363826348407 ], [ -111.848266243893008, 41.117982787467504 ], [ -111.848376736223997, 41.117775692470794 ], [ -111.848907834908999, 41.116839460366798 ], [ -111.849065167396006, 41.11666264644829 ], [ -111.849335964963004, 41.116417436437303 ], [ -111.849284435382003, 41.116116050939901 ], [ -111.849167865873, 41.115851176520295 ], [ -111.850619731031998, 41.115290081620095 ], [ -111.851176596958993, 41.115061671330892 ], [ -111.851431377642996, 41.114960701472604 ], [ -111.852835592250003, 41.114770156455897 ], [ -111.854722085583006, 41.113377963382 ], [ -111.855002186944006, 41.112934496615296 ], [ -111.855029718503005, 41.112917537544597 ], [ -111.855570038151001, 41.112637523314902 ], [ -111.855741729651996, 41.112559680760498 ], [ -111.855972533587007, 41.111531062532691 ], [ -111.855801360493018, 41.111190032965503 ], [ -111.854876410214999, 41.110124956642402 ], [ -111.854713887708002, 41.109991043555091 ], [ -111.854497834379998, 41.109862031252284 ], [ -111.854250200158006, 41.109593629789991 ], [ -111.854149291461994, 41.109067414006795 ], [ -111.853946996803998, 41.108713100335997 ], [ -111.854092354651002, 41.107982380279907 ], [ -111.854268122221995, 41.107760382733993 ], [ -111.854567175482998, 41.107402351493093 ], [ -111.854737102548015, 41.107189404473402 ], [ -111.855432733411007, 41.106188864678501 ], [ -111.856121558067997, 41.104665910783602 ], [ -111.856495793682001, 41.103221859073798 ], [ -111.856386504534015, 41.102601123623998 ], [ -111.856270620353001, 41.101930893336487 ], [ -111.855978234236005, 41.101424117294208 ], [ -111.855565669743015, 41.10083265750049 ], [ -111.855411967486006, 41.100459068323801 ], [ -111.855013377226001, 41.100026042508794 ], [ -111.854837687935998, 41.099793139620907 ], [ -111.854396660730004, 41.099300974017808 ], [ -111.854252493478, 41.099202955633295 ], [ -111.853890677329005, 41.098849823866587 ], [ -111.851618035263002, 41.097605532067888 ], [ -111.852895470565016, 41.096019691290792 ], [ -111.853101268149004, 41.095819992713501 ], [ -111.853681768646993, 41.095131088581098 ], [ -111.854316301226007, 41.09447781265429 ], [ -111.854665136500998, 41.093831156809401 ], [ -111.855138972351, 41.092724166413298 ], [ -111.855074246224007, 41.092323792728493 ], [ -111.854737819424997, 41.091905887646298 ], [ -111.853215616490004, 41.089473040305108 ], [ -111.852934187504999, 41.089282533775396 ], [ -111.851846093304019, 41.088528329705902 ], [ -111.851306530822001, 41.088235054772191 ], [ -111.850978123790995, 41.087697002882393 ], [ -111.851233986018997, 41.087226698660402 ], [ -111.851418474587007, 41.08676142526371 ], [ -111.851448840093994, 41.086346834397602 ], [ -111.851586389332994, 41.085012638570902 ], [ -111.851540770493997, 41.084706704766504 ], [ -111.851777946926006, 41.084173481437091 ], [ -111.852053894039003, 41.08295536503401 ], [ -111.851806334814995, 41.082223045660193 ], [ -111.851236018964016, 41.081848925539092 ], [ -111.850912176169999, 41.081662150097493 ], [ -111.850790815087009, 41.081482886784997 ], [ -111.850866996720001, 41.080928333765002 ], [ -111.850888422457999, 41.080743512039788 ], [ -111.850882323443003, 41.080270638322396 ], [ -111.850806864339006, 41.0794965094886 ], [ -111.850605610132021, 41.078660253356794 ], [ -111.850049564550019, 41.077542863302909 ], [ -111.849707195904003, 41.077302173059195 ], [ -111.849148721806998, 41.076918946854491 ], [ -111.848882784913002, 41.076141715829301 ], [ -111.848467737275001, 41.075802469403882 ], [ -111.848389050521007, 41.075330129592409 ], [ -111.848486606639995, 41.074955579871109 ], [ -111.848736545533995, 41.074489827860397 ], [ -111.849429682324995, 41.073314582754101 ], [ -111.849548092971006, 41.072803857663608 ], [ -111.850640949020004, 41.070782509353201 ], [ -111.850764902139019, 41.0702411147359 ], [ -111.850820636828004, 41.069947943467703 ], [ -111.851955353107996, 41.067948792808608 ], [ -111.851338645761004, 41.065813951498797 ], [ -111.850627902992002, 41.064783280378897 ], [ -111.850459233354002, 41.064532301336108 ], [ -111.850101318944994, 41.064003470253596 ], [ -111.849032865533005, 41.062362882963697 ], [ -111.846656098188006, 41.061245361598694 ], [ -111.846424658573, 41.061202021786492 ], [ -111.845768035248, 41.060669965729495 ], [ -111.845493883990002, 41.060227882721698 ], [ -111.844780316576006, 41.059745782756494 ], [ -111.844552836779002, 41.059639354056102 ], [ -111.844443738943994, 41.059018600830285 ], [ -111.844703415794996, 41.058386136795683 ], [ -111.844585949467003, 41.057576276632098 ], [ -111.844500176314995, 41.057383232954706 ], [ -111.844598943986, 41.056638447108597 ], [ -111.843935360958994, 41.056022656510997 ], [ -111.843876688446002, 41.054690800445691 ], [ -111.843844167051003, 41.054473945351184 ], [ -111.844218598302007, 41.053975761875087 ], [ -111.844134194469007, 41.052958473919801 ], [ -111.843930427455007, 41.05144661866489 ], [ -111.843854260935998, 41.051073343456892 ], [ -111.844193689063005, 41.050165551003701 ], [ -111.843617425266004, 41.04930049651329 ], [ -111.843032095659012, 41.048656201981402 ], [ -111.842857047928007, 41.048459305780703 ], [ -111.842027176431003, 41.047298832593697 ], [ -111.840304789593006, 41.045658430731301 ], [ -111.838648206062004, 41.044508461571198 ], [ -111.838538333485999, 41.043820146327398 ], [ -111.838395177341994, 41.042852823859803 ], [ -111.838354114349997, 41.042429744776996 ], [ -111.839044982320004, 41.041087023037484 ], [ -111.839239098906006, 41.040446038683704 ], [ -111.837826292395007, 41.040213101241207 ], [ -111.836326819842995, 41.039242115816009 ], [ -111.835881127280999, 41.038713874651492 ], [ -111.835675539571994, 41.038544212733903 ], [ -111.835179774172005, 41.037912739311196 ], [ -111.834973717826998, 41.037639847284105 ], [ -111.834829784180002, 41.037518921046498 ], [ -111.834687711222003, 41.037479413899604 ], [ -111.834094951476004, 41.037362096857791 ], [ -111.833617977423998, 41.037180882964392 ], [ -111.833556680217001, 41.03703719755449 ], [ -111.835153817502999, 41.036800433535191 ], [ -111.835797008368999, 41.036390408586392 ], [ -111.836414556891, 41.036304855906998 ], [ -111.836811236016999, 41.036157847522091 ], [ -111.837089370909993, 41.035574808472795 ], [ -111.837598490244005, 41.034444202309388 ], [ -111.837666904814, 41.034210396535492 ], [ -111.838189082046, 41.033548111385393 ], [ -111.838553102963999, 41.032797794943498 ], [ -111.838766484149005, 41.032270171841297 ], [ -111.838930325882004, 41.032057290035389 ], [ -111.839233701875003, 41.0315911664674 ], [ -111.839470297926994, 41.031224797285084 ], [ -111.83921116946, 41.030285162402194 ], [ -111.838636466573007, 41.029055241753099 ], [ -111.838382120974003, 41.028228350726899 ], [ -111.837536608954011, 41.025806825281293 ], [ -111.837644257885003, 41.02444582505251 ], [ -111.837849026453995, 41.024178598680393 ], [ -111.838260924725006, 41.022986538672086 ], [ -111.837687597089996, 41.022234029295902 ], [ -111.837152878417001, 41.021805527070505 ], [ -111.836442881029001, 41.021153993507895 ], [ -111.834416388649004, 41.020325526849597 ], [ -111.833995274299994, 41.020414151510998 ], [ -111.831971303198003, 41.020726946485588 ], [ -111.831729017989005, 41.020849403351107 ], [ -111.831130522156002, 41.0210203701319 ], [ -111.829885224584999, 41.02083116582579 ], [ -111.829213332904004, 41.020840505769492 ], [ -111.828670625726005, 41.020718295965303 ], [ -111.828261810740003, 41.020365415559795 ], [ -111.828128846163011, 41.020195217556001 ], [ -111.827288349203002, 41.019561680083989 ], [ -111.826564879575017, 41.018774159835992 ], [ -111.825914148896999, 41.0185716388795 ], [ -111.825711132855005, 41.018505532882308 ], [ -111.825319623826005, 41.018107477453597 ], [ -111.824455495150005, 41.01652823954641 ], [ -111.824252874931005, 41.016016227974298 ], [ -111.822572757762003, 41.014325702599798 ], [ -111.822190552486006, 41.013715879691695 ], [ -111.822025928645999, 41.013388258669401 ], [ -111.821827547894998, 41.012736586869011 ], [ -111.821759962295005, 41.0125614109946 ], [ -111.820996043937996, 41.009940996001298 ], [ -111.821170225564998, 41.009602852467495 ], [ -111.821550697936004, 41.008639878259494 ], [ -111.820647650547002, 41.006781635072791 ], [ -111.818786616961006, 41.006299424591788 ], [ -111.817961688541004, 41.006422386878995 ], [ -111.816377937054995, 41.005762511378101 ], [ -111.815877556822002, 41.005704979373697 ], [ -111.815419164356001, 41.005638680550298 ], [ -111.813281862693998, 41.005892495422195 ], [ -111.812192549884998, 41.005692989853607 ], [ -111.811412882016, 41.005225125857599 ], [ -111.810865307909012, 41.005193376497495 ], [ -111.810106644189005, 41.004901443572294 ], [ -111.809571968542002, 41.004450290791603 ], [ -111.809004948874005, 41.003970190639187 ], [ -111.807960364728004, 41.003158842552487 ], [ -111.807683954062, 41.002995835847102 ], [ -111.807075219899019, 41.002531056449889 ], [ -111.806209741057003, 41.001275977555501 ], [ -111.806433643749997, 41.000720412381696 ], [ -111.806486898835004, 40.999139115750502 ], [ -111.806022311903007, 40.998579358095689 ], [ -111.805866219536, 40.998454335842105 ], [ -111.805425146274004, 40.997871891007009 ], [ -111.805089928604005, 40.997194119870386 ], [ -111.804894970466009, 40.996317189718511 ], [ -111.804651448829006, 40.995845963563696 ], [ -111.804348981480999, 40.99541568473029 ], [ -111.804286747736001, 40.995186411865795 ], [ -111.803444610700012, 40.994372545501605 ], [ -111.803186868528996, 40.994099593907194 ], [ -111.802530892964, 40.993536650883996 ], [ -111.802052259131003, 40.993283250602303 ], [ -111.801639883082998, 40.9926105096661 ], [ -111.799499094240005, 40.990085085003201 ], [ -111.798357780081005, 40.989097596478103 ], [ -111.797921831246001, 40.988929460380191 ], [ -111.797278997557996, 40.988857339108193 ], [ -111.796589877200006, 40.988722387092203 ], [ -111.795561106812997, 40.987864800775803 ], [ -111.795362534917004, 40.987663487966991 ], [ -111.795164505282997, 40.98750721175 ], [ -111.794834962736019, 40.987288785097405 ], [ -111.794324362121003, 40.986841897727096 ], [ -111.793280757508995, 40.986060871970103 ], [ -111.793051132260999, 40.985747167030198 ], [ -111.792959014759006, 40.985500076863204 ], [ -111.792751548104007, 40.985051096744691 ], [ -111.792476562760001, 40.98442331836268 ], [ -111.792162129589002, 40.983478723672995 ], [ -111.791479623651, 40.982569084993607 ], [ -111.791160496990003, 40.982224462008695 ], [ -111.790533117826996, 40.981449561333704 ], [ -111.789969212787, 40.981012027731907 ], [ -111.789669004600995, 40.980757352336603 ], [ -111.789332131988004, 40.980418250590901 ], [ -111.789008093152006, 40.980158331715892 ], [ -111.788369516928, 40.97943754443309 ], [ -111.788084201947001, 40.978935038780797 ], [ -111.787786845197004, 40.978419102429903 ], [ -111.787343870501999, 40.977651931574101 ], [ -111.787036246225, 40.977271185599307 ], [ -111.786879812023997, 40.977110106694205 ], [ -111.785978490182998, 40.975778544114085 ], [ -111.785216029470007, 40.974126238683191 ], [ -111.785281569255019, 40.973639351576296 ], [ -111.785303575872021, 40.9734905670092 ], [ -111.785222802009997, 40.973193847875493 ], [ -111.785017188134006, 40.972993645512588 ], [ -111.784593638719997, 40.972756731590806 ], [ -111.783850328621995, 40.971712336921009 ], [ -111.783570757595996, 40.971187259812794 ], [ -111.783479523747999, 40.970507763346603 ], [ -111.781713471630994, 40.967893870694802 ], [ -111.781614451533002, 40.967660329617495 ], [ -111.780228933440995, 40.966467123709393 ], [ -111.779395263004005, 40.965306204085799 ], [ -111.778195674529002, 40.963746884730796 ], [ -111.777626162098997, 40.962912966841699 ], [ -111.777332384342998, 40.9626483058654 ], [ -111.777181643679995, 40.962501587966301 ], [ -111.776569878448996, 40.962014764457585 ], [ -111.776127746917993, 40.961806049451198 ], [ -111.775622223352997, 40.961359042383606 ], [ -111.775495694566999, 40.961107664415991 ], [ -111.77503415612901, 40.960254990516702 ], [ -111.774984151444002, 40.960043634310694 ], [ -111.775475910701999, 40.958909800320605 ], [ -111.776717546450001, 40.958392479551598 ], [ -111.777331043917997, 40.958259978130407 ], [ -111.779632996865004, 40.9582421826426 ], [ -111.780249046801998, 40.958084875930702 ], [ -111.780935269452002, 40.957832504670698 ], [ -111.781384862571997, 40.957667311089295 ], [ -111.78164825826201, 40.957331321896589 ], [ -111.782545102151019, 40.9568036640011 ], [ -111.786090957667, 40.958216347658897 ], [ -111.786432526156005, 40.958451564061406 ], [ -111.787078907481003, 40.9588581965345 ], [ -111.788705394481994, 40.959234433077697 ], [ -111.790977668812005, 40.960948436656999 ], [ -111.793579933334001, 40.960935057833211 ], [ -111.795145631297999, 40.960694561426102 ], [ -111.79638989032, 40.959911269828289 ], [ -111.798185760040013, 40.959052081712905 ], [ -111.799624592826007, 40.959627642968897 ], [ -111.800783739199005, 40.959673646672393 ], [ -111.801430000032013, 40.959561057932895 ], [ -111.802119099476002, 40.959551761580094 ], [ -111.805685874366006, 40.958729667333593 ], [ -111.806776331379993, 40.95801489977849 ], [ -111.808649572403993, 40.95718203188639 ], [ -111.809376820552998, 40.957379612735892 ], [ -111.810944768536018, 40.958305445121503 ], [ -111.811238903314006, 40.958551100685284 ], [ -111.812003475227002, 40.958883524864802 ], [ -111.813768543555994, 40.959889003482807 ], [ -111.814180464570995, 40.960048242341394 ], [ -111.814346591369997, 40.960029052684298 ], [ -111.814658429991994, 40.959780025658993 ], [ -111.814750096268, 40.959503727785993 ], [ -111.814961103624, 40.95878608656971 ], [ -111.815114045705997, 40.958477826594603 ], [ -111.815377129278005, 40.9579273683892 ], [ -111.815425743407999, 40.95743607895789 ], [ -111.815122111722999, 40.95690223952549 ], [ -111.814193977987003, 40.955345878711192 ], [ -111.813541446708001, 40.954458675096596 ], [ -111.812796652719001, 40.952828942905398 ], [ -111.809659684967002, 40.949409887260096 ], [ -111.807501686056995, 40.949280890424092 ], [ -111.806716741738001, 40.948727877356603 ], [ -111.806324308721003, 40.947721704808792 ], [ -111.805969144093993, 40.947336835710502 ], [ -111.805628052854999, 40.94713203106199 ], [ -111.805411048509995, 40.945894920121091 ], [ -111.805028530353994, 40.945212968493387 ], [ -111.804523911538993, 40.944748064342804 ], [ -111.803888136856003, 40.944243535547798 ], [ -111.803948531990997, 40.943923863808791 ], [ -111.804032078708005, 40.943377744552301 ], [ -111.804339665748998, 40.941312720642301 ], [ -111.802644432834995, 40.939644503603702 ], [ -111.802159282123, 40.939409162321802 ], [ -111.801968771152005, 40.93927446360621 ], [ -111.801598543313006, 40.93862033962251 ], [ -111.799991554982995, 40.936870395050796 ], [ -111.799291692102003, 40.936459970034306 ], [ -111.798974715452005, 40.936278399333197 ], [ -111.797284313109998, 40.935483864985308 ], [ -111.797144525698997, 40.935219089095796 ], [ -111.796074105402994, 40.934246120950696 ], [ -111.795580385234004, 40.93316250584791 ], [ -111.795443302812998, 40.93203291985261 ], [ -111.795215100711999, 40.931822800666197 ], [ -111.794390192029994, 40.93137807559421 ], [ -111.792626824748993, 40.930426330593008 ], [ -111.792188609780993, 40.929537527685596 ], [ -111.792116855718007, 40.9293872229103 ], [ -111.791962224087996, 40.928980572689298 ], [ -111.791221073299994, 40.928084837843691 ], [ -111.790997601089998, 40.927771083006604 ], [ -111.79102485125, 40.927068254095403 ], [ -111.793340620652998, 40.924066114534909 ], [ -111.792774420045006, 40.921408976282486 ], [ -111.792864028246996, 40.920957047390203 ], [ -111.793358055557007, 40.920061833704096 ], [ -111.793678904851006, 40.919582189007883 ], [ -111.793968581185993, 40.917490282431089 ], [ -111.793808995415006, 40.916658118401791 ], [ -111.793748451927996, 40.915964900162898 ], [ -111.793643912412008, 40.915663843401596 ], [ -111.792847072306998, 40.915065772162997 ], [ -111.791217246043018, 40.915216594301 ], [ -111.790493289771007, 40.914853121913907 ], [ -111.790062372959, 40.9145660093969 ], [ -111.789117709094, 40.914514824882204 ], [ -111.787645665143003, 40.914051955599092 ], [ -111.785992441012993, 40.913329063144708 ], [ -111.782448853126994, 40.91240729476479 ], [ -111.782013656263999, 40.911752644082398 ], [ -111.782000243846994, 40.911622115303203 ], [ -111.781684899460998, 40.910556774675406 ], [ -111.781440218238004, 40.908936946073894 ], [ -111.781227723617008, 40.90853751813939 ], [ -111.780778040158012, 40.908162216580799 ], [ -111.780468981373005, 40.907628316969998 ], [ -111.780183461134996, 40.907076240696192 ], [ -111.779812965190004, 40.906870655707593 ], [ -111.779388167205013, 40.906590667917904 ], [ -111.778479091131004, 40.903488955545797 ], [ -111.778363878166999, 40.903282542987 ], [ -111.778039112746995, 40.90292440364211 ], [ -111.777854138012998, 40.902843676170498 ], [ -111.776660567467005, 40.901798653470294 ], [ -111.776206164185993, 40.901013488744091 ], [ -111.776331296975997, 40.899530784919598 ], [ -111.776891896693002, 40.898738785412107 ], [ -111.777518665274002, 40.898275949970206 ], [ -111.777669178384997, 40.898202958966301 ], [ -111.778456533159996, 40.898021084665402 ], [ -111.780259497728011, 40.897887288648093 ], [ -111.78062395069901, 40.897583044930492 ], [ -111.780746265389993, 40.897384034780998 ], [ -111.781305469879001, 40.895974955858385 ], [ -111.781461377398017, 40.895604559957995 ], [ -111.781099536802003, 40.895625027807895 ], [ -111.780076382239002, 40.895942738759999 ], [ -111.778673556122015, 40.896280120505303 ], [ -111.777411445764997, 40.8964697017229 ], [ -111.776022819917003, 40.89599260675331 ], [ -111.775630351698013, 40.895932188981995 ], [ -111.774568295247008, 40.895461887882199 ], [ -111.774387400616007, 40.895219878984491 ], [ -111.773178681359994, 40.893876745852687 ], [ -111.772914861705999, 40.893648802903307 ], [ -111.77257231569601, 40.893286262415302 ], [ -111.771542809685002, 40.891014056813795 ], [ -111.771470591468997, 40.889906519838696 ], [ -111.771492865835, 40.889780254717792 ], [ -111.771158713830005, 40.889115875684404 ], [ -111.770749874271004, 40.888663689716289 ], [ -111.770135920464995, 40.887924606585493 ], [ -111.769615448430997, 40.888081221970801 ], [ -111.768850923580999, 40.888176404150492 ], [ -111.768406190223999, 40.888210897129994 ], [ -111.765269181378002, 40.888956923095087 ], [ -111.765050011913004, 40.888994410358706 ], [ -111.764029084675997, 40.888987665734795 ], [ -111.763849748221006, 40.888876249914098 ], [ -111.763466913854998, 40.888616643347206 ], [ -111.762634504451995, 40.887969949833696 ], [ -111.762234868535003, 40.887796929897 ], [ -111.762094961943006, 40.887500580545996 ], [ -111.761975126734995, 40.8868843036974 ], [ -111.761775568301999, 40.8865613230899 ], [ -111.761571674509995, 40.885860022008906 ], [ -111.761581581273006, 40.885688798823203 ], [ -111.761883404756006, 40.885096761467899 ], [ -111.762030007556007, 40.8849426517476 ], [ -111.762908730866997, 40.883941424768501 ], [ -111.763200787683004, 40.883534118723794 ], [ -111.763678434260996, 40.882648142905182 ], [ -111.763829257047007, 40.882448961372198 ], [ -111.764502524982007, 40.881132890772911 ], [ -111.764740552717001, 40.88067369060149 ], [ -111.764788452814003, 40.880195031680898 ], [ -111.764950218224996, 40.879297631877002 ], [ -111.765128639809006, 40.878301029771492 ], [ -111.765227957741004, 40.878165246156684 ], [ -111.766053905821011, 40.877745380816698 ], [ -111.766397375444001, 40.877683644152995 ], [ -111.766760485730998, 40.877164153499692 ], [ -111.766732706113004, 40.876916609498792 ], [ -111.767858901425001, 40.875778573689495 ], [ -111.76807125931002, 40.875669059927986 ], [ -111.768377302879998, 40.875450821877401 ], [ -111.768376157198006, 40.8753517380174 ], [ -111.768435898068006, 40.873846950788703 ], [ -111.768204807667004, 40.87336204087341 ], [ -111.768254365192007, 40.873029303749497 ], [ -111.768551942022995, 40.87259312017801 ], [ -111.768658062325997, 40.872431164051399 ], [ -111.768678316598994, 40.872232845983092 ], [ -111.768311602587005, 40.8723343808864 ], [ -111.768123144783999, 40.872457248447802 ], [ -111.767118497124997, 40.872810755052299 ], [ -111.765577299057, 40.872947111660899 ], [ -111.764158950609996, 40.873343875179295 ], [ -111.762568664762995, 40.873340887822998 ], [ -111.761890717621995, 40.87331383894329 ], [ -111.761303215420995, 40.873308709935898 ], [ -111.760886645211997, 40.873203358885895 ], [ -111.760570014718994, 40.87301627244031 ], [ -111.759760575372994, 40.872282924567791 ], [ -111.759148433622002, 40.87219777276821 ], [ -111.758519511501007, 40.872201910491498 ], [ -111.757076154144002, 40.872593346478403 ], [ -111.755113921776001, 40.8728584426864 ], [ -111.754687696613999, 40.872842314841193 ], [ -111.754163686203, 40.872679989127803 ], [ -111.753948964168003, 40.87258230131981 ], [ -111.752386984549005, 40.872457376072695 ], [ -111.751994472109004, 40.872378860889498 ], [ -111.751557168277998, 40.872012369752497 ], [ -111.751389968791003, 40.871918871654394 ], [ -111.750985696038001, 40.871849437961295 ], [ -111.748856126519996, 40.871376834164195 ], [ -111.746478002356994, 40.870959849810099 ], [ -111.746370396714994, 40.8708884795237 ], [ -111.745830350377005, 40.8703514729755 ], [ -111.745316418602997, 40.870025990909596 ], [ -111.744617710363002, 40.869625128702893 ], [ -111.744326135096003, 40.869550439825993 ], [ -111.744081419479002, 40.869421397920199 ], [ -111.744013635751998, 40.869196626821406 ], [ -111.743897416192993, 40.868355097101897 ], [ -111.742443241074, 40.866715940789902 ], [ -111.740960871582004, 40.865734555550496 ], [ -111.740542824810007, 40.865489510901909 ], [ -111.740308592389994, 40.865234276765499 ], [ -111.740254529593997, 40.865067969416906 ], [ -111.739564188496004, 40.862851841035308 ], [ -111.739232346653012, 40.862354005021096 ], [ -111.737837878319993, 40.860619818089098 ], [ -111.735202092505006, 40.860037592843511 ], [ -111.73244289277001, 40.858911085552798 ], [ -111.732161754244004, 40.858701174070909 ], [ -111.729659813655005, 40.85668113914339 ], [ -111.729438654244007, 40.856529395812899 ], [ -111.729062872559993, 40.8563425960008 ], [ -111.728896089534004, 40.856280591509496 ], [ -111.726973159837002, 40.855657637071303 ], [ -111.726836039388004, 40.855595442639903 ], [ -111.725738740910998, 40.855066354117994 ], [ -111.725535636640004, 40.854937010538592 ], [ -111.723425115238996, 40.855058366343599 ], [ -111.722566746699002, 40.855256165035691 ], [ -111.720864235769994, 40.855772546582998 ], [ -111.718234242032011, 40.853388223157097 ], [ -111.717701883223995, 40.853188397967301 ], [ -111.717686298725994, 40.85318444116529 ], [ -111.71660946760602, 40.853443370127209 ], [ -111.715910798070993, 40.853564817171311 ], [ -111.715279575593996, 40.853339019647699 ], [ -111.715187535840002, 40.853286169815085 ], [ -111.714909540685994, 40.853129616941999 ], [ -111.714217510633006, 40.852764560709403 ], [ -111.712445128107021, 40.8517755919504 ], [ -111.712372985686002, 40.851685953788895 ], [ -111.712141803446997, 40.851700893798203 ], [ -111.712041547232005, 40.851755562918299 ], [ -111.710240097048001, 40.852482834143188 ], [ -111.709235386551001, 40.852831333946803 ], [ -111.708083511824, 40.852730309956499 ], [ -111.707827745396997, 40.852665217734994 ], [ -111.707073423037002, 40.852574355215708 ], [ -111.706990477158996, 40.852583871987001 ], [ -111.706743410239, 40.852779065951992 ], [ -111.706212076848004, 40.853644240951802 ], [ -111.703670295604994, 40.856108428949 ], [ -111.703167510808996, 40.857368161956202 ], [ -111.702821826969014, 40.858338667820597 ], [ -111.702682170369002, 40.858596257004102 ], [ -111.701611814426997, 40.860607132833003 ], [ -111.701438312807994, 40.861031580939198 ], [ -111.700524879281005, 40.861613666952508 ], [ -111.700056270242001, 40.861621016117496 ], [ -111.699124226376, 40.861563610502301 ], [ -111.698483058574993, 40.861522453050299 ], [ -111.697516141383005, 40.861533709135294 ], [ -111.697409349514999, 40.861533454027793 ], [ -111.69543020307502, 40.861761603894003 ], [ -111.694295337384006, 40.861029754823903 ], [ -111.692991858689993, 40.860055681760102 ], [ -111.692532074626996, 40.8597701755006 ], [ -111.690823982230995, 40.858789497756604 ], [ -111.690503337468002, 40.85864728378619 ], [ -111.687218484224005, 40.858815538790601 ], [ -111.686802760801001, 40.858772072128517 ], [ -111.686028108827998, 40.858439768943505 ], [ -111.685636856830996, 40.85789258474491 ], [ -111.684592117706003, 40.857254691498802 ], [ -111.684084377049999, 40.856915385696496 ], [ -111.683659540437006, 40.856561172910304 ], [ -111.683396137862005, 40.856329416919699 ], [ -111.680927493941994, 40.856249428055008 ], [ -111.680037431602003, 40.856227653618298 ], [ -111.678279051426998, 40.855989375411895 ], [ -111.677981226498005, 40.8558704140654 ], [ -111.677188755358998, 40.855528246707998 ], [ -111.676771784337006, 40.855359534724897 ], [ -111.675067201760001, 40.855274935026095 ], [ -111.674677847154996, 40.855371800912394 ], [ -111.674393210402997, 40.85538247374199 ], [ -111.673927697246995, 40.855105934731597 ], [ -111.672132767096002, 40.853593991568999 ], [ -111.671817842085005, 40.853541775857309 ], [ -111.670222584127004, 40.853587089170091 ], [ -111.669961726248999, 40.853602117080399 ], [ -111.669638785054005, 40.853342749237591 ], [ -111.669199111853999, 40.85268318478699 ], [ -111.667277386551007, 40.851523227556584 ], [ -111.665433286920006, 40.850407832108601 ], [ -111.664541506264996, 40.850205780095095 ], [ -111.664202410830995, 40.850225749846103 ], [ -111.662983098564993, 40.849060772881991 ], [ -111.662814364197004, 40.848914004954594 ], [ -111.661959154874012, 40.848211757109596 ], [ -111.661928826524004, 40.848144368216893 ], [ -111.660796691197007, 40.846313147088701 ], [ -111.660633219820994, 40.8460978819395 ], [ -111.661380970856015, 40.844467582030497 ], [ -111.662481095036, 40.843443320670097 ], [ -111.664177629639994, 40.839307718185893 ], [ -111.664314230494995, 40.8387924617195 ], [ -111.664904384308997, 40.837254119668188 ], [ -111.665018548624019, 40.8366904362057 ], [ -111.665011482135, 40.835983316953602 ], [ -111.665107912053003, 40.835662962548902 ], [ -111.66556223162101, 40.835430627929384 ], [ -111.665903696832004, 40.835180926175497 ], [ -111.666059505434006, 40.834157572198201 ], [ -111.666068640524998, 40.833292711977506 ], [ -111.664493146192001, 40.829923641897004 ], [ -111.663615658176994, 40.829937701172405 ], [ -111.662698590852003, 40.830145662118504 ], [ -111.662390565337006, 40.830178960558591 ], [ -111.661004200565998, 40.8303040216488 ], [ -111.65931105109, 40.830588467063194 ], [ -111.657976925328995, 40.830600588008103 ], [ -111.657140711563997, 40.830591841591392 ], [ -111.656694832604998, 40.830477271070308 ], [ -111.656080537099996, 40.830121330237709 ], [ -111.654868168015994, 40.829248095837698 ], [ -111.654356551148993, 40.828477175400593 ] ], [ [ -111.780377666771003, 41.100059424161302 ], [ -111.781725953033998, 41.101061204820496 ], [ -111.78476447848, 41.103318666739902 ], [ -111.780377666771003, 41.100059424161302 ] ], [ [ -111.784395949699004, 41.139659803214606 ], [ -111.784787846726999, 41.139759048498703 ], [ -111.783555846471998, 41.139447048416493 ], [ -111.784395949699004, 41.139659803214606 ] ], [ [ -111.786502700310734, 41.136197649007769 ], [ -111.784395949699004, 41.139659803214606 ], [ -111.786502700310734, 41.136197649007769 ], [ -111.786502700310734, 41.136197649007769 ] ], [ [ -111.712892818108998, 41.037370042955303 ], [ -111.712412890875001, 41.037234719419089 ], [ -111.712282817439004, 41.037198042557193 ], [ -111.712892818108998, 41.037370042955303 ] ], [ [ -111.690748508070001, 41.031698946281793 ], [ -111.690623305955469, 41.031740427569908 ], [ -111.690623305955455, 41.031740427569908 ], [ -111.690748508070001, 41.031698946281793 ] ], [ [ -111.690623304497535, 41.031740426761992 ], [ -111.690607472373998, 41.031745673320586 ], [ -111.690623304497535, 41.031740426761992 ], [ -111.690623304497535, 41.031740426761992 ] ], [ [ -111.704763817327006, 41.043171043871787 ], [ -111.703954816505004, 41.043035044326402 ], [ -111.704195184859003, 41.043075452591715 ], [ -111.704763817327006, 41.043171043871787 ] ], [ [ -111.707117449196005, 41.065419558093296 ], [ -111.707120332036993, 41.065420240328002 ], [ -111.707122789482995, 41.065420876529501 ], [ -111.707120332046998, 41.065420241228708 ], [ -111.707117449196005, 41.065419558093296 ] ], [ [ -111.705539819788001, 41.065028087439416 ], [ -111.705539915257006, 41.065028111176602 ], [ -111.705540281740994, 41.065028213426103 ], [ -111.705539915267011, 41.0650281120774 ], [ -111.705539819788001, 41.065028087439416 ] ], [ [ -111.673045613720021, 41.048056647943199 ], [ -111.670929811826994, 41.049930047607091 ], [ -111.674456812062004, 41.046807046581385 ], [ -111.673045613720021, 41.048056647943199 ] ], [ [ -111.675252490218995, 41.026461472489693 ], [ -111.675192808990005, 41.026729045030407 ], [ -111.675252808685002, 41.0264600437391 ], [ -111.675252490218995, 41.026461472489693 ] ], [ [ -111.677419421096005, 41.036086225007701 ], [ -111.677443150434996, 41.0361320655499 ], [ -111.677419251181007, 41.03608589721091 ], [ -111.677419421096005, 41.036086225007701 ] ], [ [ -111.677418906921105, 41.036085231963796 ], [ -111.677418906921105, 41.036085231963796 ], [ -111.677413310077995, 41.036086955450997 ], [ -111.677418906921105, 41.036085231963796 ] ], [ [ -111.674087043988379, 41.037171941946774 ], [ -111.674155247444006, 41.037150166193904 ], [ -111.674087043988379, 41.037171941946774 ], [ -111.674087043988379, 41.037171941946774 ] ], [ [ -111.670900259224993, 41.038219278031093 ], [ -111.670899551357465, 41.038219495065199 ], [ -111.670900889929996, 41.038219059066208 ], [ -111.670900259224993, 41.038219278031093 ] ], [ [ -111.675580259396, 41.032394091152298 ], [ -111.675593631937005, 41.032419704771598 ], [ -111.675593809099993, 41.032420045140093 ], [ -111.675580259396, 41.032394091152298 ] ], [ [ -111.677907585051003, 41.03189621119661 ], [ -111.677907624203996, 41.0318962010574 ], [ -111.677907892177998, 41.031896115705905 ], [ -111.677907625402, 41.031896201951106 ], [ -111.677907585051003, 41.03189621119661 ] ], [ [ -111.674116361513271, 41.037233172158977 ], [ -111.674116361434002, 41.037233172184891 ], [ -111.674114061874704, 41.037228369500703 ], [ -111.674116361513271, 41.037233172158977 ] ], [ [ -111.672465810400993, 41.045869046924004 ], [ -111.670559810574005, 41.044911047081399 ], [ -111.670747396094995, 41.045005333946001 ], [ -111.672465810400993, 41.045869046924004 ] ], [ [ -111.662343660366005, 41.036238401510801 ], [ -111.66234380727407, 41.036238048147794 ], [ -111.662343813864993, 41.036238048411903 ], [ -111.662343660366005, 41.036238401510801 ] ] ] } },
{ "type": "Feature", "properties": { "name": "Northeast Utah" }, "geometry": { "type": "Polygon", "coordinates": [ [ [ -110.857790922888995, 39.813290755087898 ], [ -110.518206534702998, 39.811647195100591 ], [ -110.518201571101997, 39.806718408723199 ], [ -109.883091570676001, 39.806242147606397 ], [ -109.891813941411996, 39.803182987881598 ], [ -109.893745856319995, 39.801079613646792 ], [ -109.890563222444015, 39.797783170323306 ], [ -109.876923392299005, 39.792583933896097 ], [ -109.873906683952001, 39.7863469349574 ], [ -109.877156953042004, 39.78324751834711 ], [ -109.883244369159002, 39.78413066038631 ], [ -109.894048827608003, 39.788729141507602 ], [ -109.899750372298016, 39.788586027510803 ], [ -109.908645565043003, 39.785147184926302 ], [ -109.918378543788009, 39.785945586720807 ], [ -109.921608562032006, 39.799346243380583 ], [ -109.925627804466998, 39.799275411756305 ], [ -109.929412189835006, 39.796647986014101 ], [ -109.928592973468994, 39.791482293015001 ], [ -109.923739503226003, 39.784783608485192 ], [ -109.920985794195005, 39.773419133012702 ], [ -109.925122812926006, 39.7675560598272 ], [ -109.930359918370996, 39.749021547083892 ], [ -109.934122017777995, 39.747268589598811 ], [ -109.941444406017013, 39.750429604793091 ], [ -109.945087543309, 39.749958218822698 ], [ -109.947396814894006, 39.7401088164901 ], [ -109.953816265577998, 39.734589702684495 ], [ -109.953924478434999, 39.729824417935006 ], [ -109.948312970466006, 39.722831548340402 ], [ -109.950159078886017, 39.719582148678008 ], [ -109.952504155029999, 39.719121299383303 ], [ -109.961488195908998, 39.725085522163113 ], [ -109.960706784064001, 39.737805079647003 ], [ -109.965326156261995, 39.742234186904824 ], [ -109.970875468627995, 39.743035849393593 ], [ -109.984894213594004, 39.741330277760213 ], [ -109.991505365680993, 39.739356162079403 ], [ -109.992673397194011, 39.737685947903188 ], [ -109.992893082359004, 39.730610530939188 ], [ -109.983346788719999, 39.725594361041303 ], [ -109.978106544631999, 39.715322028934004 ], [ -109.970598440836, 39.709484803924809 ], [ -109.972369200662001, 39.70610823003399 ], [ -109.977635987702001, 39.704127478884701 ], [ -109.984690355877007, 39.705108403604001 ], [ -109.993468007378993, 39.70350897054621 ], [ -109.994279676898003, 39.693316667934702 ], [ -110.005104612759993, 39.687174982469102 ], [ -110.005217886538006, 39.684157589523402 ], [ -110.003300490564001, 39.682555380694694 ], [ -109.990510287172995, 39.684747857120584 ], [ -109.985964547411001, 39.682207062382595 ], [ -109.98479684566, 39.679529889239902 ], [ -109.987526855515995, 39.6746387457545 ], [ -109.984362496013006, 39.664204500714206 ], [ -109.988107154421002, 39.660038498297801 ], [ -109.987593492453001, 39.655695671455994 ], [ -109.99159801462001, 39.652851790092193 ], [ -109.996018738076003, 39.646191086549599 ], [ -109.999889374283001, 39.645701895661091 ], [ -110.005384987059003, 39.647708783720802 ], [ -110.010542445553, 39.646477905284193 ], [ -110.011385390423996, 39.637209176610391 ], [ -110.005290972542994, 39.634341484056293 ], [ -109.997226957083996, 39.626690130480505 ], [ -110.002320455474006, 39.624540023623204 ], [ -110.008836076918996, 39.6259923720377 ], [ -110.011314940817002, 39.624968320415093 ], [ -110.012983090334998, 39.616215638911903 ], [ -110.017670017463999, 39.613070277052685 ], [ -110.018039246325998, 39.609199029272183 ], [ -110.023814010395995, 39.607337542447191 ], [ -110.024980950881996, 39.603450442876102 ], [ -110.029076030526994, 39.600466327520493 ], [ -110.02828017845502, 39.594490426298592 ], [ -110.024931622420993, 39.59118716906729 ], [ -110.021087900996008, 39.589992533633698 ], [ -110.018550867225997, 39.586159818794805 ], [ -110.022935043508994, 39.579948191841702 ], [ -110.031837917500994, 39.577351183718108 ], [ -110.038096661645994, 39.566789113705212 ], [ -110.037203208237003, 39.5602628054747 ], [ -110.032773761041, 39.558604179758802 ], [ -110.028707352373004, 39.554299406354595 ], [ -110.028014289544004, 39.548081041247201 ], [ -110.030563452416004, 39.543038564768295 ], [ -110.029532633214004, 39.540178210733195 ], [ -110.033860437725011, 39.536488516591902 ], [ -110.044159610411, 39.535578034317595 ], [ -110.048242140950009, 39.533156230749597 ], [ -110.042999032821001, 39.5298469500216 ], [ -110.039697923464999, 39.5249586690719 ], [ -110.034794999374995, 39.523201597580197 ], [ -110.027407396686002, 39.524023029593302 ], [ -110.025429043797004, 39.521145689515592 ], [ -110.025667828047006, 39.511966189539784 ], [ -110.022334876242013, 39.499535501584504 ], [ -110.017814491826996, 39.496785290707997 ], [ -110.014676078256997, 39.490902016254694 ], [ -110.016547132224005, 39.4844664521124 ], [ -110.024470294121016, 39.47781147143661 ], [ -110.023845514496003, 39.474265154989695 ], [ -110.021109185149996, 39.471660680500293 ], [ -110.023968502347003, 39.469274530185501 ], [ -109.953360491531015, 39.469276197986588 ], [ -109.953360323484006, 39.461807431381793 ], [ -109.795089693852006, 39.461859636549988 ], [ -109.791706568034002, 39.461859129937302 ], [ -109.106907721471998, 39.462099606167897 ], [ -109.10452074262102, 39.463664436160187 ], [ -109.104307561357004, 39.469377600360083 ], [ -109.098988496412005, 39.469624099582695 ], [ -109.095878078688017, 39.471361611323694 ], [ -109.096097887697994, 39.478861246189595 ], [ -109.090269483738993, 39.484099346933405 ], [ -109.087578796152002, 39.492339464489298 ], [ -109.082927426821001, 39.489379761159796 ], [ -109.080356734499006, 39.49047164503191 ], [ -109.076763965029002, 39.489196855932299 ], [ -109.072864310756003, 39.499880727522793 ], [ -109.068518337962004, 39.495556054574799 ], [ -109.062973676422999, 39.499621708281396 ], [ -109.060155431948999, 39.498759337213691 ], [ -109.057265119976009, 39.499819239922495 ], [ -109.052948947626021, 39.497170273471703 ], [ -109.051236577202019, 39.497744857324797 ], [ -109.051248996230001, 40.441532543717301 ], [ -109.047766871530996, 40.609113550620194 ], [ -109.050037237403004, 41.000697444399194 ], [ -109.232489528075007, 41.002115090605102 ], [ -109.535999149109003, 40.99840755954331 ], [ -109.999679482781005, 40.997456584112399 ], [ -109.999670098893006, 40.994019300008794 ], [ -109.99908167688902, 40.92659086000301 ], [ -109.999074398713731, 40.91654691348068 ], [ -109.999002285605002, 40.813577886689394 ], [ -110.013355811295, 40.813749901643391 ], [ -110.025669845438017, 40.820588284988197 ], [ -110.035812621168006, 40.818254763153291 ], [ -110.042708585135017, 40.820676882851195 ], [ -110.052041569221998, 40.812299621554686 ], [ -110.064760636379006, 40.814205094060902 ], [ -110.074705398057006, 40.810168462152809 ], [ -110.088772619897, 40.811041635402702 ], [ -110.102876500072, 40.807913649821401 ], [ -110.110448089510996, 40.811341409656492 ], [ -110.123330415111994, 40.811768822427894 ], [ -110.126756410972007, 40.814974761813005 ], [ -110.139512660836999, 40.810998819849999 ], [ -110.146835678141997, 40.813643115842602 ], [ -110.148640837068996, 40.817588609576809 ], [ -110.158806824292995, 40.821022405576805 ], [ -110.167542521750008, 40.819807480148505 ], [ -110.17091946065301, 40.816777956516802 ], [ -110.175320542894994, 40.817575212001614 ], [ -110.184764396926994, 40.82150692992731 ], [ -110.188108332812007, 40.826377020975194 ], [ -110.196425602408993, 40.822606691123902 ], [ -110.202305803439998, 40.821751164970593 ], [ -110.214180523932995, 40.827395339671995 ], [ -110.221323412244999, 40.825570027930908 ], [ -110.225795663352002, 40.826469437865804 ], [ -110.229634718246004, 40.830855196641501 ], [ -110.238524408817995, 40.828207195810691 ], [ -110.248298157771998, 40.8327980109488 ], [ -110.255628261802997, 40.832759961274 ], [ -110.261292331652996, 40.834827761397783 ], [ -110.271392088021003, 40.832626381152402 ], [ -110.280604849436003, 40.82848628411719 ], [ -110.285886101548002, 40.82813713956741 ], [ -110.289818113714006, 40.828637956427379 ], [ -110.291730391190001, 40.8328251077385 ], [ -110.293557005576005, 40.833372307589094 ], [ -110.296737226166002, 40.832657553558398 ], [ -110.301786277139001, 40.826202167909798 ], [ -110.312170719970993, 40.824197116147602 ], [ -110.320332772731007, 40.820516001719803 ], [ -110.330319036313995, 40.819758236248099 ], [ -110.342746251093999, 40.823361908735102 ], [ -110.351313739770006, 40.815491981265701 ], [ -110.348857001535009, 40.809055118491486 ], [ -110.352311490139002, 40.803119971116402 ], [ -110.373856325199, 40.788168613478099 ], [ -110.391934660876018, 40.787147341303104 ], [ -110.395979943886999, 40.788704536331196 ], [ -110.400491623698002, 40.785210245351799 ], [ -110.411012262077008, 40.784305018551009 ], [ -110.416012090902996, 40.788547311587003 ], [ -110.424314129119011, 40.792011268745199 ], [ -110.432793668106001, 40.778283843155101 ], [ -110.437911089254001, 40.777826927156191 ], [ -110.444535932272998, 40.781340800807101 ], [ -110.454080392869017, 40.781404365212993 ], [ -110.457206222657021, 40.783216311613593 ], [ -110.460842077473998, 40.7800173131102 ], [ -110.461794340517997, 40.775828288141199 ], [ -110.472627295856995, 40.771851487832002 ], [ -110.480980343785006, 40.775010816405313 ], [ -110.487125466616007, 40.780294771110697 ], [ -110.497819828674011, 40.768653223915884 ], [ -110.523523914876009, 40.7615103192379 ], [ -110.527957497886007, 40.763664470714502 ], [ -110.533527528893003, 40.771086750417503 ], [ -110.540054708092001, 40.771356180613907 ], [ -110.54704275089, 40.773739557507803 ], [ -110.551400258268998, 40.765238987864002 ], [ -110.562017191560003, 40.75790174396019 ], [ -110.575887356741006, 40.756476140140592 ], [ -110.580198038158002, 40.758608917726995 ], [ -110.583187457774002, 40.762723161860002 ], [ -110.590411664531999, 40.761289634651199 ], [ -110.595475008818994, 40.757636496673101 ], [ -110.607033968639996, 40.757271047450708 ], [ -110.608088721677007, 40.759224993173 ], [ -110.618799676460995, 40.765071404699299 ], [ -110.62130513388, 40.768494805456299 ], [ -110.625215211696997, 40.769565175575991 ], [ -110.633751500209996, 40.765439628249993 ], [ -110.640138221583996, 40.756577252284799 ], [ -110.646677444169995, 40.753268780538797 ], [ -110.648737687654005, 40.746707794224093 ], [ -110.656493778796005, 40.740280968229989 ], [ -110.666162182687998, 40.741908368053394 ], [ -110.676954821509014, 40.738943712662703 ], [ -110.682020538219007, 40.740903641989703 ], [ -110.689634836530004, 40.741218049065289 ], [ -110.696107405467004, 40.74648099311289 ], [ -110.713196035557999, 40.752890208808694 ], [ -110.721887293649004, 40.746713552213393 ], [ -110.721667384865995, 40.745478839981693 ], [ -110.729467046411997, 40.745240640499091 ], [ -110.733832667740003, 40.746827299753299 ], [ -110.743007709914011, 40.744731066978702 ], [ -110.750744259366996, 40.747711871548802 ], [ -110.757865014746002, 40.742339870593696 ], [ -110.766360740769002, 40.741393456927796 ], [ -110.765231897909999, 40.7370399944787 ], [ -110.774330081618004, 40.731414224562002 ], [ -110.783005574762001, 40.731134475273308 ], [ -110.794823104735997, 40.718020554903596 ], [ -110.806421272644997, 40.711604785803701 ], [ -110.823417835746, 40.7104825294957 ], [ -110.831586848839009, 40.717886359011992 ], [ -110.837397495477006, 40.71904329636309 ], [ -110.847488928672007, 40.725273053029696 ], [ -110.854375473690993, 40.722191973040893 ], [ -110.861404320179005, 40.721552001985799 ], [ -110.875499754540016, 40.728396636488796 ], [ -110.892536875659999, 40.726823726060204 ], [ -110.892631854976997, 40.7266697653574 ], [ -110.894277501825997, 40.723140787011495 ], [ -110.890967420321999, 40.719836028801389 ], [ -110.887900219189007, 40.720157403259506 ], [ -110.885165722294005, 40.716335036366807 ], [ -110.886590605373996, 40.714611281284583 ], [ -110.896199633319, 40.713012271181192 ], [ -110.899978113079001, 40.707867139584792 ], [ -110.902838970944998, 40.706549808801689 ], [ -110.905016968154996, 40.694191675239793 ], [ -110.900659053210006, 40.683800946302291 ], [ -110.901961966082993, 40.68219399995899 ], [ -110.902899435966006, 40.431286387152198 ], [ -110.89660400647702, 40.431286153513085 ], [ -110.896711050052005, 40.25953592280711 ], [ -110.89669724119301, 40.252300099209599 ], [ -110.896413178168004, 40.13076031811201 ], [ -110.896392966370996, 40.125658057298587 ], [ -110.896281706240003, 40.08238988619199 ], [ -110.891800172131994, 40.08240704977591 ], [ -110.891857849478995, 40.057066712907989 ], [ -110.891876937744996, 40.053444733376203 ], [ -110.891666078105004, 39.899660212239198 ], [ -110.857658062666999, 39.899713286999202 ], [ -110.857790922888995, 39.813290755087898 ] ], [ [ -109.976703506206661, 39.985444563761043 ], [ -109.976703506205979, 39.985444566079394 ], [ -109.97255932078501, 39.989507058251 ], [ -109.976703506206661, 39.985444563761043 ] ], [ [ -110.240790440448279, 40.458793092199791 ], [ -110.250416264208994, 40.45471763458859 ], [ -110.240790440448293, 40.458793092199791 ], [ -110.240790440448279, 40.458793092199791 ] ], [ [ -110.116934056085, 40.279856643195501 ], [ -110.116883389761014, 40.279882081325603 ], [ -110.117845388709014, 40.279399081318502 ], [ -110.116934056085, 40.279856643195501 ] ], [ [ -110.058193353991996, 40.103500066746804 ], [ -110.058432190752995, 40.091103464583192 ], [ -110.058193353987605, 40.103500067252966 ], [ -110.058193353991996, 40.103500066746804 ] ], [ [ -110.367489327808002, 40.184125433604493 ], [ -110.365827984931528, 40.182245968618801 ], [ -110.365827984931528, 40.182245968618801 ], [ -110.367489327808002, 40.184125433604493 ] ], [ [ -110.389086826954994, 40.172425945922591 ], [ -110.389464432737995, 40.172412047822093 ], [ -110.389464432733703, 40.172412047921114 ], [ -110.389086826954994, 40.172425945922591 ] ], [ [ -110.389377264041002, 40.162530776629993 ], [ -110.389436900407006, 40.1631796237915 ], [ -110.390721939225998, 40.164083712047699 ], [ -110.389436900399019, 40.163179624692397 ], [ -110.389377264041002, 40.162530776629993 ] ], [ [ -110.389374415107994, 40.161949498032691 ], [ -110.389364430411007, 40.16195104725761 ], [ -110.389770431336999, 40.16188804662039 ], [ -110.389374415107994, 40.161949498032691 ] ], [ [ -110.778911514305818, 40.199103022261127 ], [ -110.778613797236005, 40.197328701298801 ], [ -110.778911514305818, 40.199103022261127 ], [ -110.778911514305818, 40.199103022261127 ] ], [ [ -110.668786484805707, 40.130467022308508 ], [ -110.668786484805679, 40.130467022308508 ], [ -110.67464326983, 40.129594824404592 ], [ -110.668786484805707, 40.130467022308508 ] ], [ [ -110.593936473252995, 40.15402503305031 ], [ -110.590470736754995, 40.150175164259593 ], [ -110.594108471371001, 40.15416303044659 ], [ -110.593936473252995, 40.15402503305031 ] ], [ [ -110.602787833684999, 40.296772724785107 ], [ -110.597549490335226, 40.296758047220635 ], [ -110.597549490335211, 40.296758047220635 ], [ -110.602787833684999, 40.296772724785107 ] ], [ [ -110.504336501208186, 40.5163250767907 ], [ -110.504201500573004, 40.5105970781756 ], [ -110.504336501260994, 40.516325076678598 ], [ -110.504336501208186, 40.5163250767907 ] ], [ [ -110.235520401083775, 40.180186061097572 ], [ -110.235520401083775, 40.180186061097572 ], [ -110.239646374648999, 40.181051308197894 ], [ -110.235520401083775, 40.180186061097572 ] ], [ [ -110.126243433154002, 40.605686119020298 ], [ -110.12632543331901, 40.605687118614902 ], [ -110.125722433007994, 40.605681118690697 ], [ -110.126243433154002, 40.605686119020298 ] ], [ [ -109.989931913616715, 40.476591734767943 ], [ -109.996688875605997, 40.4763760595009 ], [ -109.989931914446998, 40.476591734789409 ], [ -109.989931913616715, 40.476591734767943 ] ], [ [ -110.294103436043002, 40.359248078049802 ], [ -110.294168956636, 40.359245743670307 ], [ -110.294496437001996, 40.359234076774101 ], [ -110.294103436043002, 40.359248078049802 ] ], [ [ -110.284712435182996, 40.359322077932397 ], [ -110.284714301462998, 40.35932200118539 ], [ -110.284907435199997, 40.359314078275503 ], [ -110.284712435182996, 40.359322077932397 ] ], [ [ -110.284653435267998, 40.362935233613698 ], [ -110.284653986101006, 40.36293014236189 ], [ -110.284560435261994, 40.363795078134707 ], [ -110.284653435267998, 40.362935233613698 ] ], [ [ -110.030929377384993, 40.332222092293598 ], [ -110.030929377464417, 40.332222092295787 ], [ -110.030993823301998, 40.333098083475193 ], [ -110.030929377384993, 40.332222092293598 ] ], [ [ -109.858870346559016, 40.361466111341599 ], [ -109.858698346514998, 40.361464111255188 ], [ -109.858518346248999, 40.361490111032296 ], [ -109.858698350062994, 40.361464110389299 ], [ -109.858870346559016, 40.361466111341599 ] ], [ [ -109.853646982971, 40.360322545394197 ], [ -109.854397345020004, 40.360314111056205 ], [ -109.852528345256019, 40.360335111242691 ], [ -109.853646982971, 40.360322545394197 ] ], [ [ -109.479427272123019, 40.405836145027003 ], [ -109.479895271824006, 40.406041144428301 ], [ -109.479894452615, 40.406040785921903 ], [ -109.479427272123019, 40.405836145027003 ] ], [ [ -109.47558609024, 40.463772283777203 ], [ -109.475539454729912, 40.463778558223247 ], [ -109.475539454729969, 40.463778558223225 ], [ -109.47558609024, 40.463772283777203 ] ], [ [ -109.491080283408266, 40.448816149390055 ], [ -109.490270843245909, 40.448829546840507 ], [ -109.491080282625006, 40.448816149368085 ], [ -109.491080283408266, 40.448816149390055 ] ], [ [ -109.445542282619002, 40.361370817861797 ], [ -109.443222543466007, 40.36139426584851 ], [ -109.444495063187006, 40.361381408751697 ], [ -109.445542282619002, 40.361370817861797 ] ], [ [ -109.429311260893996, 40.40053914764129 ], [ -109.429152261045004, 40.400581148424102 ], [ -109.429464260253994, 40.40044214760519 ], [ -109.429311260893996, 40.40053914764129 ] ], [ [ -109.486042279562, 40.452655150375598 ], [ -109.486182283610006, 40.452749152119999 ], [ -109.486244279632999, 40.452860150064296 ], [ -109.486182280112999, 40.452749150272503 ], [ -109.486042279562, 40.452655150375598 ] ], [ [ -109.475539411236994, 40.463778564986598 ], [ -109.475516278648996, 40.463782152436302 ], [ -109.475539432684144, 40.463778561642151 ], [ -109.475539411236994, 40.463778564986598 ] ] ] } },
{ "type": "Feature", "properties": { "name": "Rich County" }, "geometry": { "type": "Polygon", "coordinates": [ [ [ -111.420739963059006, 41.361315787811392 ], [ -111.404742340680002, 41.362174841641497 ], [ -111.403680019418999, 41.369231553030296 ], [ -111.400764788431005, 41.369615559838593 ], [ -111.396291119839006, 41.373292652903793 ], [ -111.384157622380997, 41.373964330930406 ], [ -111.368200446090015, 41.36566641496379 ], [ -111.367149658716997, 41.361661369790482 ], [ -111.347921920991993, 41.362302099518089 ], [ -111.346632966216006, 41.359355982806299 ], [ -111.339647550788996, 41.355255806562795 ], [ -111.332025887328001, 41.35751194730009 ], [ -111.327120814707996, 41.353242849921507 ], [ -111.327111924023995, 41.345496276447903 ], [ -111.318395220965002, 41.343660634390289 ], [ -111.305368020990002, 41.333683885741586 ], [ -111.295080802612006, 41.33025626546501 ], [ -111.293501358756004, 41.320486933855094 ], [ -111.296831507115996, 41.318406617098503 ], [ -111.292382493768002, 41.30941477647481 ], [ -111.290180025067997, 41.308438505070491 ], [ -111.284474133767006, 41.309452607502998 ], [ -111.285811313590003, 41.305161609343003 ], [ -111.274783253113, 41.301783531688898 ], [ -111.274696694796006, 41.299658808923191 ], [ -111.261568143900007, 41.296319586060704 ], [ -111.259451038365995, 41.291037718405498 ], [ -111.261429219578005, 41.286951819642006 ], [ -111.269876706163998, 41.283639984109797 ], [ -111.277355961406997, 41.277190647854397 ], [ -111.273932484726998, 41.265164423097197 ], [ -111.280904544937002, 41.26127966798169 ], [ -111.276679855043994, 41.257046313868287 ], [ -111.276544059337994, 41.253434501952704 ], [ -111.278315616726999, 41.251799817103901 ], [ -111.277073765387996, 41.244614558422803 ], [ -111.270803155113995, 41.240526401848889 ], [ -111.269389566179001, 41.237759803248302 ], [ -111.281231535660993, 41.230358557797203 ], [ -111.282407107688996, 41.226261605005405 ], [ -111.281078520631993, 41.224998348838703 ], [ -111.254140860424997, 41.229065849495903 ], [ -111.252830984804007, 41.223551411345696 ], [ -111.256506229137997, 41.217589073435306 ], [ -111.252325637981002, 41.214684257222601 ], [ -111.242516554071017, 41.215403442663607 ], [ -111.233669244536003, 41.218268228541199 ], [ -111.222093275342004, 41.215309522741109 ], [ -111.221441397574011, 41.213027277549202 ], [ -111.227407168607996, 41.208245968416705 ], [ -111.227402280701995, 41.205111225728992 ], [ -111.231687499610999, 41.202657036867102 ], [ -111.230185039560993, 41.2010521370403 ], [ -111.231927962702997, 41.198134579084403 ], [ -111.230467916953003, 41.1949937452843 ], [ -111.225673257490001, 41.191355030212598 ], [ -111.229358476941002, 41.186348345938896 ], [ -111.235663547250994, 41.183921489767108 ], [ -111.236084705550994, 41.181668641485501 ], [ -111.233135083516999, 41.177009433000897 ], [ -111.242727677575999, 41.164382075298896 ], [ -111.264995905191014, 41.144060529148796 ], [ -111.262266906356999, 41.141031074554398 ], [ -111.244842128895002, 41.144798740627401 ], [ -111.244539765379002, 41.1452047429487 ], [ -111.241131807797004, 41.142000574389009 ], [ -111.233746875812002, 41.1428400273618 ], [ -111.232835456895998, 41.142886913127896 ], [ -111.230619579963005, 41.144738011430192 ], [ -111.230047684759001, 41.144766176223399 ], [ -111.221642108224998, 41.152290824415303 ], [ -111.221173370499997, 41.152890756800396 ], [ -111.216903830557001, 41.155623792081194 ], [ -111.216517786081994, 41.156020869776597 ], [ -111.211377375137005, 41.158633724837301 ], [ -111.210968273196002, 41.159287558963101 ], [ -111.209028537017005, 41.160259447818291 ], [ -111.208820060112998, 41.160291353874385 ], [ -111.187350590926997, 41.169774036082295 ], [ -111.186003786334012, 41.169869901677203 ], [ -111.175330507070001, 41.170625296028206 ], [ -111.174777910044, 41.171279213410301 ], [ -111.167655039601001, 41.176055062986585 ], [ -111.161664288631997, 41.176050065666686 ], [ -111.161038413848999, 41.17606445795969 ], [ -111.159657477718, 41.176904116948798 ], [ -111.15876218816102, 41.176932384645404 ], [ -111.151669994193995, 41.182301694477708 ], [ -111.140872132107006, 41.187224712015905 ], [ -111.141309459637, 41.190971479268804 ], [ -111.140349699203995, 41.19106183229389 ], [ -111.129498959652011, 41.197574666716903 ], [ -111.133280320566996, 41.206785453853094 ], [ -111.131062863631996, 41.207338383075204 ], [ -111.130216174358011, 41.207433025806992 ], [ -111.121720220873001, 41.208861063726189 ], [ -111.110314808986999, 41.214696164562106 ], [ -111.101292030975998, 41.207943921839799 ], [ -111.09986247502502, 41.209210884507101 ], [ -111.092081484258998, 41.223530953824302 ], [ -111.085630547910995, 41.23085479887159 ], [ -111.084896462416012, 41.231571471260693 ], [ -111.083701329109999, 41.232887493142194 ], [ -111.074966586311007, 41.244234412715102 ], [ -111.067345187081003, 41.248891681771397 ], [ -111.059667057850007, 41.251422608528507 ], [ -111.046777674770993, 41.251635481799298 ], [ -111.046726107807999, 42.001708321719398 ], [ -111.507797699866003, 41.999560198933395 ], [ -111.507758358741995, 41.987577936748409 ], [ -111.498023043429001, 41.985540047723497 ], [ -111.494047314927997, 41.979549783108702 ], [ -111.484650964568004, 41.975672835134901 ], [ -111.483366343770996, 41.9638110479329 ], [ -111.480063102935006, 41.962649534366889 ], [ -111.476089891162005, 41.958198757323792 ], [ -111.477656812307998, 41.953923071276996 ], [ -111.473248554646005, 41.946997150366492 ], [ -111.476834370706001, 41.93585090024721 ], [ -111.471563158446003, 41.928499749888601 ], [ -111.473320392890002, 41.925551816702999 ], [ -111.473451424394995, 41.925330611061895 ], [ -111.473196043325004, 41.923413225125699 ], [ -111.475381656230994, 41.922958309828189 ], [ -111.477888562282999, 41.918710276731787 ], [ -111.478051722844995, 41.913102885239702 ], [ -111.481395688738004, 41.911364122774799 ], [ -111.491331897787006, 41.910479900104804 ], [ -111.492725040888999, 41.91210865891609 ], [ -111.500925077377005, 41.912176754638701 ], [ -111.503464187616999, 41.913822897146794 ], [ -111.505300487216999, 41.911198373225602 ], [ -111.508808763561007, 41.911876345287403 ], [ -111.511632491916998, 41.908378229669296 ], [ -111.511876325749, 41.904941057877792 ], [ -111.504586646630003, 41.902469436456308 ], [ -111.500430732962997, 41.898285956141891 ], [ -111.500048999192003, 41.892622343751583 ], [ -111.503073023195995, 41.887804907281399 ], [ -111.494083285455005, 41.887307131421096 ], [ -111.492174223733997, 41.883721610045896 ], [ -111.494412071328995, 41.87367755239039 ], [ -111.502419423324994, 41.86822603605421 ], [ -111.509369705636004, 41.868672783954096 ], [ -111.501976773813993, 41.860932429345596 ], [ -111.507789178864016, 41.852431426790289 ], [ -111.500604414207004, 41.849495204934492 ], [ -111.460896724527998, 41.818024682356693 ], [ -111.462001241791995, 41.812553041040395 ], [ -111.459335572946998, 41.807645943709993 ], [ -111.453866450830006, 41.803718137916192 ], [ -111.450844859049994, 41.792538894871385 ], [ -111.454347494505996, 41.788314338827291 ], [ -111.453040998252007, 41.78564893123761 ], [ -111.454992197959996, 41.783326428391604 ], [ -111.454658745567997, 41.779562829824897 ], [ -111.451511933182005, 41.778688052084789 ], [ -111.452303037747996, 41.77568111001051 ], [ -111.449539520643995, 41.771940543811404 ], [ -111.446509064208996, 41.773033200768303 ], [ -111.443284321237996, 41.771262302859604 ], [ -111.445415889762003, 41.760239390951 ], [ -111.441616263377, 41.756983609931602 ], [ -111.441100393314997, 41.752617184957501 ], [ -111.442837124617995, 41.749971444933003 ], [ -111.441955244585998, 41.747655529362198 ], [ -111.445213581809, 41.744891300616395 ], [ -111.440614487464998, 41.741540394972503 ], [ -111.441993544634997, 41.735703034228194 ], [ -111.428814665090997, 41.726750412680609 ], [ -111.420192136335999, 41.724634979981197 ], [ -111.418039769136001, 41.721813708459301 ], [ -111.417045419464998, 41.712130199184585 ], [ -111.421178745815993, 41.706332567770495 ], [ -111.421621698197995, 41.701277956839796 ], [ -111.41983092747202, 41.696844004673494 ], [ -111.423090156528005, 41.697210351946111 ], [ -111.426864970628003, 41.6946653929215 ], [ -111.423943763089994, 41.691771408952803 ], [ -111.426825977929994, 41.677858227397095 ], [ -111.423180747760995, 41.674358919488498 ], [ -111.414670883772004, 41.675574376807511 ], [ -111.414407121167997, 41.667230196227891 ], [ -111.412759771181001, 41.666029163721788 ], [ -111.406056525501995, 41.665949458113204 ], [ -111.406741161431, 41.663078253793003 ], [ -111.402244091751996, 41.6594191521352 ], [ -111.401535505433998, 41.654593780002294 ], [ -111.408096342776005, 41.649423965708898 ], [ -111.408769327046997, 41.644750442152102 ], [ -111.416508481017004, 41.639142698382706 ], [ -111.410651958787014, 41.627310270332103 ], [ -111.414971963970004, 41.624227795433406 ], [ -111.415389705273995, 41.623852486590899 ], [ -111.417697374808, 41.622434491986795 ], [ -111.422803446169993, 41.624037154661004 ], [ -111.429866629412004, 41.61839942585889 ], [ -111.426538345132002, 41.610598037694402 ], [ -111.427994414932002, 41.605733212060095 ], [ -111.427224830078003, 41.592765606988884 ], [ -111.429222985823003, 41.590110024045586 ], [ -111.426879066351006, 41.585813268391 ], [ -111.427178170212997, 41.58113737112491 ], [ -111.427635537447998, 41.5786452085352 ], [ -111.430453741229996, 41.576707073801607 ], [ -111.429417014704001, 41.566879469638302 ], [ -111.433461827090994, 41.552961479435893 ], [ -111.435732281350994, 41.550885676560405 ], [ -111.442015552064007, 41.549145783444494 ], [ -111.442624401158, 41.546129629847002 ], [ -111.445112341330002, 41.544387015846695 ], [ -111.442268952627003, 41.532674905280302 ], [ -111.443104857039003, 41.531325085410089 ], [ -111.448519661649001, 41.531704922397587 ], [ -111.452127967644998, 41.53000641420789 ], [ -111.456992626599003, 41.532275058151995 ], [ -111.459115217057004, 41.531546014146898 ], [ -111.458845975003001, 41.528898021437897 ], [ -111.456079620254002, 41.526874258444586 ], [ -111.457634195488012, 41.523805574442996 ], [ -111.456428748638004, 41.521121658787891 ], [ -111.464595629063993, 41.515108051951707 ], [ -111.466712557611004, 41.509510386066708 ], [ -111.478197996595, 41.503761517635098 ], [ -111.474702364094, 41.500087464296385 ], [ -111.478031279964995, 41.497384961392797 ], [ -111.475059165467002, 41.494807640677401 ], [ -111.475548106136998, 41.488766138587692 ], [ -111.480110867007994, 41.483716531463593 ], [ -111.481538629851002, 41.4767523068898 ], [ -111.484109852925002, 41.475430931586303 ], [ -111.482847833918001, 41.474832108809402 ], [ -111.484109926824004, 41.475430883535807 ], [ -111.490502187681997, 41.472611540655009 ], [ -111.488640692890002, 41.468733644931497 ], [ -111.489898077391004, 41.466331359862494 ], [ -111.500768970760021, 41.464456080065986 ], [ -111.503550062876002, 41.459417774019009 ], [ -111.503166143445995, 41.45389786882069 ], [ -111.505072069286001, 41.451871839898097 ], [ -111.502901067560003, 41.449030479805387 ], [ -111.505990931701007, 41.443779073193497 ], [ -111.500754666003004, 41.437685887930293 ], [ -111.506614885304998, 41.433192504902102 ], [ -111.507121872835, 41.4291369427051 ], [ -111.510666260340003, 41.427828631397098 ], [ -111.510331004384, 41.423988408948503 ], [ -111.510915776424, 41.423017504119301 ], [ -111.510518718274994, 41.420452119770495 ], [ -111.506395039721994, 41.417993269846797 ], [ -111.508214693081001, 41.414256124105002 ], [ -111.501541256485993, 41.412357793419289 ], [ -111.499416439553997, 41.408322644831102 ], [ -111.490829621626006, 41.404836738809699 ], [ -111.484555552738996, 41.404805683304396 ], [ -111.482010820192016, 41.4014025038678 ], [ -111.475449540867004, 41.399835462397498 ], [ -111.478362933846995, 41.390919393903403 ], [ -111.477440626800998, 41.384203560836291 ], [ -111.462702414918994, 41.379503249417205 ], [ -111.459839583060997, 41.373758860974505 ], [ -111.447833448747005, 41.372864913158601 ], [ -111.445694102645007, 41.371278869729302 ], [ -111.445867697633005, 41.366931117925901 ], [ -111.437214876271, 41.366631935445092 ], [ -111.432592837569999, 41.362010470415093 ], [ -111.423807177209994, 41.365083236821995 ], [ -111.420739963059006, 41.361315787811392 ] ] ] } },
{ "type": "Feature", "properties": { "name": "Salt Lake County" }, "geometry": { "type": "Polygon", "coordinates": [ [ [ -112.062894308970996, 40.449713789814993 ], [ -112.062069640708998, 40.449907492142003 ], [ -112.059482940511998, 40.452948295427589 ], [ -112.059390580675, 40.452999591535999 ], [ -112.058893005832999, 40.4530807261484 ], [ -112.057474659335995, 40.453931534065489 ], [ -112.054254181991993, 40.454929404203405 ], [ -112.053212947445004, 40.45516411787451 ], [ -112.049844908145005, 40.455933484174395 ], [ -112.049340644617018, 40.4560416650314 ], [ -112.043779742865993, 40.459534297706 ], [ -112.043573540443006, 40.459615707775903 ], [ -112.040452245712004, 40.462463166642593 ], [ -112.040169540617001, 40.462823541584498 ], [ -112.038228508445997, 40.4646112313822 ], [ -112.038044196653999, 40.464591265652707 ], [ -112.037628900464, 40.464431033839091 ], [ -112.037210662495994, 40.464386140111401 ], [ -112.033418134769008, 40.462821041883501 ], [ -112.033243117962002, 40.462714500428 ], [ -112.032819531146004, 40.458084133434902 ], [ -112.032807910526003, 40.457864421220798 ], [ -112.030800279406009, 40.452829273856601 ], [ -112.030955237886999, 40.452551319732706 ], [ -112.031466596505993, 40.451287318411808 ], [ -112.031534084738993, 40.451150682283696 ], [ -112.027168206799999, 40.450209397042492 ], [ -112.025721111463, 40.450510531268598 ], [ -112.02441233677601, 40.450214034433984 ], [ -112.024155905502994, 40.449946040672295 ], [ -112.022534234838005, 40.448144209076894 ], [ -112.022350487607, 40.448002593294703 ], [ -112.020691001965005, 40.447436186400999 ], [ -112.020584082734999, 40.447383978102685 ], [ -112.021034774780006, 40.446853879555896 ], [ -112.021225343554008, 40.446667514099509 ], [ -112.021661960952017, 40.446298796326893 ], [ -112.0223202504, 40.4458515411295 ], [ -112.024545721622005, 40.445097613608503 ], [ -112.024687224825001, 40.444864831151598 ], [ -112.024760464970996, 40.443864196329997 ], [ -112.024732901658993, 40.443679758648202 ], [ -112.024576552333997, 40.443167638402493 ], [ -112.023092383961995, 40.442103321687 ], [ -112.021702709868009, 40.440579598121893 ], [ -112.021640844573994, 40.440387354747898 ], [ -112.021585797911996, 40.439788750275611 ], [ -112.021606512752015, 40.439599380571096 ], [ -112.021145887385998, 40.438612472825199 ], [ -112.020896362331001, 40.4384074723353 ], [ -112.020514823406003, 40.43812706125469 ], [ -112.020031788520996, 40.437761960077104 ], [ -112.018322951654, 40.436250919850409 ], [ -112.017925722637003, 40.436101267229205 ], [ -112.016364878318001, 40.435016816669901 ], [ -112.016159908313995, 40.435024895120499 ], [ -112.014526204583007, 40.435289721577092 ], [ -112.014444429812002, 40.435339988161402 ], [ -112.014013736349, 40.435708627274693 ], [ -112.013888136780011, 40.435902519338597 ], [ -112.011702588584001, 40.436869403610991 ], [ -112.011292127622013, 40.43701623665681 ], [ -112.010875293138994, 40.437209970241092 ], [ -112.010763528549006, 40.437226262668098 ], [ -112.010645316435998, 40.437205674883295 ], [ -112.010600537751998, 40.43712858985959 ], [ -112.009468803803017, 40.435797954433603 ], [ -112.009190606462994, 40.435801284361801 ], [ -112.006618155615001, 40.434784086471197 ], [ -112.006620808874004, 40.434487670502101 ], [ -112.006754123872994, 40.433861291717996 ], [ -112.006926758963999, 40.433657988690705 ], [ -112.007291051403001, 40.433578239288494 ], [ -112.008071864862998, 40.433442605642497 ], [ -112.008646868906993, 40.433183538915202 ], [ -112.008851916796999, 40.433019589371497 ], [ -112.008339367453999, 40.430908770413097 ], [ -112.008148390846998, 40.430672600917802 ], [ -112.00665454493101, 40.428527985148193 ], [ -112.006535672621993, 40.427987584636497 ], [ -112.006542101389996, 40.427628073071503 ], [ -112.006556827598999, 40.427429748777499 ], [ -112.006145838544995, 40.4264306344323 ], [ -112.003960935498, 40.427031605662201 ], [ -112.003038528703996, 40.427074747370902 ], [ -112.001757567300004, 40.4266291025124 ], [ -112.001307404871, 40.426083458560498 ], [ -111.997998213707007, 40.4243967753535 ], [ -111.997416955624999, 40.4241504428472 ], [ -111.995719649002993, 40.424562367739583 ], [ -111.995566714347007, 40.424583504501392 ], [ -111.992787954966005, 40.424323619960305 ], [ -111.992526851465996, 40.4229204697033 ], [ -111.992552081548993, 40.422231070239597 ], [ -111.992140296985994, 40.420038228124184 ], [ -111.991815390827995, 40.419986962389594 ], [ -111.990691038554999, 40.419274987400996 ], [ -111.990151351858003, 40.419045378636703 ], [ -111.989517132428006, 40.418799459514304 ], [ -111.989127003811006, 40.418720816720203 ], [ -111.985741072387995, 40.418191182297498 ], [ -111.983542726783995, 40.416082895080002 ], [ -111.98299863065202, 40.415465905687093 ], [ -111.982387890764997, 40.4144801132976 ], [ -111.981973281977005, 40.414174628829784 ], [ -111.981045011977002, 40.415101421703191 ], [ -111.980804593767999, 40.415265622523798 ], [ -111.978770973986997, 40.416862124552992 ], [ -111.978669477691994, 40.417097216240911 ], [ -111.974337627337007, 40.417167138114792 ], [ -111.973026677586006, 40.417477275894903 ], [ -111.969648390393004, 40.418616462191899 ], [ -111.969490576083999, 40.418707875128696 ], [ -111.966884688118, 40.419878338501903 ], [ -111.966494766018997, 40.4198951123185 ], [ -111.966033747287995, 40.419803470730493 ], [ -111.965678687308994, 40.419702834233199 ], [ -111.961407173379001, 40.418559164071191 ], [ -111.961080732838994, 40.418480797749901 ], [ -111.958502530087003, 40.419618410266892 ], [ -111.958429475418995, 40.419869464604695 ], [ -111.958361127071996, 40.4203691267412 ], [ -111.958359434600993, 40.420415987281203 ], [ -111.957358711848002, 40.42199814099321 ], [ -111.955060497749002, 40.421359496886701 ], [ -111.953331165148001, 40.422772859181997 ], [ -111.952435318601005, 40.423276635822795 ], [ -111.951904263168004, 40.423317946375093 ], [ -111.951450275284003, 40.423307269275803 ], [ -111.946026615042996, 40.424821137459404 ], [ -111.945787444075009, 40.424998768763196 ], [ -111.944515962368001, 40.425959607275999 ], [ -111.943071956147008, 40.426809227525304 ], [ -111.942041527352004, 40.427308616107901 ], [ -111.941737255167993, 40.427468751612608 ], [ -111.941175542238994, 40.42776611660949 ], [ -111.940701728405998, 40.428026727896494 ], [ -111.940440499779996, 40.428212129348204 ], [ -111.938527237488003, 40.429422769540906 ], [ -111.937931674747006, 40.429661835471599 ], [ -111.937684704412007, 40.429789964099292 ], [ -111.937357085105006, 40.429968295320386 ], [ -111.932240272257999, 40.432933071523202 ], [ -111.931760803993996, 40.433216214086706 ], [ -111.930066611418994, 40.434404892488097 ], [ -111.918904972269004, 40.443671283285894 ], [ -111.918657367519003, 40.444001716716002 ], [ -111.918638701310996, 40.44403375665199 ], [ -111.916802592799996, 40.448187933474401 ], [ -111.916566138088996, 40.448577192146004 ], [ -111.914914696733007, 40.452018167911099 ], [ -111.914865867288995, 40.452243777241399 ], [ -111.907552317916995, 40.453508625394505 ], [ -111.901044902836006, 40.463316184589814 ], [ -111.898898645968998, 40.463525686597897 ], [ -111.896523651465003, 40.463769355262691 ], [ -111.896309947730003, 40.463771012662498 ], [ -111.895362428539002, 40.463787365381698 ], [ -111.894205445774006, 40.463707133971795 ], [ -111.893624067825996, 40.463716134767608 ], [ -111.893394684135004, 40.463762952527006 ], [ -111.891979384701997, 40.46430630961509 ], [ -111.891758313227015, 40.464446752588891 ], [ -111.891516367891995, 40.464971135451805 ], [ -111.891324966659994, 40.465571703681292 ], [ -111.891300482579993, 40.465950266394707 ], [ -111.891160856396013, 40.466095485459995 ], [ -111.890575841653998, 40.466455846195394 ], [ -111.890299387932018, 40.466512029397002 ], [ -111.889124880774006, 40.466894939822097 ], [ -111.882899311024019, 40.472041700561299 ], [ -111.882766613586995, 40.472267936557991 ], [ -111.873363128064994, 40.477060037598797 ], [ -111.870669197713994, 40.476832618735401 ], [ -111.868562382194, 40.472636811277908 ], [ -111.862982944380008, 40.469257023399003 ], [ -111.860436627246003, 40.470327617301699 ], [ -111.857724700803004, 40.46938445182559 ], [ -111.856401286784006, 40.471435684043897 ], [ -111.854044067925003, 40.471319794320202 ], [ -111.853422995838002, 40.471348525778801 ], [ -111.853081356480004, 40.471432473112003 ], [ -111.852389402371998, 40.471498583922994 ], [ -111.851811383970997, 40.471396540199201 ], [ -111.851728064637001, 40.471400097437098 ], [ -111.851228182537, 40.471565107128406 ], [ -111.851205129809003, 40.471580236200104 ], [ -111.851182787613993, 40.471595583455397 ], [ -111.851130408898996, 40.471633795792791 ], [ -111.851072250480001, 40.47168429827731 ], [ -111.850982624869005, 40.471774893239598 ], [ -111.850889207475007, 40.471953416868104 ], [ -111.850873408471998, 40.472092392888484 ], [ -111.850942782863001, 40.472440854806599 ], [ -111.851071269588999, 40.472713509276403 ], [ -111.851142391729994, 40.472923806578407 ], [ -111.851136546695002, 40.473217924659295 ], [ -111.845904319721001, 40.476660772904602 ], [ -111.843734436785994, 40.476689779742195 ], [ -111.842142284741996, 40.474283851873395 ], [ -111.836227120409021, 40.474916613892802 ], [ -111.834788844089005, 40.481775940804106 ], [ -111.826321603793019, 40.482730209736708 ], [ -111.826318511308003, 40.4863355929105 ], [ -111.814693142040994, 40.488887788024392 ], [ -111.812727070782998, 40.488549235320299 ], [ -111.811947285358997, 40.48840579935991 ], [ -111.810387083083995, 40.488428551872794 ], [ -111.809774484005999, 40.488509421500709 ], [ -111.808254506043994, 40.489082216960192 ], [ -111.808162713464, 40.489122227775397 ], [ -111.806677655336998, 40.490012051662909 ], [ -111.806499056655014, 40.49019356618129 ], [ -111.805378563518005, 40.491615776809994 ], [ -111.805080709354002, 40.491771904241901 ], [ -111.803050976943993, 40.493364744802605 ], [ -111.803043186302006, 40.493374438453493 ], [ -111.802881107293999, 40.493547544351401 ], [ -111.802755621665, 40.493612829659497 ], [ -111.802091579385007, 40.493837707797098 ], [ -111.800173401907998, 40.494183433202394 ], [ -111.797422951444005, 40.495598822787201 ], [ -111.797276307718008, 40.49567190569649 ], [ -111.793661542774998, 40.496565875878083 ], [ -111.792792297453005, 40.496897332651201 ], [ -111.792081595309, 40.496973376244199 ], [ -111.789347640486994, 40.498310083260492 ], [ -111.789239404469001, 40.499647741652602 ], [ -111.789190343235006, 40.499892217569901 ], [ -111.789111341296007, 40.500300859657401 ], [ -111.790656908973006, 40.5034803413932 ], [ -111.791682818581009, 40.505212932372309 ], [ -111.791145244914006, 40.506068853854806 ], [ -111.790774894248003, 40.506693001306097 ], [ -111.789386823296994, 40.508598859989696 ], [ -111.789052875649006, 40.509411038502094 ], [ -111.789107254121006, 40.510022369634498 ], [ -111.788252280329999, 40.512506545189503 ], [ -111.788097764338005, 40.513020203720117 ], [ -111.786536013301998, 40.514222717700918 ], [ -111.786317013493004, 40.514270153371605 ], [ -111.783296147814994, 40.515163629388603 ], [ -111.783090575912993, 40.515756905198892 ], [ -111.781420265849007, 40.516874501292698 ], [ -111.781182704963001, 40.517154481453602 ], [ -111.781050843450998, 40.517591401822393 ], [ -111.781100409619, 40.518709066612494 ], [ -111.779989779955997, 40.519235479316002 ], [ -111.779331941259002, 40.519514688244499 ], [ -111.778650882470998, 40.519930083697801 ], [ -111.776202126418994, 40.520918615057894 ], [ -111.774009378860995, 40.52159097074351 ], [ -111.773507284326996, 40.521815500440908 ], [ -111.773130542345996, 40.521853606797798 ], [ -111.772900304531007, 40.521850642639897 ], [ -111.771404819932997, 40.522181351548198 ], [ -111.771039190809006, 40.522210818484503 ], [ -111.770129384756004, 40.522451116232197 ], [ -111.769910634802002, 40.522523743975292 ], [ -111.769208887269997, 40.522995977438299 ], [ -111.767605792330997, 40.524142655216998 ], [ -111.766882054405016, 40.524552859466795 ], [ -111.766550325514999, 40.5248649653416 ], [ -111.766388442131003, 40.525163331450194 ], [ -111.764493078621015, 40.526780364493199 ], [ -111.763999864413009, 40.527013352504206 ], [ -111.763748053835997, 40.527191590767302 ], [ -111.762752062876999, 40.5283774288337 ], [ -111.762683420944001, 40.528467069583698 ], [ -111.762632464646998, 40.528762896285599 ], [ -111.762722737236999, 40.529019052710396 ], [ -111.762649872737995, 40.52915286467951 ], [ -111.762388551320996, 40.52922215561361 ], [ -111.761220282647997, 40.529274001551499 ], [ -111.760076559710996, 40.529095047591191 ], [ -111.759618907238007, 40.528716081833892 ], [ -111.758918774342007, 40.528506271811402 ], [ -111.758085094410006, 40.528493726822092 ], [ -111.757853031069004, 40.528540293410501 ], [ -111.757524726905999, 40.528428033812197 ], [ -111.755555936546997, 40.526477894696903 ], [ -111.753340482026999, 40.525789669192498 ], [ -111.753121078231004, 40.525701010843598 ], [ -111.753002260567996, 40.525633317881301 ], [ -111.752780518143993, 40.525441072224197 ], [ -111.750758273830996, 40.524499289872892 ], [ -111.749612725310001, 40.524252677295699 ], [ -111.748584971536999, 40.524406184697192 ], [ -111.746887383371003, 40.524200957395202 ], [ -111.745848285822007, 40.523544616805601 ], [ -111.744439163053016, 40.522626691452601 ], [ -111.743965693082018, 40.522513526466703 ], [ -111.743830981119999, 40.522501781316393 ], [ -111.739643453995001, 40.524207914978497 ], [ -111.738915503436999, 40.52564768475429 ], [ -111.738770153575999, 40.526495447399682 ], [ -111.738335524939004, 40.52712614322359 ], [ -111.737803603610004, 40.527606109769899 ], [ -111.737707099153994, 40.527957170673801 ], [ -111.737399444857999, 40.528433000600089 ], [ -111.737179893036, 40.52854521053451 ], [ -111.736650774801021, 40.530684585665384 ], [ -111.736497214855007, 40.531325193454485 ], [ -111.735406110572001, 40.532500591846308 ], [ -111.735117799972997, 40.532697017790497 ], [ -111.734980983301995, 40.532710500571703 ], [ -111.734933619816999, 40.532698189447991 ], [ -111.734661166967996, 40.532617040641689 ], [ -111.733685456090996, 40.531927756692788 ], [ -111.733087592071996, 40.531238770344295 ], [ -111.732668433596999, 40.530587385853394 ], [ -111.731799315404004, 40.530032542574183 ], [ -111.730043099151004, 40.529764377452501 ], [ -111.729608543614006, 40.529758113403098 ], [ -111.728761600685004, 40.529830123884402 ], [ -111.728465925839998, 40.529674333291403 ], [ -111.727661574774999, 40.52953616068649 ], [ -111.727020870863996, 40.52935461125039 ], [ -111.726684663315993, 40.529162134759602 ], [ -111.726586179058998, 40.528788886259697 ], [ -111.726534895807006, 40.528522546353692 ], [ -111.725683431733998, 40.528064841426499 ], [ -111.725240012971994, 40.527782945291499 ], [ -111.724201445928998, 40.526722809444003 ], [ -111.723262582678998, 40.526148518894786 ], [ -111.721950363573995, 40.525436015595993 ], [ -111.721677356407994, 40.525298984427891 ], [ -111.720567173315004, 40.525149158589699 ], [ -111.718843402751006, 40.526133754264507 ], [ -111.715330723264003, 40.529319468710895 ], [ -111.714416378850999, 40.531050323452604 ], [ -111.714041417605998, 40.531876051384899 ], [ -111.713493643882003, 40.532439786492901 ], [ -111.712979052457001, 40.532681697848098 ], [ -111.711376055293997, 40.53249878859031 ], [ -111.708458787645, 40.532975263837798 ], [ -111.707458635259997, 40.533080489468503 ], [ -111.705917884399, 40.533652966974593 ], [ -111.705691678457995, 40.533700293972103 ], [ -111.702738719633004, 40.533594870295993 ], [ -111.702639553085007, 40.533596374274588 ], [ -111.699879793988998, 40.534355454311488 ], [ -111.699629058667995, 40.534542555411214 ], [ -111.699243731647996, 40.534958394802103 ], [ -111.697942863858998, 40.535673455831414 ], [ -111.697332186181001, 40.535424894923104 ], [ -111.696720621565007, 40.535204263590401 ], [ -111.694344090607999, 40.53420957678199 ], [ -111.693497490111, 40.533980430725101 ], [ -111.691614116815003, 40.533513348659199 ], [ -111.687656292588002, 40.532013571530186 ], [ -111.686259338944012, 40.531649810574905 ], [ -111.685218084924998, 40.53143076843309 ], [ -111.684686880580998, 40.531325810949397 ], [ -111.684558237654997, 40.53133107761569 ], [ -111.684082326525996, 40.531554613603284 ], [ -111.681134883986999, 40.532914348305198 ], [ -111.678779674593997, 40.531778676120602 ], [ -111.678604503623006, 40.5317364624524 ], [ -111.675671334262006, 40.532883364755904 ], [ -111.675436604262003, 40.533024374686903 ], [ -111.674769964857006, 40.534130955702302 ], [ -111.673741789890002, 40.536514396388803 ], [ -111.673512116365998, 40.537020502276292 ], [ -111.672499928952007, 40.537964851716815 ], [ -111.67223279905302, 40.538056494882788 ], [ -111.671636753136994, 40.538083384270095 ], [ -111.669986729932006, 40.53887133005361 ], [ -111.669675665639005, 40.539057815148603 ], [ -111.669184180813019, 40.539150751416003 ], [ -111.668439958766001, 40.539596493777914 ], [ -111.665052941328995, 40.540994395498991 ], [ -111.664263670373998, 40.541188122042101 ], [ -111.663987238767007, 40.541296916461292 ], [ -111.663667865799994, 40.542319455560708 ], [ -111.663391086752014, 40.542872387413489 ], [ -111.663130062158999, 40.543346851052803 ], [ -111.661376415972015, 40.546949635466497 ], [ -111.661865168494998, 40.549451297847895 ], [ -111.661845729430993, 40.549636090659902 ], [ -111.661393761612004, 40.550033266582801 ], [ -111.659048112915997, 40.5511052107897 ], [ -111.658477778017996, 40.551285486700699 ], [ -111.656736581421001, 40.551808451473306 ], [ -111.655526695361004, 40.551759467767397 ], [ -111.654090478022994, 40.551633375986903 ], [ -111.652824538781999, 40.551527925539901 ], [ -111.650949352403998, 40.551074550284099 ], [ -111.650135606388005, 40.551318407418094 ], [ -111.650042840637994, 40.551618383628401 ], [ -111.649980058455995, 40.551965577624998 ], [ -111.649889981829006, 40.552299411831491 ], [ -111.647233522508003, 40.555464718717992 ], [ -111.646314599565997, 40.556323901704303 ], [ -111.646194842094999, 40.556644385604088 ], [ -111.645695155460004, 40.559588566546402 ], [ -111.643107010988004, 40.56159864190969 ], [ -111.642762794101003, 40.561746319655384 ], [ -111.641002831427002, 40.563488497593703 ], [ -111.639239487140998, 40.565629758403105 ], [ -111.638996386493005, 40.566152714712402 ], [ -111.637912651094993, 40.56798200136511 ], [ -111.63780232786101, 40.568045762406584 ], [ -111.637688204756998, 40.568095040102499 ], [ -111.637494729973994, 40.568123134411294 ], [ -111.636403432587997, 40.568151673474802 ], [ -111.635834775836997, 40.568231379794696 ], [ -111.635455666688998, 40.568242474606791 ], [ -111.635133003885997, 40.568226231363099 ], [ -111.633697642805998, 40.567472867695308 ], [ -111.632975747656005, 40.567337188462609 ], [ -111.631452304286995, 40.567011297966189 ], [ -111.631010996635993, 40.566939836877197 ], [ -111.630632965117002, 40.5669391984813 ], [ -111.630435204028004, 40.566945683169394 ], [ -111.628841157948997, 40.5667156370816 ], [ -111.628091439817993, 40.566381884358194 ], [ -111.626833247201006, 40.566119353974898 ], [ -111.626738906409003, 40.566136982614992 ], [ -111.626608800211997, 40.56611967071818 ], [ -111.626521034467004, 40.566082309620207 ], [ -111.626295815030005, 40.565999748655898 ], [ -111.626160942216003, 40.565977957676893 ], [ -111.625726207398003, 40.565976709654898 ], [ -111.625638895305997, 40.565987993141597 ], [ -111.623840813073002, 40.565720244739502 ], [ -111.622728526494001, 40.565519943428384 ], [ -111.619890118871993, 40.565164945529006 ], [ -111.618531882827, 40.565192945960391 ], [ -111.618449229106005, 40.565196992001894 ], [ -111.616547512709005, 40.565216165787191 ], [ -111.614234599859998, 40.565482535731192 ], [ -111.613122895483997, 40.565342497988702 ], [ -111.612070668567, 40.565376905937399 ], [ -111.611461184562003, 40.565773819797307 ], [ -111.608720371768996, 40.565102721298992 ], [ -111.607273791180006, 40.564897725813196 ], [ -111.606021207957994, 40.564459266526789 ], [ -111.605937871858004, 40.564387632909799 ], [ -111.605773721508996, 40.564392998190598 ], [ -111.605726634731994, 40.564411262773611 ], [ -111.605173271234008, 40.565140275616301 ], [ -111.604989584343002, 40.565337630471696 ], [ -111.604536827325006, 40.565853684787797 ], [ -111.604305531109006, 40.566116872032204 ], [ -111.603913128694003, 40.56648828649621 ], [ -111.603149776110001, 40.567253521479095 ], [ -111.602637285049994, 40.568066991599402 ], [ -111.602279793860006, 40.568776950618492 ], [ -111.601804189966998, 40.570413632166584 ], [ -111.601904104927016, 40.571016703561298 ], [ -111.601946883420013, 40.571439895866192 ], [ -111.602343869029994, 40.575132348125592 ], [ -111.600985384204009, 40.576476333551298 ], [ -111.600404161361993, 40.576881149545507 ], [ -111.599836561885994, 40.577224631848594 ], [ -111.598868568481009, 40.577717031620097 ], [ -111.598515421266995, 40.577863903950309 ], [ -111.597118180373002, 40.577787352755195 ], [ -111.596182390354997, 40.5775717401593 ], [ -111.594049377150995, 40.577075261643195 ], [ -111.592914628271004, 40.577821617046801 ], [ -111.592914138582998, 40.577822359184907 ], [ -111.591087211439998, 40.579746258349701 ], [ -111.590462265474997, 40.580295387343497 ], [ -111.589759319918997, 40.5805737492175 ], [ -111.582676059954011, 40.581284456933396 ], [ -111.577848897029014, 40.58343568797499 ], [ -111.571812815971001, 40.582145030642984 ], [ -111.567478103666005, 40.584450143453502 ], [ -111.566888228473999, 40.584562045636197 ], [ -111.563917016516996, 40.585057660753392 ], [ -111.560034792747999, 40.590806154662609 ], [ -111.560984549571003, 40.593024019978699 ], [ -111.560994252292005, 40.593195140252909 ], [ -111.558598271099001, 40.600236324640299 ], [ -111.558656437750997, 40.600266674142901 ], [ -111.558855877536018, 40.602500791247493 ], [ -111.554968728746005, 40.606968974146483 ], [ -111.554864175009001, 40.60719019182941 ], [ -111.553274178670009, 40.609321193441701 ], [ -111.55324705803902, 40.6094726709754 ], [ -111.553286202983017, 40.610205798665099 ], [ -111.553504954578003, 40.610772304015192 ], [ -111.553848586111002, 40.611172448493207 ], [ -111.554169350958006, 40.611365499611388 ], [ -111.554347033319999, 40.611409690856085 ], [ -111.555473511627, 40.611828592358201 ], [ -111.555551453996998, 40.611819208693298 ], [ -111.556851077524001, 40.612018350330885 ], [ -111.557236264337007, 40.612565127371383 ], [ -111.559021153348993, 40.613967276947193 ], [ -111.559070129432996, 40.614737290396 ], [ -111.558945726076999, 40.615413550779607 ], [ -111.558781896636006, 40.615756677015902 ], [ -111.558370992538997, 40.616668550593602 ], [ -111.558226109879001, 40.617030502801285 ], [ -111.557857531978001, 40.6180439689225 ], [ -111.557632042164997, 40.618792785935305 ], [ -111.558580495089004, 40.620105284851299 ], [ -111.559120546136995, 40.620359421535497 ], [ -111.560612040154993, 40.620861186674297 ], [ -111.563141231943007, 40.621684264862999 ], [ -111.564218353179996, 40.62202737669309 ], [ -111.566108614515997, 40.62269918912169 ], [ -111.567431871164004, 40.623287273572402 ], [ -111.567541767435998, 40.6239786064572 ], [ -111.567462102218002, 40.624484389391 ], [ -111.567495350010006, 40.624920249999491 ], [ -111.567842493339, 40.626679755878193 ], [ -111.567987587193997, 40.627197946739209 ], [ -111.568179579407015, 40.627529425413094 ], [ -111.568248961, 40.628042583076493 ], [ -111.569317901049004, 40.629439981343701 ], [ -111.570063453504005, 40.629512877954191 ], [ -111.570329840409997, 40.629691737742498 ], [ -111.570663778365997, 40.629888280633502 ], [ -111.574577621640998, 40.631953498862295 ], [ -111.575563104135, 40.632422451598693 ], [ -111.576721366292006, 40.633730148109201 ], [ -111.576717768134998, 40.633861693733799 ], [ -111.576481524553003, 40.63567903568039 ], [ -111.576506048439001, 40.636055478604298 ], [ -111.576338805394997, 40.636409455988293 ], [ -111.576234161423997, 40.636617179196193 ], [ -111.577578618266017, 40.638387886710198 ], [ -111.577814485459001, 40.63913533270609 ], [ -111.577489579339996, 40.641641385749693 ], [ -111.577360501697996, 40.642582542635211 ], [ -111.577579126123993, 40.643248996200796 ], [ -111.577786136152, 40.643528132080995 ], [ -111.578062339178999, 40.643876288428494 ], [ -111.578253434619995, 40.644092442008301 ], [ -111.578501220410004, 40.644299302550003 ], [ -111.57867327164, 40.644501136855403 ], [ -111.580400697496998, 40.645672610554684 ], [ -111.580797067156993, 40.64582736946609 ], [ -111.581191096736006, 40.645984841404207 ], [ -111.581481281533996, 40.646032928522686 ], [ -111.582810249557994, 40.646800978991791 ], [ -111.582937612221002, 40.646894026825095 ], [ -111.584738251063996, 40.647358781638204 ], [ -111.584916670080005, 40.647474090526089 ], [ -111.585375474215994, 40.647733018519403 ], [ -111.586520640396003, 40.64884338792951 ], [ -111.588792844490001, 40.649661527356308 ], [ -111.589355436549994, 40.649748744532893 ], [ -111.590078334590004, 40.649907209625802 ], [ -111.590813063425998, 40.650065609651385 ], [ -111.592060755231998, 40.650716855314904 ], [ -111.592310670875008, 40.650889441832597 ], [ -111.593922984228996, 40.652506331915198 ], [ -111.593955829001004, 40.652875520086802 ], [ -111.59400198809, 40.653412201722908 ], [ -111.594064252180999, 40.653764121917696 ], [ -111.59425808907902, 40.654280224358409 ], [ -111.594391764427002, 40.654681324675998 ], [ -111.595248709882, 40.656073259691198 ], [ -111.595359832528018, 40.6564645654298 ], [ -111.595831954157006, 40.657544075432206 ], [ -111.595842920617002, 40.657580053651785 ], [ -111.595908393392008, 40.658158074418502 ], [ -111.596097742254003, 40.658964276632297 ], [ -111.596639646976996, 40.65964073372659 ], [ -111.59751229601801, 40.660526280655894 ], [ -111.598199696931999, 40.661198373720396 ], [ -111.598276121275006, 40.661278155155308 ], [ -111.598675023414003, 40.661568870207205 ], [ -111.599098917893002, 40.662008097647593 ], [ -111.599716892196994, 40.662982332862008 ], [ -111.600076376629005, 40.6634930597641 ], [ -111.600187895580007, 40.663923996462486 ], [ -111.600943915689001, 40.664589409893914 ], [ -111.601271132888996, 40.664798509745502 ], [ -111.602067793295021, 40.665376319764398 ], [ -111.604353260416005, 40.666269753050599 ], [ -111.604431678379996, 40.668141347298395 ], [ -111.604498666344014, 40.668353601531493 ], [ -111.604760198465002, 40.668622492482108 ], [ -111.604590892431005, 40.669133270553296 ], [ -111.604158081263009, 40.669419309534298 ], [ -111.603876592471011, 40.6695613175213 ], [ -111.603329535434, 40.669905606406004 ], [ -111.602640716755005, 40.670433335034694 ], [ -111.601997728987996, 40.671267463416498 ], [ -111.602411829407998, 40.67179231131469 ], [ -111.602509653349998, 40.674116039416688 ], [ -111.602524282800005, 40.674426762342492 ], [ -111.602348357718, 40.675125852489096 ], [ -111.602280447244993, 40.675468536330001 ], [ -111.601999601505, 40.675816834890597 ], [ -111.602716529149006, 40.676722970401592 ], [ -111.603030860660994, 40.677464544358884 ], [ -111.602997967619004, 40.677622367866292 ], [ -111.602611965307005, 40.678251386542293 ], [ -111.602418814393999, 40.678352390725699 ], [ -111.602049805627004, 40.678766912507086 ], [ -111.601950526112006, 40.6789115688401 ], [ -111.601631440673003, 40.679746533687599 ], [ -111.601645743619997, 40.680021223467698 ], [ -111.601785870279997, 40.680470926444499 ], [ -111.601823070010994, 40.680659914505597 ], [ -111.601857567558, 40.682390298916303 ], [ -111.601438490567006, 40.68316182248229 ], [ -111.601736061213998, 40.684011590342607 ], [ -111.601779866401003, 40.684934749556099 ], [ -111.601586342274999, 40.685786175379683 ], [ -111.601383187661995, 40.686225054487601 ], [ -111.601226872064004, 40.686608736500901 ], [ -111.601107230137998, 40.6871228528397 ], [ -111.600830971373995, 40.688646753366307 ], [ -111.600773337383998, 40.688818217690091 ], [ -111.599438825445006, 40.690057537983691 ], [ -111.599684760694004, 40.691615658006796 ], [ -111.596428451961998, 40.694621595596089 ], [ -111.596100981956994, 40.695062908762502 ], [ -111.594050988185998, 40.697459864960898 ], [ -111.593981709656006, 40.697655708928586 ], [ -111.593622259626997, 40.698364736023294 ], [ -111.593487625139005, 40.698532088067999 ], [ -111.592722851131001, 40.699184640044699 ], [ -111.592806500731001, 40.699407623859102 ], [ -111.592916109154018, 40.699754794381008 ], [ -111.593081036447003, 40.700199874734295 ], [ -111.594999669852996, 40.703911468418497 ], [ -111.595523383597012, 40.704233078626785 ], [ -111.596572017919001, 40.704877186460301 ], [ -111.596842386399004, 40.704929840711699 ], [ -111.597909589655004, 40.705662124813195 ], [ -111.598060294161016, 40.705835210656886 ], [ -111.600272310614002, 40.708287588425492 ], [ -111.607942994550996, 40.714870580636401 ], [ -111.60812106552001, 40.715053418324203 ], [ -111.612084425586005, 40.719136791692698 ], [ -111.614876752472, 40.719567877248899 ], [ -111.616406891099004, 40.722946048505698 ], [ -111.613351666190994, 40.72794497578171 ], [ -111.622297549498001, 40.729920420916507 ], [ -111.623310620788004, 40.731250927379101 ], [ -111.621666848887003, 40.737733355256303 ], [ -111.624686217451014, 40.7401890044464 ], [ -111.621146508007996, 40.742399892271699 ], [ -111.619331843948004, 40.74368967170529 ], [ -111.619078692309003, 40.744056677485702 ], [ -111.617527534602999, 40.74659279833589 ], [ -111.617560415807006, 40.746673911130507 ], [ -111.618047159724, 40.747806442471202 ], [ -111.618543015328001, 40.7489456205358 ], [ -111.619809106972994, 40.749616488563397 ], [ -111.622159565442004, 40.750802662191496 ], [ -111.622726941184993, 40.75247465284631 ], [ -111.622062196835003, 40.757285197136 ], [ -111.621518355244007, 40.757531355087899 ], [ -111.624024936097996, 40.760420382689702 ], [ -111.627020870200994, 40.760514949346593 ], [ -111.627291876298997, 40.760482847606291 ], [ -111.636852623364007, 40.763194301641391 ], [ -111.637183671176004, 40.7678354677738 ], [ -111.639364904109016, 40.769923289433692 ], [ -111.639658242799001, 40.770239664502995 ], [ -111.646422370002, 40.772134299524801 ], [ -111.646476707939001, 40.772116877160698 ], [ -111.649140417962997, 40.773448698269895 ], [ -111.646515161826002, 40.777550595254688 ], [ -111.646004013913014, 40.777999379642097 ], [ -111.646337976968994, 40.782499957481598 ], [ -111.644576396931001, 40.784290792079091 ], [ -111.644149105682004, 40.784716574573586 ], [ -111.644027741320997, 40.787611680029698 ], [ -111.648703163408001, 40.791963613749999 ], [ -111.647494028899004, 40.795367502132088 ], [ -111.647396069500005, 40.795655422151988 ], [ -111.646290484892006, 40.79777140446609 ], [ -111.641063305071, 40.798931127552692 ], [ -111.641238277187995, 40.800606631622905 ], [ -111.64124187491602, 40.800980463080897 ], [ -111.641107585070003, 40.801931602661703 ], [ -111.641142220111007, 40.802327782746701 ], [ -111.641285177387999, 40.803016135928999 ], [ -111.641160597932, 40.804237475184593 ], [ -111.640828849336998, 40.804874414831794 ], [ -111.640793978229993, 40.8049466762007 ], [ -111.642381606295004, 40.806072914162108 ], [ -111.641489404455996, 40.807604811897193 ], [ -111.640273163315001, 40.808116041203697 ], [ -111.639668582330998, 40.808740978163996 ], [ -111.640692562626, 40.812891797000091 ], [ -111.640729439739005, 40.813027619809397 ], [ -111.641966858779995, 40.817164626678291 ], [ -111.642028618674999, 40.817421023642005 ], [ -111.641974457478, 40.817952823124998 ], [ -111.641974935120004, 40.818002366897993 ], [ -111.643153385670999, 40.819085824952701 ], [ -111.644475986409006, 40.819744168112805 ], [ -111.645377121611006, 40.820348101220411 ], [ -111.645744497481999, 40.820936098198693 ], [ -111.645612556786006, 40.822004336222996 ], [ -111.645584702875993, 40.822189164998903 ], [ -111.645722739685013, 40.822972126247393 ], [ -111.645582289111999, 40.823774662761792 ], [ -111.646072142992011, 40.8241502747562 ], [ -111.646820564386999, 40.824285711853598 ], [ -111.648352376764009, 40.824493315927185 ], [ -111.649564147670006, 40.824593700002794 ], [ -111.650921736320001, 40.824082477188192 ], [ -111.651650086671012, 40.823983776997309 ], [ -111.651883225404006, 40.824177042000493 ], [ -111.651942380129995, 40.824283908052493 ], [ -111.652417918392999, 40.827308952218203 ], [ -111.652471715274004, 40.827352789260509 ], [ -111.653168853780002, 40.827695668778901 ], [ -111.653633513561019, 40.8279137434997 ], [ -111.654075432284003, 40.828231037919892 ], [ -111.654147160970993, 40.828289185981305 ], [ -111.654356551148993, 40.828477175400593 ], [ -111.654868168015994, 40.829248095837698 ], [ -111.656080537099996, 40.830121330237709 ], [ -111.656694832604998, 40.830477271070308 ], [ -111.657140711563997, 40.830591841591392 ], [ -111.657976925328995, 40.830600588008103 ], [ -111.65931105109, 40.830588467063194 ], [ -111.661004200565998, 40.8303040216488 ], [ -111.662390565337006, 40.830178960558591 ], [ -111.662698590852003, 40.830145662118504 ], [ -111.663615658176994, 40.829937701172405 ], [ -111.664493146192001, 40.829923641897004 ], [ -111.666068640524998, 40.833292711977506 ], [ -111.666059505434006, 40.834157572198201 ], [ -111.665903696832004, 40.835180926175497 ], [ -111.66556223162101, 40.835430627929384 ], [ -111.665107912053003, 40.835662962548902 ], [ -111.665011482135, 40.835983316953602 ], [ -111.665018548624019, 40.8366904362057 ], [ -111.664904384308997, 40.837254119668188 ], [ -111.664314230494995, 40.8387924617195 ], [ -111.664177629639994, 40.839307718185893 ], [ -111.662481095036, 40.843443320670097 ], [ -111.661380970856015, 40.844467582030497 ], [ -111.660633219820994, 40.8460978819395 ], [ -111.660796691197007, 40.846313147088701 ], [ -111.661928826524004, 40.848144368216893 ], [ -111.661959154874012, 40.848211757109596 ], [ -111.662814364197004, 40.848914004954594 ], [ -111.662983098564993, 40.849060772881991 ], [ -111.664202410830995, 40.850225749846103 ], [ -111.664541506264996, 40.850205780095095 ], [ -111.665433286920006, 40.850407832108601 ], [ -111.667277386551007, 40.851523227556584 ], [ -111.669199111853999, 40.85268318478699 ], [ -111.669638785054005, 40.853342749237591 ], [ -111.669961726248999, 40.853602117080399 ], [ -111.670222584127004, 40.853587089170091 ], [ -111.671817842085005, 40.853541775857309 ], [ -111.672132767096002, 40.853593991568999 ], [ -111.673927697246995, 40.855105934731597 ], [ -111.674393210402997, 40.85538247374199 ], [ -111.674677847154996, 40.855371800912394 ], [ -111.675067201760001, 40.855274935026095 ], [ -111.676771784337006, 40.855359534724897 ], [ -111.677188755358998, 40.855528246707998 ], [ -111.677981226498005, 40.8558704140654 ], [ -111.678279051426998, 40.855989375411895 ], [ -111.680037431602003, 40.856227653618298 ], [ -111.680927493941994, 40.856249428055008 ], [ -111.683396137862005, 40.856329416919699 ], [ -111.683659540437006, 40.856561172910304 ], [ -111.684084377049999, 40.856915385696496 ], [ -111.684592117706003, 40.857254691498802 ], [ -111.685636856830996, 40.85789258474491 ], [ -111.686028108827998, 40.858439768943505 ], [ -111.686802760801001, 40.858772072128517 ], [ -111.687218484224005, 40.858815538790601 ], [ -111.690503337468002, 40.85864728378619 ], [ -111.690823982230995, 40.858789497756604 ], [ -111.692532074626996, 40.8597701755006 ], [ -111.692991858689993, 40.860055681760102 ], [ -111.694295337384006, 40.861029754823903 ], [ -111.69543020307502, 40.861761603894003 ], [ -111.697409349514999, 40.861533454027793 ], [ -111.697516141383005, 40.861533709135294 ], [ -111.698483058574993, 40.861522453050299 ], [ -111.699124226376, 40.861563610502301 ], [ -111.700056270242001, 40.861621016117496 ], [ -111.700524879281005, 40.861613666952508 ], [ -111.701438312807994, 40.861031580939198 ], [ -111.701611814426997, 40.860607132833003 ], [ -111.702682170369002, 40.858596257004102 ], [ -111.702821826969014, 40.858338667820597 ], [ -111.703167510808996, 40.857368161956202 ], [ -111.703670295604994, 40.856108428949 ], [ -111.706212076848004, 40.853644240951802 ], [ -111.706743410239, 40.852779065951992 ], [ -111.706990477158996, 40.852583871987001 ], [ -111.707073423037002, 40.852574355215708 ], [ -111.707827745396997, 40.852665217734994 ], [ -111.708083511824, 40.852730309956499 ], [ -111.709235386551001, 40.852831333946803 ], [ -111.710240097048001, 40.852482834143188 ], [ -111.712041547232005, 40.851755562918299 ], [ -111.712141803446997, 40.851700893798203 ], [ -111.712372985686002, 40.851685953788895 ], [ -111.712445128107021, 40.8517755919504 ], [ -111.714217510633006, 40.852764560709403 ], [ -111.714909540685994, 40.853129616941999 ], [ -111.715187535840002, 40.853286169815085 ], [ -111.715279575593996, 40.853339019647699 ], [ -111.715910798070993, 40.853564817171311 ], [ -111.71660946760602, 40.853443370127209 ], [ -111.717686298725994, 40.85318444116529 ], [ -111.717701883223995, 40.853188397967301 ], [ -111.718234242032011, 40.853388223157097 ], [ -111.720864235769994, 40.855772546582998 ], [ -111.722566746699002, 40.855256165035691 ], [ -111.723425115238996, 40.855058366343599 ], [ -111.725535636640004, 40.854937010538592 ], [ -111.725738740910998, 40.855066354117994 ], [ -111.726836039388004, 40.855595442639903 ], [ -111.726973159837002, 40.855657637071303 ], [ -111.728896089534004, 40.856280591509496 ], [ -111.729062872559993, 40.8563425960008 ], [ -111.729438654244007, 40.856529395812899 ], [ -111.729659813655005, 40.85668113914339 ], [ -111.732161754244004, 40.858701174070909 ], [ -111.73244289277001, 40.858911085552798 ], [ -111.735202092505006, 40.860037592843511 ], [ -111.737837878319993, 40.860619818089098 ], [ -111.738916630684997, 40.861171430266801 ], [ -111.747274448378008, 40.859996047942793 ], [ -111.752304168254, 40.853080972992998 ], [ -111.760157453115994, 40.85302498275 ], [ -111.76851472591801, 40.848330304014297 ], [ -111.774894889398993, 40.847634515544399 ], [ -111.77854262404, 40.84458314627939 ], [ -111.781755338033008, 40.843908311706997 ], [ -111.789236310828002, 40.845559951212408 ], [ -111.804398555925999, 40.838356631981803 ], [ -111.81262780962301, 40.840096122632495 ], [ -111.817280902627004, 40.838437242898287 ], [ -111.821779086427995, 40.834338012245496 ], [ -111.828135456726997, 40.833789890677998 ], [ -111.829260786044003, 40.832248584375485 ], [ -111.835706007661017, 40.830768841560797 ], [ -111.844073995244003, 40.83223573791399 ], [ -111.846265502623993, 40.829697340546097 ], [ -111.853666626362994, 40.829286080841101 ], [ -111.858268911048995, 40.824284721779684 ], [ -111.868696785595006, 40.824139110235791 ], [ -111.870514283380999, 40.821747201215786 ], [ -111.900918085013998, 40.8218325856622 ], [ -111.900919163471997, 40.819887943291903 ], [ -111.905681147254995, 40.819884079178493 ], [ -111.905676771855994, 40.8218290182526 ], [ -111.946301381639998, 40.821796706022511 ], [ -111.942885438936997, 40.830500509569603 ], [ -111.944299110621003, 40.834160288481094 ], [ -111.951634750376002, 40.841578437525889 ], [ -111.949794859131998, 40.843131588470897 ], [ -111.952943039673997, 40.844687482790391 ], [ -111.955984049047998, 40.849217455539304 ], [ -111.963226955832994, 40.848511396692707 ], [ -111.958910592611005, 40.849251898143301 ], [ -111.959674980992006, 40.852157290467098 ], [ -111.964506720163996, 40.853451116874496 ], [ -111.961611110375998, 40.854239645833303 ], [ -111.966055445221016, 40.854962807985395 ], [ -111.966462580211001, 40.85787393558499 ], [ -111.962663916674998, 40.863605776317286 ], [ -111.963976108769998, 40.866319816483397 ], [ -111.962904308627998, 40.870010987063509 ], [ -111.963586730269, 40.87156326584519 ], [ -111.969366671060001, 40.872144418986899 ], [ -111.971081004533005, 40.876651147675403 ], [ -111.967568063360005, 40.880065970328701 ], [ -111.969259617269998, 40.8854212162557 ], [ -111.966305998665007, 40.888808413919499 ], [ -111.966159081987996, 40.891658766659091 ], [ -111.961755913269002, 40.893366596637186 ], [ -111.959277957842005, 40.896333553363995 ], [ -111.958683589532001, 40.921828101035508 ], [ -112.006550864155003, 40.921866094411101 ], [ -112.148282455306003, 40.846138856784499 ], [ -112.258690769488013, 40.770146589943103 ], [ -112.260169169836004, 40.769125130824193 ], [ -112.226112916915994, 40.72433869538029 ], [ -112.221244629124001, 40.720941007455302 ], [ -112.220383539970001, 40.720368075749199 ], [ -112.219386839457997, 40.719704883107596 ], [ -112.213256408072994, 40.716657093657503 ], [ -112.208066685367001, 40.715974643728991 ], [ -112.205041436968003, 40.711624588571709 ], [ -112.204898591816999, 40.711055848651803 ], [ -112.198792324886, 40.697523945423896 ], [ -112.198704979221006, 40.696877147431692 ], [ -112.201279698578006, 40.68695012584481 ], [ -112.201482029228004, 40.686355265487997 ], [ -112.204193289678003, 40.683401076546197 ], [ -112.204376414574995, 40.678651720007089 ], [ -112.201378167935999, 40.672004098200901 ], [ -112.201698743950999, 40.667585718004098 ], [ -112.201715864760999, 40.66689188847419 ], [ -112.202803682295993, 40.653688558950194 ], [ -112.202498205698006, 40.652880977762095 ], [ -112.197989741499001, 40.648408288008291 ], [ -112.198032696374, 40.643932423436496 ], [ -112.195107266910995, 40.639251294245689 ], [ -112.195300191469002, 40.638531319481906 ], [ -112.194181357014998, 40.635405232747509 ], [ -112.196795146344996, 40.627484009972797 ], [ -112.197321102938005, 40.626811026275199 ], [ -112.195910462243006, 40.621238556112999 ], [ -112.188356012034006, 40.614110613190093 ], [ -112.185577534944002, 40.614084219072801 ], [ -112.185533835849, 40.614086469400192 ], [ -112.18162274609, 40.611972609654494 ], [ -112.179600770096997, 40.608578137346292 ], [ -112.179356565082003, 40.607932916105597 ], [ -112.178561684612006, 40.6054789910051 ], [ -112.175348933820999, 40.603987483234384 ], [ -112.176136349390006, 40.600427388181302 ], [ -112.176253351566004, 40.600427097458187 ], [ -112.176203565460995, 40.597452072572899 ], [ -112.176324178653005, 40.597253556346693 ], [ -112.176478918729998, 40.597114148965701 ], [ -112.177540137449, 40.595897986365387 ], [ -112.176905951327001, 40.594575685167896 ], [ -112.176315710571004, 40.593183567347793 ], [ -112.176135801692993, 40.592304359231697 ], [ -112.175987220783, 40.591580681135383 ], [ -112.175830505264997, 40.590527371302997 ], [ -112.175733405965005, 40.590111262210996 ], [ -112.176143265383999, 40.589290911189408 ], [ -112.176290279263995, 40.58899483317969 ], [ -112.176487120505001, 40.588750497250707 ], [ -112.176283342599007, 40.588093234115988 ], [ -112.174947943651006, 40.58540686125361 ], [ -112.174968971805001, 40.585325569986615 ], [ -112.177452927288996, 40.584190415583805 ], [ -112.177611372797003, 40.584129343509005 ], [ -112.178098537270003, 40.583946906199188 ], [ -112.178168479950997, 40.583757913127897 ], [ -112.178974248806, 40.582003825107897 ], [ -112.179867855563003, 40.581418150048101 ], [ -112.181480296063015, 40.580389101205796 ], [ -112.181461249669994, 40.580313894054797 ], [ -112.181180033600995, 40.579775983973498 ], [ -112.180584560815007, 40.578164127093196 ], [ -112.181386521703004, 40.576603745021501 ], [ -112.181783665702, 40.576076282433107 ], [ -112.183636284114002, 40.57339977392359 ], [ -112.182057357982998, 40.57088452306661 ], [ -112.182003556618, 40.570713909978103 ], [ -112.182081658477003, 40.56991584842109 ], [ -112.182014185815007, 40.569303953078908 ], [ -112.181984204806, 40.568070079443807 ], [ -112.181827669053021, 40.567498733027691 ], [ -112.181944848523997, 40.56677324114019 ], [ -112.182101483487003, 40.566276164240307 ], [ -112.183388866418994, 40.564654042955503 ], [ -112.183357134983012, 40.564529148186097 ], [ -112.183187188374006, 40.564269639011904 ], [ -112.182947504081, 40.563672119533905 ], [ -112.182680760344994, 40.561671332701501 ], [ -112.181871473165003, 40.560453541378301 ], [ -112.181052527792019, 40.559692580340702 ], [ -112.18064626848502, 40.558889559931501 ], [ -112.178262198732995, 40.556167169082002 ], [ -112.178641450851998, 40.555230906206198 ], [ -112.178617617360004, 40.552794312273399 ], [ -112.178683183985996, 40.552626983426606 ], [ -112.179160406801003, 40.551487024266109 ], [ -112.179209739686996, 40.551336977218007 ], [ -112.179290424013018, 40.551021751917901 ], [ -112.179178886602003, 40.550184185653592 ], [ -112.179206619862995, 40.546311985536903 ], [ -112.179261746411996, 40.54622313804299 ], [ -112.182552884139, 40.541515806368807 ], [ -112.182800995075993, 40.540986259979903 ], [ -112.182750128232996, 40.538564352305499 ], [ -112.182626381505017, 40.538376437231292 ], [ -112.181503200836005, 40.536346566168604 ], [ -112.181329633009994, 40.535002446366398 ], [ -112.180071159868007, 40.532591074650298 ], [ -112.179541087713005, 40.532055967346004 ], [ -112.179251326959005, 40.53081572836571 ], [ -112.179358100588999, 40.529430905949809 ], [ -112.178853554631999, 40.526982091129589 ], [ -112.178954607530002, 40.525674801233102 ], [ -112.178772562329996, 40.522022736038998 ], [ -112.178754160343999, 40.521915720394603 ], [ -112.180089225965006, 40.521035456361403 ], [ -112.180751107419994, 40.520744920546903 ], [ -112.181868135453996, 40.520021813415298 ], [ -112.182493921778004, 40.51949200570229 ], [ -112.187661383795998, 40.5139049652579 ], [ -112.187658375813996, 40.513801396178501 ], [ -112.187384355757999, 40.513323148078896 ], [ -112.187301277618005, 40.51316364699349 ], [ -112.186298739969999, 40.511666789152599 ], [ -112.186146517504994, 40.511133235129904 ], [ -112.185591065143001, 40.510490309341499 ], [ -112.185322907392006, 40.510209286408291 ], [ -112.184598070893003, 40.508323991085483 ], [ -112.184273487799004, 40.50804174228189 ], [ -112.183841058832996, 40.507693933088703 ], [ -112.182005196397995, 40.50483894925069 ], [ -112.180996603148998, 40.503453812394696 ], [ -112.179733552675003, 40.50222711522909 ], [ -112.17738076609902, 40.501241234759995 ], [ -112.177199272813013, 40.501052999885502 ], [ -112.176085823788, 40.499871583105794 ], [ -112.176170001978008, 40.499751991362196 ], [ -112.176392395714004, 40.49951892402899 ], [ -112.178010042619007, 40.498692560142807 ], [ -112.178692460167994, 40.498238768604089 ], [ -112.180768447494998, 40.496432946060892 ], [ -112.181279616558996, 40.495300730129294 ], [ -112.181421520523998, 40.493366907287616 ], [ -112.178211504995005, 40.487003479338306 ], [ -112.177325730584016, 40.484608946379709 ], [ -112.177533769440004, 40.484208667257093 ], [ -112.177099555463016, 40.48076274043359 ], [ -112.176621967095002, 40.48010005548629 ], [ -112.175987230757002, 40.478747095406497 ], [ -112.176004926505001, 40.478476652709396 ], [ -112.176230403527995, 40.476659994650809 ], [ -112.17361340557801, 40.475960494342601 ], [ -112.171857325743005, 40.47225769503239 ], [ -112.172873579612002, 40.46707094722759 ], [ -112.172591328742001, 40.466508961115991 ], [ -112.172465044025003, 40.466301238735099 ], [ -112.172248321726997, 40.465980022084892 ], [ -112.172173016041995, 40.465787097198699 ], [ -112.165245452875993, 40.462295077260499 ], [ -112.164967384072, 40.462379860335005 ], [ -112.164636138744001, 40.462458872447598 ], [ -112.164513588570998, 40.462465512551198 ], [ -112.164063262376004, 40.462410591007703 ], [ -112.163410253381997, 40.462161316583192 ], [ -112.162231440087993, 40.461856968166195 ], [ -112.161953228247, 40.461728237196894 ], [ -112.161339102349999, 40.461407390648098 ], [ -112.160746594542999, 40.461245779239597 ], [ -112.160067975372002, 40.461014760562591 ], [ -112.158151194587006, 40.462583495134695 ], [ -112.157560189503997, 40.4631966080808 ], [ -112.157385674292001, 40.463405557895506 ], [ -112.15628126442202, 40.464344517147993 ], [ -112.155820721921998, 40.465758097664903 ], [ -112.155628595153999, 40.466178927316811 ], [ -112.155815960921998, 40.466650014807897 ], [ -112.155126895052021, 40.467532557427305 ], [ -112.154867546560993, 40.467679289737994 ], [ -112.154359768931002, 40.467990661115103 ], [ -112.154115671674006, 40.468132735018386 ], [ -112.153653674782007, 40.468362567093187 ], [ -112.153283790456001, 40.468460850867991 ], [ -112.152928312629996, 40.468504937060807 ], [ -112.152761373827005, 40.468468765386199 ], [ -112.152240718581993, 40.468303691374295 ], [ -112.152091979177996, 40.468297066264093 ], [ -112.151530879754006, 40.468181039619601 ], [ -112.151334181324017, 40.468128946574595 ], [ -112.148767740972005, 40.469600394208783 ], [ -112.147495510831007, 40.4697022197671 ], [ -112.146079219206996, 40.470419858944297 ], [ -112.145931302413004, 40.470461865184703 ], [ -112.143109599732995, 40.470388009294403 ], [ -112.142369102521002, 40.4697791301992 ], [ -112.141801619770007, 40.469425287482593 ], [ -112.14154080006, 40.469278318096393 ], [ -112.141365136575004, 40.4690052850464 ], [ -112.141102536435, 40.468543925574693 ], [ -112.139666043399018, 40.468627467277493 ], [ -112.138807102884016, 40.46847557758219 ], [ -112.138471874708003, 40.467763582408082 ], [ -112.138095963937005, 40.467506029805691 ], [ -112.137021218838001, 40.466796805679699 ], [ -112.136690220554001, 40.466683848121406 ], [ -112.136187554653006, 40.466603207240503 ], [ -112.135824482813007, 40.466504706294607 ], [ -112.132839755128998, 40.464622604110396 ], [ -112.132535676805006, 40.464552342644708 ], [ -112.131732831171007, 40.464379400344299 ], [ -112.131476317808009, 40.463853996251487 ], [ -112.130925594678999, 40.462945894087596 ], [ -112.130023760136993, 40.462270046064297 ], [ -112.129095034570994, 40.461536797218791 ], [ -112.128269493336006, 40.461189011243484 ], [ -112.127752558627009, 40.460886856088102 ], [ -112.127255855643995, 40.460383604893607 ], [ -112.126414385318, 40.459504441222201 ], [ -112.126144961470004, 40.459332295760298 ], [ -112.125660031221997, 40.458967658443299 ], [ -112.124618014196002, 40.458648980565293 ], [ -112.123934756620002, 40.458343021003294 ], [ -112.123608994977999, 40.457832686065693 ], [ -112.122551331313005, 40.45628894282661 ], [ -112.122330166249995, 40.4560388437786 ], [ -112.120990597431998, 40.4539212581793 ], [ -112.119836465071003, 40.453023455797805 ], [ -112.119322734576002, 40.452695105519005 ], [ -112.118938326296004, 40.45255558721751 ], [ -112.118660115009021, 40.452490713984091 ], [ -112.117931872274994, 40.452240107469692 ], [ -112.116696600078001, 40.45142323740761 ], [ -112.116417739555999, 40.451318725278803 ], [ -112.114696258558013, 40.450549770186612 ], [ -112.114569181275002, 40.450352801428089 ], [ -112.114099060265005, 40.449234833682503 ], [ -112.114034660268999, 40.448691321067386 ], [ -112.114412415801993, 40.444575147289108 ], [ -112.114462865869001, 40.44441700624909 ], [ -112.114597749390995, 40.443731034084003 ], [ -112.114542341336005, 40.441875747542099 ], [ -112.114177625036007, 40.440996397151302 ], [ -112.113285283704002, 40.440081588453005 ], [ -112.112005704797994, 40.438920052580784 ], [ -112.111441196914001, 40.439293943536306 ], [ -112.110712571931998, 40.439869405183806 ], [ -112.110266465584004, 40.440202513718994 ], [ -112.108948288445006, 40.440922361574195 ], [ -112.107123444601001, 40.441737136734503 ], [ -112.102827619875001, 40.443953837588502 ], [ -112.102000240585994, 40.44484369416729 ], [ -112.101517813271002, 40.445340175227187 ], [ -112.101420027914003, 40.445417682185884 ], [ -112.099379950420001, 40.446207359402102 ], [ -112.098410352084002, 40.446550805268487 ], [ -112.096938510439003, 40.447045854497091 ], [ -112.096673010702006, 40.447034860519999 ], [ -112.095999978961004, 40.447052955571309 ], [ -112.095813195860998, 40.447024096411603 ], [ -112.093562275893007, 40.447835489226193 ], [ -112.093436542229995, 40.447862804341 ], [ -112.092840555897993, 40.4477603345698 ], [ -112.092616320085, 40.447748941141093 ], [ -112.091038668368995, 40.447903480382202 ], [ -112.090790778690007, 40.447887802256403 ], [ -112.089545466453998, 40.447738289053198 ], [ -112.088197364804003, 40.448087919226396 ], [ -112.086742771925998, 40.44812322542019 ], [ -112.085906557111002, 40.447821180066384 ], [ -112.083223110808007, 40.447629245517994 ], [ -112.082453173592015, 40.447855373272496 ], [ -112.081543911607994, 40.448217932329904 ], [ -112.081119266792996, 40.447989476626603 ], [ -112.079617501428004, 40.446772003464403 ], [ -112.079255768842998, 40.446715923102801 ], [ -112.076479896605008, 40.447157115991999 ], [ -112.075920733429001, 40.447143403515192 ], [ -112.075611871397996, 40.447075108102602 ], [ -112.074886039473995, 40.446888169698909 ], [ -112.069849410478994, 40.445979957708502 ], [ -112.068311789701994, 40.446205887081206 ], [ -112.066333575025993, 40.446907024572596 ], [ -112.066271504314997, 40.447083269854097 ], [ -112.065582436189999, 40.448251766488902 ], [ -112.065184422870999, 40.448810380375782 ], [ -112.062894308970996, 40.449713789814993 ] ], [ [ -111.981076739247001, 40.695567177489608 ], [ -111.980730630308997, 40.696627769550297 ], [ -111.980220788790021, 40.698020311936197 ], [ -111.980730622025021, 40.696627769620591 ], [ -111.981076739247001, 40.695567177489608 ] ], [ [ -112.012806912304995, 40.587925281151094 ], [ -112.010326450639994, 40.587925441627199 ], [ -112.010328702913014, 40.587925440844494 ], [ -112.012806912304995, 40.587925281151094 ] ], [ [ -112.013949974894018, 40.565947577559299 ], [ -112.010470180743994, 40.565942392799393 ], [ -112.013074957347001, 40.565941497532087 ], [ -112.013734675189994, 40.565941360224599 ], [ -112.013949974894018, 40.565947577559299 ] ], [ [ -112.014911476916041, 40.559528541044067 ], [ -112.013310557805994, 40.557871480058701 ], [ -112.014911476916041, 40.559528541044067 ], [ -112.014911476916041, 40.559528541044067 ] ], [ [ -112.017853021011007, 40.547907550026594 ], [ -112.017853200203007, 40.547907451153606 ], [ -112.015320408771004, 40.549396448955093 ], [ -112.017853023413011, 40.54790755270799 ], [ -112.016855007138005, 40.546851837838403 ], [ -112.017853021011007, 40.547907550026594 ] ], [ [ -112.011999535203316, 40.541888156743489 ], [ -112.011671992223995, 40.542078232126492 ], [ -112.011999533196004, 40.541888154741194 ], [ -112.011999535203316, 40.541888156743489 ] ], [ [ -112.011999773821017, 40.541887979665688 ], [ -112.009711929893001, 40.539653109881691 ], [ -112.011999745050005, 40.541887951089805 ], [ -112.011999773821017, 40.541887979665688 ] ], [ [ -112.031381850898597, 40.672767807383977 ], [ -112.031381850898597, 40.672767807383977 ], [ -112.031561042499007, 40.672879715720185 ], [ -112.031381850898597, 40.672767807383977 ] ], [ [ -112.024913703747004, 40.668629675416 ], [ -112.031381841653811, 40.672767797391195 ], [ -112.031381841653811, 40.672767797391209 ], [ -112.024700066349993, 40.668492992467201 ], [ -112.024913703747004, 40.668629675416 ] ], [ [ -112.024700064957003, 40.668492901493394 ], [ -112.024700067321007, 40.668493210465307 ], [ -112.024698109051016, 40.668287923228995 ], [ -112.024700064957003, 40.668492901493394 ] ], [ [ -111.993179186730998, 40.587928492609805 ], [ -112.005196149249002, 40.587954830818603 ], [ -112.00519614497, 40.587955097512499 ], [ -111.993179186730998, 40.587928492609805 ] ], [ [ -112.000394568128002, 40.77991929563921 ], [ -112.000394558790234, 40.779919312443432 ], [ -112.000016498799994, 40.776124548189301 ], [ -112.000394568128002, 40.77991929563921 ] ], [ [ -111.934255852888995, 40.605511068616408 ], [ -111.934660601066994, 40.60539465300711 ], [ -111.934708869613019, 40.605380787202598 ], [ -111.93466060113002, 40.605394657510899 ], [ -111.934255852888995, 40.605511068616408 ] ], [ [ -111.921316278261997, 40.609537026257499 ], [ -111.921316278271519, 40.609537026729754 ], [ -111.921315809150002, 40.609537124590794 ], [ -111.921316278261997, 40.609537026257499 ] ], [ [ -111.916767555541, 40.596733872543702 ], [ -111.916500407041994, 40.596721218434098 ], [ -111.91676755569101, 40.596733872420089 ], [ -111.916767555541, 40.596733872543702 ] ], [ [ -111.916341417305006, 40.617357755927308 ], [ -111.916299972092006, 40.617032126162592 ], [ -111.916299964114003, 40.617032061363609 ], [ -111.916341417305006, 40.617357755927308 ] ], [ [ -111.896827472827013, 40.747505469224805 ], [ -111.896827472826885, 40.747505469072642 ], [ -111.897303891326999, 40.7474711679262 ], [ -111.896827472827013, 40.747505469224805 ] ], [ [ -111.884764489863997, 40.571614188749194 ], [ -111.884568271961015, 40.570806147696203 ], [ -111.884687343427004, 40.571296494384605 ], [ -111.884764489863997, 40.571614188749194 ] ], [ [ -111.902881705637995, 40.782398435568702 ], [ -111.902565509141525, 40.782398116031374 ], [ -111.902565509140857, 40.782398115749601 ], [ -111.902881705637995, 40.782398435568702 ] ], [ [ -111.896363048886016, 40.686890125267105 ], [ -111.896433480989003, 40.68711726800931 ], [ -111.896362978395999, 40.686889898798597 ], [ -111.896363048886016, 40.686890125267105 ] ], [ [ -111.866571308841998, 40.791990246005597 ], [ -111.866814248967003, 40.791844683862891 ], [ -111.866199128220998, 40.792213243134903 ], [ -111.866571308841998, 40.791990246005597 ] ], [ [ -111.835999573267003, 40.513005193194701 ], [ -111.835992671493017, 40.513052797248299 ], [ -111.835979392425998, 40.513148039395986 ], [ -111.835992674742997, 40.51305277380181 ], [ -111.835999573267003, 40.513005193194701 ] ], [ [ -111.854699630783998, 40.634209968659292 ], [ -111.854692775704081, 40.63460044892777 ], [ -111.854692780812002, 40.634600094272898 ], [ -111.854699630783998, 40.634209968659292 ] ], [ [ -111.853477886169003, 40.544295092965903 ], [ -111.853475143845998, 40.54437154745959 ], [ -111.8533241035, 40.544294116332701 ], [ -111.853477886169003, 40.544295092965903 ] ], [ [ -111.85327644153503, 40.524259051609178 ], [ -111.853276441245995, 40.524259043559397 ], [ -111.852540837937994, 40.523868812246903 ], [ -111.85327656116101, 40.524259098760503 ], [ -111.85327644153503, 40.524259051609178 ] ], [ [ -111.862758440630316, 40.544280987875553 ], [ -111.862757936503002, 40.544344497512 ], [ -111.862758440593026, 40.544280987875887 ], [ -111.862758440630316, 40.544280987875553 ] ], [ [ -111.860066121356994, 40.544304482477493 ], [ -111.860412051205998, 40.544302907634602 ], [ -111.860688435749012, 40.544302010223198 ], [ -111.860412050025019, 40.544302907643413 ], [ -111.860066121356994, 40.544304482477493 ] ], [ [ -111.829473504348002, 40.760926050609804 ], [ -111.829530891340994, 40.760882126293403 ], [ -111.829618441479994, 40.760815105392894 ], [ -111.829530892525, 40.760882126284898 ], [ -111.829473504348002, 40.760926050609804 ] ], [ [ -111.842005215935018, 40.7209911724092 ], [ -111.842041948157998, 40.720713421889592 ], [ -111.841992453162007, 40.721089078330394 ], [ -111.842005215935018, 40.7209911724092 ] ], [ [ -111.841980586768003, 40.723080819982997 ], [ -111.841980145714174, 40.723513702673671 ], [ -111.841980144077993, 40.723513689237492 ], [ -111.841980586768003, 40.723080819982997 ] ], [ [ -111.849368476888998, 40.777699125225794 ], [ -111.849370745518002, 40.777700276922097 ], [ -111.849588413635004, 40.777810111653793 ], [ -111.849370744344995, 40.777700277831499 ], [ -111.849368476888998, 40.777699125225794 ] ], [ [ -111.754923172955003, 40.576476476978705 ], [ -111.756917681725994, 40.576720448396401 ], [ -111.725975539168999, 40.577243098764207 ], [ -111.705234071381, 40.575669648020011 ], [ -111.701400415359998, 40.578023925208093 ], [ -111.694975165220015, 40.578947243638808 ], [ -111.693900436625995, 40.578970010447406 ], [ -111.692213126875004, 40.578859866339002 ], [ -111.683978255075004, 40.580515641180696 ], [ -111.681078732919005, 40.580508180141699 ], [ -111.675813164174997, 40.583416154693289 ], [ -111.671462226865003, 40.582957125070209 ], [ -111.662771902734008, 40.585585000033809 ], [ -111.656642547038004, 40.590021156443115 ], [ -111.658846920070999, 40.587862259531498 ], [ -111.659305000469004, 40.587446682751803 ], [ -111.661496086433004, 40.586307065639488 ], [ -111.661836516408016, 40.586198271302898 ], [ -111.662479901778994, 40.585727927583392 ], [ -111.662771896772995, 40.585584994662689 ], [ -111.671462223258004, 40.582957118784996 ], [ -111.675813159385001, 40.583416148415097 ], [ -111.681078729301007, 40.580508172955994 ], [ -111.683978251466996, 40.580515634895896 ], [ -111.684411918235, 40.580414419952497 ], [ -111.685767143291997, 40.579879277718589 ], [ -111.686307480539995, 40.579718594903703 ], [ -111.692213125657005, 40.578859862742704 ], [ -111.692583694600998, 40.5788292638467 ], [ -111.693900435407002, 40.5789700068512 ], [ -111.694975164000994, 40.578947240042602 ], [ -111.698519859276999, 40.578159751708995 ], [ -111.698907944197003, 40.578109927965599 ], [ -111.700204311166999, 40.578177841231295 ], [ -111.701400415321999, 40.578023921604697 ], [ -111.705234071343, 40.575669644416692 ], [ -111.709663867296996, 40.575385674717403 ], [ -111.715687871314003, 40.575775256688893 ], [ -111.725975540321016, 40.57724309605431 ], [ -111.729070750082997, 40.576656769312898 ], [ -111.731174039869998, 40.576764283289201 ], [ -111.732919644917004, 40.576423229152589 ], [ -111.737809072242015, 40.576267061612604 ], [ -111.741429232068, 40.576552163379802 ], [ -111.743804660668005, 40.576085822604099 ], [ -111.747318770243993, 40.576766727984605 ], [ -111.751255313466999, 40.575977068847102 ], [ -111.751791096461005, 40.575985835106799 ], [ -111.752413861159994, 40.576091687566908 ], [ -111.753787202647004, 40.576142732642396 ], [ -111.754114581612995, 40.576236449347398 ], [ -111.754518118804995, 40.576378405211599 ], [ -111.754923172955003, 40.576476476978705 ] ], [ [ -111.793800741119995, 40.561479297241092 ], [ -111.793800732124296, 40.561479317011631 ], [ -111.794368868088, 40.560052256003999 ], [ -111.793800741119995, 40.561479297241092 ] ], [ [ -111.756918094406004, 40.576714083691499 ], [ -111.756918014577082, 40.576715314881888 ], [ -111.757511299935999, 40.567537142463109 ], [ -111.756918094406004, 40.576714083691499 ] ], [ [ -111.776470010281002, 40.673112319891295 ], [ -111.779444978862998, 40.671115781630206 ], [ -111.783176339121994, 40.670379750585994 ], [ -111.779444980045994, 40.671115781622206 ], [ -111.776470011463999, 40.673112319883309 ], [ -111.777901855143995, 40.673669172746408 ], [ -111.776437771204996, 40.674392482146708 ], [ -111.777901853960998, 40.673669172754302 ], [ -111.776470010281002, 40.673112319891295 ] ], [ [ -111.776385613496998, 40.6758160250616 ], [ -111.776392435904, 40.675625076573297 ], [ -111.776379395226996, 40.675990103539284 ], [ -111.776385613496998, 40.6758160250616 ] ], [ [ -111.776256823045998, 40.676063993039008 ], [ -111.775939689572013, 40.676254489706494 ], [ -111.77637916068602, 40.675990285288904 ], [ -111.776256823045998, 40.676063993039008 ] ], [ [ -111.775927360360996, 40.6778445940216 ], [ -111.775930387585007, 40.677454283356802 ], [ -111.775945461061994, 40.677885011156391 ], [ -111.775927360360996, 40.6778445940216 ] ], [ [ -111.776092892977005, 40.678213329348992 ], [ -111.775945461061994, 40.677885011156391 ], [ -111.776093135894996, 40.678213869133998 ], [ -111.776092892977005, 40.678213329348992 ] ], [ [ -111.778640216906993, 40.681877504094494 ], [ -111.776330630038004, 40.678742744887508 ], [ -111.779772384763007, 40.682867116064003 ], [ -111.778640216906993, 40.681877504094494 ] ], [ [ -111.780131266653996, 40.683405158583 ], [ -111.779772384763007, 40.682867116064003 ], [ -111.780131712273999, 40.683405824911496 ], [ -111.780131266653996, 40.683405158583 ] ], [ [ -111.774742271112018, 40.685741485214301 ], [ -111.775241776889999, 40.685730024367793 ], [ -111.775241777240211, 40.685730024379005 ], [ -111.774742271112018, 40.685741485214301 ] ], [ [ -111.763701520240005, 40.686225750635209 ], [ -111.764055164965001, 40.686208096081295 ], [ -111.763349266586999, 40.686261412128289 ], [ -111.763701520240005, 40.686225750635209 ] ], [ [ -111.763245201230006, 40.686277446328099 ], [ -111.763245548556995, 40.686277393583694 ], [ -111.762885109851013, 40.686332675375191 ], [ -111.763245201230006, 40.686277446328099 ] ], [ [ -111.762070683619996, 40.686531108726506 ], [ -111.762106153475997, 40.686521340775101 ], [ -111.761494100180002, 40.686716887194699 ], [ -111.762070683619996, 40.686531108726506 ] ], [ [ -111.760671000892998, 40.686975455312492 ], [ -111.760671000175918, 40.686975455284468 ], [ -111.760727100229005, 40.686971139899597 ], [ -111.760671000892998, 40.686975455312492 ] ], [ [ -111.757523970582014, 40.687249196789097 ], [ -111.757403320882005, 40.687271701830298 ], [ -111.759060187657013, 40.686962364781785 ], [ -111.757523970582014, 40.687249196789097 ] ], [ [ -111.757370261575005, 40.687282181320796 ], [ -111.756994245575996, 40.68740095582779 ], [ -111.757403320882005, 40.687271701830298 ], [ -111.757370261575005, 40.687282181320796 ] ], [ [ -111.752839110799997, 40.687702258224199 ], [ -111.753317572783004, 40.687659319124094 ], [ -111.752721265570003, 40.687720321363891 ], [ -111.752839110799997, 40.687702258224199 ] ], [ [ -111.752374572169998, 40.687773031299699 ], [ -111.752721265570003, 40.687720321363891 ], [ -111.751920059335006, 40.687872384592794 ], [ -111.752374572169998, 40.687773031299699 ] ], [ [ -111.751476496696014, 40.687998690654609 ], [ -111.751920059335006, 40.687872384592794 ], [ -111.751158958109997, 40.688113505313403 ], [ -111.751476496696014, 40.687998690654609 ] ], [ [ -111.749812387795998, 40.688723624177698 ], [ -111.750352282277021, 40.688448235636407 ], [ -111.751026949020002, 40.688161068391999 ], [ -111.749612462490006, 40.688835997747695 ], [ -111.749812387795998, 40.688723624177698 ] ], [ [ -111.749146567253007, 40.689159786985293 ], [ -111.749256528888012, 40.689073433033997 ], [ -111.748677570473006, 40.689560567612794 ], [ -111.748926509496002, 40.6893318693457 ], [ -111.749146567253007, 40.689159786985293 ] ], [ [ -111.748538144259001, 40.689701065517895 ], [ -111.748399015800999, 40.689848870908001 ], [ -111.748624627572994, 40.689609040333096 ], [ -111.748538144259001, 40.689701065517895 ] ], [ [ -111.743537203304001, 40.691923962571693 ], [ -111.743470905630005, 40.691945164296293 ], [ -111.743537689161997, 40.6919238044945 ], [ -111.743537203304001, 40.691923962571693 ] ], [ [ -111.741028832346004, 40.6926818755922 ], [ -111.741637545247997, 40.6924820385549 ], [ -111.741853008800007, 40.692411188820493 ], [ -111.743169730394015, 40.692041474936097 ], [ -111.741028832346004, 40.6926818755922 ] ], [ [ -111.740304596140419, 40.692946960827541 ], [ -111.740689235267993, 40.692806662058402 ], [ -111.740304597076999, 40.692946960910184 ], [ -111.740304596140419, 40.692946960827541 ] ], [ [ -111.737949260877997, 40.692811596920983 ], [ -111.737775232774993, 40.692817010818089 ], [ -111.738555264547003, 40.692792587188094 ], [ -111.737949260877997, 40.692811596920983 ] ], [ [ -111.735140005287008, 40.692700194202907 ], [ -111.734953447554005, 40.692701884701201 ], [ -111.735388116156017, 40.692697585224295 ], [ -111.735140005287008, 40.692700194202907 ] ], [ [ -111.733186286351994, 40.692873744813603 ], [ -111.733571467348, 40.692816676019206 ], [ -111.732154542035005, 40.693118120010709 ], [ -111.733186286351994, 40.692873744813603 ] ], [ [ -111.727518248406, 40.693202483629001 ], [ -111.727266252807993, 40.693228563995902 ], [ -111.727735240572002, 40.693180025020091 ], [ -111.727518248406, 40.693202483629001 ] ], [ [ -111.726758862091003, 40.693304819092091 ], [ -111.727266252807993, 40.693228563995902 ], [ -111.726361037017, 40.693388940826004 ], [ -111.726758862091003, 40.693304819092091 ] ], [ [ -111.726224589994999, 40.693422997775009 ], [ -111.726361037017, 40.693388940826004 ], [ -111.725851716131999, 40.693516463075902 ], [ -111.726224589994999, 40.693422997775009 ] ], [ [ -111.722853281796006, 40.694238848984 ], [ -111.723849687365998, 40.693895683722296 ], [ -111.722390046713997, 40.694445811614898 ], [ -111.722853281796006, 40.694238848984 ] ], [ [ -111.722372935563996, 40.694453464297411 ], [ -111.722372704611004, 40.694453559432098 ], [ -111.722390046713997, 40.694445811614898 ], [ -111.722372935563996, 40.694453464297411 ] ], [ [ -111.722244265552007, 40.694535562147792 ], [ -111.721580663772997, 40.694958941025199 ], [ -111.722372704611004, 40.694453559432098 ], [ -111.722244265552007, 40.694535562147792 ] ], [ [ -111.668991652035018, 40.625010227693807 ], [ -111.664182943819995, 40.629417126333593 ], [ -111.660571430814002, 40.643861042730791 ], [ -111.65111665270102, 40.641667731456003 ], [ -111.660571074778005, 40.643860797928909 ], [ -111.664182939089997, 40.629417126360806 ], [ -111.668991648478993, 40.625010226813593 ], [ -111.669989346485011, 40.598917259251692 ], [ -111.667710614929703, 40.596660453170003 ], [ -111.669988990731994, 40.598916903666996 ], [ -111.669989350058003, 40.598917261933586 ], [ -111.668991652035018, 40.625010227693807 ] ], [ [ -111.588870579054003, 40.625399711879901 ], [ -111.589393300455995, 40.625815947884995 ], [ -111.588205023, 40.625007614788508 ], [ -111.588870532634999, 40.62539967698239 ], [ -111.588870579054003, 40.625399711879901 ] ], [ [ -111.817687438508003, 40.606852014772507 ], [ -111.817686966916995, 40.6068519208171 ], [ -111.817733413612018, 40.6068610538276 ], [ -111.817687438508003, 40.606852014772507 ] ], [ [ -111.819509402649004, 40.607228089404501 ], [ -111.819504127658007, 40.607223381944493 ], [ -111.819509404313465, 40.607228088763698 ], [ -111.819509402649004, 40.607228089404501 ] ], [ [ -111.590635382854998, 40.598785663999202 ], [ -111.590635376851239, 40.598785641890416 ], [ -111.590635424377012, 40.598785816035502 ], [ -111.590635382854998, 40.598785663999202 ] ], [ [ -111.667291351063042, 40.596245201948193 ], [ -111.667291228726, 40.596245020120392 ], [ -111.666997268230446, 40.592102860919098 ], [ -111.667246017330001, 40.595606667035092 ], [ -111.667291232297998, 40.596245022802407 ], [ -111.667291346886003, 40.596245136551801 ], [ -111.667291351063042, 40.596245201948193 ] ], [ [ -111.805641390502998, 40.655292020765998 ], [ -111.802684157114996, 40.658555817504599 ], [ -111.805997924503998, 40.6542521007079 ], [ -111.805641390502998, 40.655292020765998 ] ], [ [ -111.797545217332001, 40.642001860623402 ], [ -111.798159219151003, 40.642200172762003 ], [ -111.794910454800004, 40.6411511823936 ], [ -111.797545217332001, 40.642001860623402 ] ], [ [ -111.791314708882993, 40.634304781819999 ], [ -111.790824469564015, 40.635569895804402 ], [ -111.791283463179994, 40.633308565481997 ], [ -111.791314708882993, 40.634304781819999 ] ], [ [ -111.801795463860017, 40.659211875308692 ], [ -111.801049875866994, 40.661162015205797 ], [ -111.799628429102, 40.662491633136888 ], [ -111.801049874684011, 40.661162015213989 ], [ -111.801795463860017, 40.659211875308692 ] ], [ [ -111.786244556585004, 40.670406643220204 ], [ -111.786244555468244, 40.670406643210434 ], [ -111.790010359563993, 40.669390889480191 ], [ -111.786244556585004, 40.670406643220204 ] ], [ [ -111.770813736220006, 40.695587201441697 ], [ -111.771907220869011, 40.695233829978704 ], [ -111.770270493, 40.69576275639119 ], [ -111.770813736220006, 40.695587201441697 ] ] ] } },
{ "type": "Feature", "properties": { "name": "San Juan County" }, "geometry": { "type": "Polygon", "coordinates": [ [ [ -111.413012077797006, 37.001507088944699 ], [ -111.150586943839002, 37.000955623358003 ], [ -110.490309921771996, 37.00363357596239 ], [ -110.469743635610001, 36.997663164148591 ], [ -109.62432983749801, 36.998251660507599 ], [ -109.045183150510994, 36.9989824285814 ], [ -109.045647089412, 37.360471936853905 ], [ -109.041582547836001, 37.562143405607699 ], [ -109.042582564160995, 38.157194451621201 ], [ -109.060198262105999, 38.275533549261496 ], [ -109.060129791459005, 38.500027934729502 ], [ -109.625674077282994, 38.4999269304843 ], [ -110.025290666036, 38.499987806208303 ], [ -110.020609975789995, 38.495888924570799 ], [ -110.019524120141995, 38.492752730460396 ], [ -110.001977004286999, 38.481677659230506 ], [ -110.003272972898003, 38.470406751823297 ], [ -110.011394437167993, 38.457402942435003 ], [ -110.010751747086005, 38.449494085625695 ], [ -110.013391286974993, 38.446691110318092 ], [ -110.018553384883006, 38.446292883115298 ], [ -110.024962383483, 38.450734295337803 ], [ -110.030445081099998, 38.457224211453486 ], [ -110.035497337942004, 38.459960474668392 ], [ -110.043937960576997, 38.456109483358794 ], [ -110.044318125488005, 38.449011194296084 ], [ -110.038788599518, 38.446348897492591 ], [ -110.026588225018003, 38.447432333670001 ], [ -110.006657641098016, 38.422955391256608 ], [ -110.003126134506005, 38.414102709569597 ], [ -110.006613494288018, 38.410203109497594 ], [ -110.017800543573003, 38.405016387888608 ], [ -110.023828889209994, 38.394486684608594 ], [ -110.031455970576005, 38.392292452414189 ], [ -110.033518550002995, 38.389173301431093 ], [ -110.032662179466016, 38.385984997571803 ], [ -110.029908300843005, 38.383857934558591 ], [ -110.019366378184998, 38.38278790953499 ], [ -110.010254633990996, 38.377610533469301 ], [ -110.009403858511007, 38.372416934252605 ], [ -110.016121574368, 38.365381043419603 ], [ -110.013071761826012, 38.364066687911404 ], [ -110.008693088575995, 38.364939961504192 ], [ -110.002534348127995, 38.369150408534097 ], [ -109.986022536164995, 38.387559943614697 ], [ -109.981261302961002, 38.389460739075901 ], [ -109.976682064266015, 38.388992781424207 ], [ -109.972673090664998, 38.384640979005596 ], [ -109.972897046805997, 38.376496111362094 ], [ -109.97936852077801, 38.365265105563395 ], [ -109.986995998245007, 38.360041206904498 ], [ -109.983213309996998, 38.351442533285002 ], [ -109.963320294351007, 38.339602265281506 ], [ -109.955538958177996, 38.343701276036704 ], [ -109.952680841624996, 38.354958823530517 ], [ -109.945267600272999, 38.355541233729987 ], [ -109.940939828506004, 38.353294280810104 ], [ -109.947955763406995, 38.338235282617902 ], [ -109.961820854436993, 38.334024065728102 ], [ -109.964998862673994, 38.331803653639696 ], [ -109.963443010248014, 38.319745298783801 ], [ -109.960953385454999, 38.317051189936102 ], [ -109.951087225031998, 38.314283179255909 ], [ -109.946379559411, 38.309197831679896 ], [ -109.950676618859006, 38.2951504681497 ], [ -109.949641834998005, 38.290779353686901 ], [ -109.945378194835996, 38.287514768656308 ], [ -109.935012942602, 38.285569140120892 ], [ -109.928237973476996, 38.280541774707096 ], [ -109.927770871308994, 38.277320186287703 ], [ -109.936165989621003, 38.265712401090497 ], [ -109.934984920926993, 38.262051774291805 ], [ -109.930212022953995, 38.259845443593306 ], [ -109.925701489502003, 38.260254839490194 ], [ -109.909413025085001, 38.271013732721805 ], [ -109.904275453023004, 38.266387717337409 ], [ -109.902027166427999, 38.25627764271249 ], [ -109.905993924026006, 38.251650919003502 ], [ -109.917595352826012, 38.246544985415603 ], [ -109.918356392950997, 38.2430012172819 ], [ -109.915947522058019, 38.239770664820689 ], [ -109.912525945422004, 38.238571935245496 ], [ -109.898910584643005, 38.2427843241665 ], [ -109.891523373282993, 38.2352302016374 ], [ -109.888488446330996, 38.228938057492002 ], [ -109.892141677376998, 38.227990273302893 ], [ -109.905231525583005, 38.229334250278093 ], [ -109.916275854830005, 38.227273830208503 ], [ -109.919719067068996, 38.224661401824008 ], [ -109.920436022678004, 38.220598097171006 ], [ -109.918089741361001, 38.216268669291203 ], [ -109.909033993041021, 38.210732478228891 ], [ -109.897929131896007, 38.206735480178097 ], [ -109.890175195226007, 38.2085324558048 ], [ -109.887803833413003, 38.207870146127995 ], [ -109.889784778169997, 38.202954727762609 ], [ -109.902188262066005, 38.194640462420494 ], [ -109.904019964829004, 38.190907595827795 ], [ -109.900954471950996, 38.187833710257706 ], [ -109.891417482389002, 38.190258452559092 ], [ -109.886661414152016, 38.189889007524989 ], [ -109.885104644478005, 38.187891549278888 ], [ -109.887166523947997, 38.1829589000249 ], [ -109.891265431665005, 38.1807040696347 ], [ -109.903539939083998, 38.178368009086007 ], [ -109.913854883575993, 38.167626651868801 ], [ -109.920686829160005, 38.162994255872512 ], [ -109.930925654201005, 38.158784552044004 ], [ -109.932684507241021, 38.157065686775901 ], [ -109.928426353429003, 38.152831689569098 ], [ -109.927236612009011, 38.149125788542804 ], [ -109.929287799890005, 38.140357512382202 ], [ -109.934376669144001, 38.136077881445793 ], [ -109.943957170857999, 38.135191077815691 ], [ -109.956149637464009, 38.130352291760296 ], [ -109.964673486609996, 38.113732332448102 ], [ -109.978552518334993, 38.109879363476402 ], [ -109.986883048029995, 38.100520019600197 ], [ -109.994144148930999, 38.100388638714001 ], [ -109.99944431502, 38.103547682088909 ], [ -110.003603226520994, 38.108467751099106 ], [ -110.010099779577999, 38.109685270123201 ], [ -110.01670328334302, 38.105919459464097 ], [ -110.026040336789009, 38.097228136828605 ], [ -110.033541135042995, 38.085362092192007 ], [ -110.038725920016006, 38.082142108086899 ], [ -110.047018287493998, 38.070493420863897 ], [ -110.042822377441993, 38.058725050925901 ], [ -110.045686047646015, 38.0502720670858 ], [ -110.047512263886006, 38.04866011987091 ], [ -110.055539743373998, 38.048350871722803 ], [ -110.064780164005995, 38.042279101508782 ], [ -110.076800666170001, 38.021585730874392 ], [ -110.073974234036996, 38.008085172517703 ], [ -110.075210634355003, 38.002151088772315 ], [ -110.078386930088001, 37.99817352218799 ], [ -110.084456076663002, 37.995072818240999 ], [ -110.093304159026005, 37.994689836619791 ], [ -110.113567001080995, 38.008214558395387 ], [ -110.136075763205994, 38.005259203574902 ], [ -110.145493641342995, 37.990704977600494 ], [ -110.161065565436999, 37.982322632256498 ], [ -110.164530429989, 37.969981867954296 ], [ -110.168013315688995, 37.965018013636602 ], [ -110.188880155751008, 37.952113295368598 ], [ -110.201861503857003, 37.946857509153993 ], [ -110.204862883009994, 37.9424120047141 ], [ -110.205779353886996, 37.93445089419879 ], [ -110.203611418880001, 37.927080901860101 ], [ -110.199135665829999, 37.921161561157902 ], [ -110.198407465501006, 37.915924667924486 ], [ -110.204128467003002, 37.906026859500294 ], [ -110.205315346454, 37.897734056362999 ], [ -110.208795137904019, 37.89407124416779 ], [ -110.215476564946997, 37.892498157245306 ], [ -110.229408986894001, 37.8957266680654 ], [ -110.247519907552999, 37.896426073435705 ], [ -110.261805256269, 37.899269062577488 ], [ -110.269488383552002, 37.897550473349099 ], [ -110.274209871997002, 37.893938478179209 ], [ -110.278298778079019, 37.885761885813103 ], [ -110.278870998684994, 37.878393738505196 ], [ -110.277015320429001, 37.871059364128499 ], [ -110.283272968239004, 37.865923303786687 ], [ -110.291092919698016, 37.869089122772792 ], [ -110.293675455857013, 37.874273558658096 ], [ -110.294775082385001, 37.885947369283109 ], [ -110.298102103538994, 37.888869408828697 ], [ -110.303443222550001, 37.890497320818589 ], [ -110.327208262862996, 37.890319197322285 ], [ -110.362114662658996, 37.8925639709989 ], [ -110.388332598345002, 37.888093006867102 ], [ -110.404220637126002, 37.880946098692 ], [ -110.405500557273015, 37.878036874757299 ], [ -110.402741498240999, 37.852178171877206 ], [ -110.406237836154006, 37.848509532546693 ], [ -110.424254294891014, 37.843150624499202 ], [ -110.431475755186, 37.8368125919649 ], [ -110.434252191702996, 37.830405066772791 ], [ -110.435490099049005, 37.811853103135206 ], [ -110.437481139306996, 37.806977535919501 ], [ -110.441767363390994, 37.805758626228091 ], [ -110.450859329099004, 37.809807678369296 ], [ -110.469677702948005, 37.809046670737594 ], [ -110.472625606573999, 37.807464585501101 ], [ -110.476960898099009, 37.800016553897102 ], [ -110.477315511051003, 37.796439921290293 ], [ -110.473479456617994, 37.794403901058885 ], [ -110.469588402764998, 37.778640506202798 ], [ -110.462000451535005, 37.771129698911402 ], [ -110.445775759906994, 37.772523649805201 ], [ -110.429435441436993, 37.779281223951791 ], [ -110.426092934804004, 37.775380331632093 ], [ -110.429193982095001, 37.770808608201691 ], [ -110.445279581234004, 37.760664512392303 ], [ -110.447407704501003, 37.755397301174284 ], [ -110.447926905312002, 37.73975735562189 ], [ -110.450216712409016, 37.7347702399707 ], [ -110.453564008528005, 37.731770885861799 ], [ -110.467277933517011, 37.725542432672988 ], [ -110.469538438786003, 37.722032960885905 ], [ -110.468958798884998, 37.7158067130148 ], [ -110.470385943731003, 37.712964948257401 ], [ -110.477441968738006, 37.706642091980207 ], [ -110.488351235501014, 37.702323009763298 ], [ -110.483551353806007, 37.695159066477899 ], [ -110.484423855095002, 37.682183753699199 ], [ -110.486337660475996, 37.6743685584117 ], [ -110.494470774255007, 37.6664809938381 ], [ -110.498243716337001, 37.6517377668875 ], [ -110.501539751867995, 37.6504673380241 ], [ -110.510987081205002, 37.656726089306993 ], [ -110.513564883794004, 37.656939547877691 ], [ -110.524265176101011, 37.649254236765096 ], [ -110.532250661362013, 37.635811177829403 ], [ -110.537797575362006, 37.633237184072406 ], [ -110.542320637581994, 37.6340029266809 ], [ -110.554082421234995, 37.642020306401484 ], [ -110.55904000107202, 37.642264275069302 ], [ -110.563276509190004, 37.637895021442098 ], [ -110.564230191110994, 37.625004879560407 ], [ -110.567389163152001, 37.61374522330879 ], [ -110.582728197652997, 37.608131007586593 ], [ -110.602971462270006, 37.603374144435598 ], [ -110.604178658313998, 37.597691608459598 ], [ -110.598345515201999, 37.576660585641307 ], [ -110.599707508498994, 37.568696376902707 ], [ -110.606109449635994, 37.56471230640269 ], [ -110.622198188907007, 37.562772899385003 ], [ -110.636640161681001, 37.553529788100008 ], [ -110.650977079575, 37.534487732162802 ], [ -110.659833642934998, 37.527071964476796 ], [ -110.663924363950997, 37.518367532029998 ], [ -110.667677923629014, 37.496168601170602 ], [ -110.663534345315, 37.494331610389793 ], [ -110.644657457894994, 37.4923339009232 ], [ -110.639807989559003, 37.489250072104198 ], [ -110.640197902365998, 37.486019870202206 ], [ -110.667608352507997, 37.477658878029409 ], [ -110.699038965989004, 37.481628008013502 ], [ -110.718058307762007, 37.4815126785386 ], [ -110.723630220752995, 37.476523255130708 ], [ -110.725641840712996, 37.472305033295598 ], [ -110.726016503834003, 37.45951096548751 ], [ -110.731917617456006, 37.458298636692703 ], [ -110.744139720684004, 37.460236636274892 ], [ -110.747583073692994, 37.45848636849 ], [ -110.745765331973999, 37.45267313332559 ], [ -110.726086252442997, 37.435732931536201 ], [ -110.720453967522005, 37.435021181511004 ], [ -110.709101637534005, 37.437373415107494 ], [ -110.702026602016005, 37.435625153472991 ], [ -110.699480437445999, 37.432089829640702 ], [ -110.706108797514005, 37.417882795978898 ], [ -110.707748359959993, 37.410378390696607 ], [ -110.717535162350003, 37.401072914132698 ], [ -110.725025220760003, 37.399770048572293 ], [ -110.736731428184001, 37.405916155335497 ], [ -110.743963858211998, 37.407650066128006 ], [ -110.751294701101003, 37.406376742469789 ], [ -110.753283814045005, 37.404524069052101 ], [ -110.752928999773005, 37.399024912663194 ], [ -110.744655758478004, 37.388226822985587 ], [ -110.722460199370005, 37.372267415787903 ], [ -110.725283103916013, 37.366252762086091 ], [ -110.735745079899004, 37.358574260767099 ], [ -110.734641000568004, 37.3495083475689 ], [ -110.735782117778015, 37.346396608056509 ], [ -110.738864042388997, 37.344866584902597 ], [ -110.743058214783005, 37.345231816930287 ], [ -110.748420110783997, 37.351945157977383 ], [ -110.751691584327006, 37.352848949558897 ], [ -110.755006141351998, 37.3492052427818 ], [ -110.756611203388999, 37.336413343261604 ], [ -110.759066070662001, 37.333024635766193 ], [ -110.767930537642997, 37.332019276967792 ], [ -110.773890124247004, 37.324685379763999 ], [ -110.777371804875003, 37.322907225837199 ], [ -110.787403569565996, 37.323708984883098 ], [ -110.804506038510993, 37.320930638435591 ], [ -110.818372780383001, 37.329349205784695 ], [ -110.833519725244003, 37.335068281554499 ], [ -110.857408846422999, 37.348809629736884 ], [ -110.865536108203003, 37.349977431962799 ], [ -110.873260263340001, 37.3459297062997 ], [ -110.873274388309, 37.337524256922094 ], [ -110.867246140625014, 37.327836698304907 ], [ -110.861410109481, 37.324945550931908 ], [ -110.849426433396005, 37.323285865911608 ], [ -110.840790999673004, 37.318376391011817 ], [ -110.837896661036993, 37.310227462487198 ], [ -110.838595154103004, 37.300218420025111 ], [ -110.841124997134003, 37.296422455220792 ], [ -110.847462349481006, 37.292640417646403 ], [ -110.867228159237001, 37.289928497654998 ], [ -110.873054738839997, 37.286897176207098 ], [ -110.873267546188998, 37.277725665634591 ], [ -110.861391030044004, 37.264624010913792 ], [ -110.860740684801996, 37.260116235821798 ], [ -110.864124066532, 37.256275683947301 ], [ -110.881133665942997, 37.25373850281359 ], [ -110.888335752035005, 37.248557932020894 ], [ -110.887225415507004, 37.244554640445692 ], [ -110.879766980072006, 37.237394647955689 ], [ -110.875051509184004, 37.228898513646101 ], [ -110.879659420163009, 37.223494836106291 ], [ -110.893287820774006, 37.219145080162001 ], [ -110.898151763448993, 37.21470541388549 ], [ -110.897424780669994, 37.210558298287111 ], [ -110.889383547844005, 37.202834982573293 ], [ -110.890440042563995, 37.193069160189893 ], [ -110.902377805520999, 37.184457574782606 ], [ -110.901262480867999, 37.174910661124301 ], [ -110.902945346701003, 37.172347522150197 ], [ -110.909585511128, 37.172537565189103 ], [ -110.921333397094998, 37.178900930199902 ], [ -110.925080247607994, 37.177790110200689 ], [ -110.926652553267004, 37.171134134504491 ], [ -110.925351012828003, 37.160209041323384 ], [ -110.928284337722019, 37.154878058556896 ], [ -110.935828453328014, 37.148455260200599 ], [ -110.941556041088006, 37.148079627294393 ], [ -110.949835236487999, 37.152865453307896 ], [ -110.954492858327001, 37.151253792656398 ], [ -110.955696424920006, 37.143993305437299 ], [ -110.950652763872995, 37.1338953882873 ], [ -110.957722650700006, 37.124870366220293 ], [ -110.963571500460006, 37.12356975091199 ], [ -110.981266913028009, 37.127376975797496 ], [ -110.984633633350001, 37.124205348409703 ], [ -110.981888609679999, 37.116813278034094 ], [ -110.988389825881995, 37.111905830331388 ], [ -110.999347056591006, 37.111306949829498 ], [ -111.013372065000993, 37.115705155874501 ], [ -111.019190452480998, 37.111765126520311 ], [ -111.040855463113999, 37.108455913199315 ], [ -111.046479546350994, 37.101035098381196 ], [ -111.052639580188, 37.098914168818503 ], [ -111.057635439362997, 37.099439180454098 ], [ -111.061174558363007, 37.106247691659782 ], [ -111.065402079752005, 37.107872509542197 ], [ -111.069233766837002, 37.107207786684903 ], [ -111.076697996831996, 37.102790708247902 ], [ -111.092359837653007, 37.105118747108897 ], [ -111.100161569573999, 37.102647011331491 ], [ -111.121738733643994, 37.108048903375099 ], [ -111.127348128690002, 37.103982086079398 ], [ -111.134178346534995, 37.090565819577499 ], [ -111.139159558130004, 37.088612993268498 ], [ -111.151332914779999, 37.091329412214499 ], [ -111.158775287585001, 37.101041577351992 ], [ -111.166083182964002, 37.105511656221204 ], [ -111.176555576930994, 37.1031077469612 ], [ -111.180555480170995, 37.100333444558402 ], [ -111.187789684710012, 37.088135811122299 ], [ -111.218216196422006, 37.056677539393682 ], [ -111.223352991828008, 37.056037337290192 ], [ -111.225668965119993, 37.057614969369801 ], [ -111.233296427823007, 37.069188114276393 ], [ -111.236966461644997, 37.070091284078401 ], [ -111.240271948002999, 37.067736408368695 ], [ -111.247849809916005, 37.0492414640307 ], [ -111.244560024529008, 37.045651570895494 ], [ -111.232721635966001, 37.043052208335503 ], [ -111.229880917779994, 37.038897625255295 ], [ -111.239785181597995, 37.0220707443534 ], [ -111.245364912026005, 37.0214418535924 ], [ -111.249515044730998, 37.023709330518898 ], [ -111.262312050774995, 37.047497647353396 ], [ -111.268183049358001, 37.05406498002759 ], [ -111.286153984221002, 37.059621784860902 ], [ -111.29395249161, 37.06498786209071 ], [ -111.300067353445002, 37.066743860956002 ], [ -111.304409508728995, 37.063960901382607 ], [ -111.305778311064003, 37.057484209962091 ], [ -111.303002843754001, 37.046832803383303 ], [ -111.298880020588996, 37.043652189659809 ], [ -111.285619858263999, 37.044653891372818 ], [ -111.281661858950997, 37.041724680235191 ], [ -111.285338598704996, 37.037109567461997 ], [ -111.306211107997996, 37.026627940196107 ], [ -111.307183102164998, 37.023708381376494 ], [ -111.303411237180995, 37.016349743645897 ], [ -111.306238933401005, 37.012551936032295 ], [ -111.310561545371002, 37.011301227109385 ], [ -111.314414396876998, 37.012016740188692 ], [ -111.323857832480002, 37.020257521421698 ], [ -111.328195570337996, 37.021183098005707 ], [ -111.334680740154013, 37.018280391371093 ], [ -111.340165915594, 37.011810512342798 ], [ -111.345142885605995, 37.00874027114039 ], [ -111.356825228632999, 37.0071417311093 ], [ -111.368152978685004, 37.002036551014804 ], [ -111.377086988963001, 37.001801174145491 ], [ -111.390211112084003, 37.004467573040998 ], [ -111.403494492573998, 37.005193707445898 ], [ -111.408761865222999, 37.004441194090184 ], [ -111.413012077797006, 37.001507088944699 ] ], [ [ -109.441369490313704, 38.490698444165965 ], [ -109.439164769746, 38.490681761586494 ], [ -109.439054090862015, 38.490680922510492 ], [ -109.441369490313704, 38.490698444165965 ] ], [ [ -109.441438087760019, 38.490698135763203 ], [ -109.44140229236254, 38.490698634852137 ], [ -109.443160219315004, 38.490674090825095 ], [ -109.441438087760019, 38.490698135763203 ] ], [ [ -109.444699672978004, 38.490652575918496 ], [ -109.443160219315004, 38.490674090825095 ], [ -109.446158745918282, 38.490632164686801 ], [ -109.444699672978004, 38.490652575918496 ] ], [ [ -109.448311152369996, 38.489526796506098 ], [ -109.447070575177378, 38.490178842065269 ], [ -109.450066371361999, 38.488310219676599 ], [ -109.450834748276023, 38.488142422447837 ], [ -109.450066371342999, 38.488310220577517 ], [ -109.448311152369996, 38.489526796506098 ] ], [ [ -109.448615974312006, 38.479631620370007 ], [ -109.448623729499005, 38.479643714585194 ], [ -109.448351061322995, 38.479218548516293 ], [ -109.448615974312006, 38.479631620370007 ] ], [ [ -109.445645840541005, 38.462532586932909 ], [ -109.445750883046998, 38.462633824810098 ], [ -109.445366029549007, 38.462262909078909 ], [ -109.445645840541005, 38.462532586932909 ] ], [ [ -109.438952025231998, 38.452417908268103 ], [ -109.439061184853287, 38.452588965795144 ], [ -109.434999709454999, 38.454277885139199 ], [ -109.439061184536996, 38.452588965434799 ], [ -109.438952025231998, 38.452417908268103 ] ], [ [ -109.474149327774413, 37.90477028222589 ], [ -109.474064973310007, 37.904596835745501 ], [ -109.474149328001005, 37.904770281753798 ], [ -109.474149327774413, 37.90477028222589 ] ], [ [ -109.431589944669994, 37.621501584194498 ], [ -109.403620001738005, 37.621450260131198 ], [ -109.440283321752005, 37.621516185045195 ], [ -109.431589944669994, 37.621501584194498 ] ], [ [ -109.403765746345996, 37.432574651437598 ], [ -109.403832185375492, 37.432524988656823 ], [ -109.40376574633332, 37.432574653246846 ], [ -109.403765746345996, 37.432574651437598 ] ], [ [ -109.314447008294692, 37.253983047603946 ], [ -109.314447008393003, 37.253983047736902 ], [ -109.312765395455997, 37.254757333094503 ], [ -109.314447008294692, 37.253983047603946 ] ], [ [ -109.310214868122998, 37.249992759329807 ], [ -109.310214869106233, 37.249992760163543 ], [ -109.310165870386996, 37.24995976093129 ], [ -109.310214868122998, 37.249992759329807 ] ], [ [ -109.462832810416003, 38.487224908279813 ], [ -109.462831895348998, 38.487223943762103 ], [ -109.463082494155998, 38.487221282700602 ], [ -109.462832810416003, 38.487224908279813 ] ], [ [ -109.465772042748995, 38.487182193155604 ], [ -109.463082494155998, 38.487221282700602 ], [ -109.480074035879994, 38.486973285813903 ], [ -109.472765843288997, 38.4870802542899 ], [ -109.465772042748995, 38.487182193155604 ] ], [ [ -109.450949903007, 37.274779755164104 ], [ -109.461524905621999, 37.279349755612394 ], [ -109.457996726719017, 37.277825213940403 ], [ -109.450949903007, 37.274779755164104 ] ], [ [ -109.943823049707021, 37.272889260974701 ], [ -109.943622690202005, 37.273007589248301 ], [ -109.942765902573015, 37.273470872656702 ], [ -109.943622687933996, 37.273007590129403 ], [ -109.943823049707021, 37.272889260974701 ] ], [ [ -109.626118904053996, 37.28769443737901 ], [ -109.639494949571002, 37.287691968670906 ], [ -109.62134110497, 37.287694952937201 ], [ -109.626118904053996, 37.28769443737901 ] ], [ [ -109.885678315274006, 37.156346039560809 ], [ -109.885678315438923, 37.156346038708932 ], [ -109.888120774797997, 37.157139003866703 ], [ -109.885678315274006, 37.156346039560809 ] ], [ [ -109.943127002371369, 37.277662725418459 ], [ -109.943127002360001, 37.277662725446 ], [ -109.942931003539996, 37.277965723974496 ], [ -109.943127002371369, 37.277662725418459 ] ], [ [ -109.930864892423401, 37.299877757020163 ], [ -109.932037006526016, 37.298343724619407 ], [ -109.934011003630005, 37.295763726054801 ], [ -109.932037005373004, 37.298343726411694 ], [ -109.930864892423401, 37.299877757020163 ] ], [ [ -109.530110816134993, 37.649843660021503 ], [ -109.495980684060001, 37.649904388930295 ], [ -109.513979445662002, 37.649873594147998 ], [ -109.530110816134993, 37.649843660021503 ] ], [ [ -109.623457010880003, 37.964141832690899 ], [ -109.623214013416018, 37.964482831008105 ], [ -109.623214013210756, 37.96448283070707 ], [ -109.623457010880003, 37.964141832690899 ] ], [ [ -109.625327032631006, 38.151777857154698 ], [ -109.625330031036, 38.151763858693904 ], [ -109.625354031917013, 38.151656856627703 ], [ -109.625330031019004, 38.151763859594901 ], [ -109.625327032631006, 38.151777857154698 ] ], [ [ -109.456939348984008, 38.475986082866307 ], [ -109.458071033471001, 38.479208910693096 ], [ -109.456704031979001, 38.475315908918098 ], [ -109.456939348984008, 38.475986082866307 ] ], [ [ -109.462403924737004, 38.487379178998303 ], [ -109.462196680763995, 38.487450734260399 ], [ -109.462077059546999, 38.487492035149103 ], [ -109.462196680784004, 38.487450733359509 ], [ -109.462403924737004, 38.487379178998303 ] ], [ [ -109.461803080321999, 38.487570704586403 ], [ -109.461563044120993, 38.487624703596097 ], [ -109.462077059546999, 38.487492035149103 ], [ -109.461803080321999, 38.487570704586403 ] ], [ [ -109.460878240379003, 38.487703351956199 ], [ -109.460693736878, 38.487711201677591 ], [ -109.460528306488996, 38.487714225718697 ], [ -109.460693736897994, 38.487711200776815 ], [ -109.460878240379003, 38.487703351956199 ] ], [ [ -109.453442964524996, 38.487656808944301 ], [ -109.453733218978996, 38.487642547859593 ], [ -109.454131291831004, 38.487637391604004 ], [ -109.452979897744996, 38.487704190487698 ], [ -109.453442964524996, 38.487656808944301 ] ], [ [ -109.213909689714995, 37.436274679361503 ], [ -109.213909689773985, 37.43627467853041 ], [ -109.215903986260997, 37.439946319407802 ], [ -109.213909689714995, 37.436274679361503 ] ], [ [ -109.343035234428996, 37.863292728498294 ], [ -109.343028594556003, 37.8638147705637 ], [ -109.343001941846012, 37.8659098394957 ], [ -109.343035234428996, 37.863292728498294 ] ], [ [ -109.342855539407395, 37.858286818091109 ], [ -109.342855539048003, 37.8582868180928 ], [ -109.342649156457, 37.857777035203902 ], [ -109.342855539407395, 37.858286818091109 ] ], [ [ -109.328003743914792, 37.858416356095795 ], [ -109.328003743937373, 37.858416356095532 ], [ -109.327930571121001, 37.865568730264805 ], [ -109.328003743914792, 37.858416356095795 ] ], [ [ -109.309609049238006, 37.85824127750589 ], [ -109.318799985976, 37.858329113114188 ], [ -109.319052639535002, 37.858331518017401 ], [ -109.309609049238006, 37.85824127750589 ] ], [ [ -109.413339813890005, 38.490102464870198 ], [ -109.413403782866993, 38.490151910939815 ], [ -109.413454345434999, 38.490190995205303 ], [ -109.413403782847013, 38.490151911840691 ], [ -109.413339813890005, 38.490102464870198 ] ], [ [ -109.413054937618995, 38.48980419085381 ], [ -109.413091981226003, 38.489851352780107 ], [ -109.413141094647003, 38.489913882221998 ], [ -109.412995025011, 38.489727914175596 ], [ -109.413054937618995, 38.48980419085381 ] ], [ [ -109.412995024992995, 38.489327914302891 ], [ -109.412988076759007, 38.489414777965997 ], [ -109.412981024906998, 38.489502914429593 ], [ -109.412988075612006, 38.489414777950508 ], [ -109.412995024992995, 38.489327914302891 ] ], [ [ -109.412858227157002, 38.488921768288499 ], [ -109.412995024992995, 38.489327914302891 ], [ -109.412834024863997, 38.4888499143836 ], [ -109.412858227157002, 38.488921768288499 ] ], [ [ -109.412751024189006, 38.488393914785597 ], [ -109.412773874202998, 38.488519447284204 ], [ -109.412795048117999, 38.488635779887993 ], [ -109.412773873055997, 38.488519447268601 ], [ -109.412751024189006, 38.488393914785597 ] ], [ [ -109.411619023816996, 38.486986914184392 ], [ -109.411655261353999, 38.487151414301401 ], [ -109.411682024746995, 38.487272914347095 ], [ -109.411655260207993, 38.48715141428579 ], [ -109.411619023816996, 38.486986914184392 ] ], [ [ -109.410264023471001, 38.485920915024408 ], [ -109.410385951501993, 38.485965337199005 ], [ -109.410522024227021, 38.486014914694607 ], [ -109.410385950336007, 38.485965338084299 ], [ -109.410264023471001, 38.485920915024408 ] ], [ [ -109.409831024441004, 38.485684914763006 ], [ -109.409960380713002, 38.48576764191791 ], [ -109.410089023842005, 38.485849914087595 ], [ -109.409960379566996, 38.485767641902399 ], [ -109.409831024441004, 38.485684914763006 ] ], [ [ -109.409658763056996, 38.485585932241591 ], [ -109.409831024441004, 38.485684914763006 ], [ -109.409516023828004, 38.485503914218107 ], [ -109.409658763056996, 38.485585932241591 ] ], [ [ -109.409426022736994, 38.48488891436299 ], [ -109.409387079132998, 38.48498961366041 ], [ -109.409356023422006, 38.485069913825598 ], [ -109.409387077967011, 38.484989614545697 ], [ -109.409426022736994, 38.48488891436299 ] ], [ [ -109.408909023665998, 38.483811914261402 ], [ -109.409070334106005, 38.483979428314491 ], [ -109.409195022972995, 38.484108914145509 ], [ -109.409070332940004, 38.483979429199785 ], [ -109.408909023665998, 38.483811914261402 ] ], [ [ -109.407896876962639, 38.483329808122051 ], [ -109.407931063012001, 38.483430411424486 ], [ -109.408028962751004, 38.483587008131003 ], [ -109.407931062992006, 38.483430412325298 ], [ -109.407896876962639, 38.483329808122051 ] ], [ [ -109.408102022695999, 38.482912914020609 ], [ -109.408031122404012, 38.48305289787799 ], [ -109.407985022774994, 38.483143914062097 ], [ -109.408031121237997, 38.483052898763304 ], [ -109.408102022695999, 38.482912914020609 ] ], [ [ -109.409248023616001, 38.479895914179302 ], [ -109.409364837346999, 38.480154309577998 ], [ -109.409506036798007, 38.480466647389001 ], [ -109.409364836200993, 38.480154309562501 ], [ -109.409248023616001, 38.479895914179302 ] ], [ [ -109.408637246631997, 38.479282846014677 ], [ -109.408446907213005, 38.479151446397502 ], [ -109.408333022359997, 38.479063913037798 ], [ -109.408926022404998, 38.479472913067191 ], [ -109.408637246631997, 38.479282846014677 ] ], [ [ -109.408221250365997, 38.478923022222197 ], [ -109.408210023389003, 38.478882914107487 ], [ -109.408333022359997, 38.479063913037798 ], [ -109.408221250365997, 38.478923022222197 ] ], [ [ -109.408199141393993, 38.478731127352901 ], [ -109.408200913841995, 38.478768800051384 ], [ -109.408202491270998, 38.478802361815006 ], [ -109.408200912675994, 38.478768800936699 ], [ -109.408199141393993, 38.478731127352901 ] ], [ [ -109.40819769426102, 38.478700345565805 ], [ -109.408199141393993, 38.478731127352901 ], [ -109.408195867865004, 38.478661529491696 ], [ -109.40819769426102, 38.478700345565805 ] ], [ [ -109.408194616047993, 38.478634897392006 ], [ -109.408195867865004, 38.478661529491696 ], [ -109.408189233683004, 38.478520458217403 ], [ -109.408191173259993, 38.478561685471391 ], [ -109.408194616047993, 38.478634897392006 ] ], [ [ -109.408189959596214, 38.478487457627097 ], [ -109.408189233683004, 38.478520458217403 ], [ -109.408189959596015, 38.478487457628496 ], [ -109.408189959596214, 38.478487457627097 ] ], [ [ -109.408265854819007, 38.477987984079796 ], [ -109.408218621781003, 38.4782875685734 ], [ -109.408208131113895, 38.478360728792708 ], [ -109.408218620634997, 38.478287568557803 ], [ -109.408265854819007, 38.477987984079796 ] ], [ [ -109.409513368866996, 38.475048444921391 ], [ -109.408822207086004, 38.476135818504801 ], [ -109.408530502288968, 38.47682051861009 ], [ -109.408822205939998, 38.476135818489198 ], [ -109.409513368866996, 38.475048444921391 ] ], [ [ -109.410052908981001, 38.473959008613299 ], [ -109.410286890725288, 38.473664105954967 ], [ -109.409513368866996, 38.475048444921391 ], [ -109.410052908981001, 38.473959008613299 ] ], [ [ -109.411057171240998, 38.472422865052202 ], [ -109.410712141055001, 38.472942721633309 ], [ -109.410538650514781, 38.473274283602827 ], [ -109.410712139889, 38.472942722518695 ], [ -109.411057171240998, 38.472422865052202 ] ], [ [ -109.411523997855994, 38.471880816142104 ], [ -109.411057171240998, 38.472422865052202 ], [ -109.411934362191005, 38.471147258390801 ], [ -109.411745648611003, 38.471454654091794 ], [ -109.411523997855994, 38.471880816142104 ] ], [ [ -109.412306557457995, 38.470660191851699 ], [ -109.411934362191005, 38.471147258390801 ], [ -109.412632746463999, 38.470168686000299 ], [ -109.412306557457995, 38.470660191851699 ] ], [ [ -109.413876416359997, 38.468774047970207 ], [ -109.413602094287995, 38.4691136674913 ], [ -109.413231168321019, 38.46943290315609 ], [ -109.41402326973909, 38.468485993932028 ], [ -109.413876416359997, 38.468774047970207 ] ], [ [ -109.432660739170998, 38.490632303696295 ], [ -109.413585218589006, 38.490390751451308 ], [ -109.436325736409003, 38.490660217306406 ], [ -109.432660739170998, 38.490632303696295 ] ], [ [ -109.302040784988009, 37.266223731770808 ], [ -109.302652721118406, 37.267369556910452 ], [ -109.302652720512995, 37.267369557870893 ], [ -109.302040784988009, 37.266223731770808 ] ], [ [ -109.332551877282995, 37.274107763500787 ], [ -109.333136877879994, 37.274437763350306 ], [ -109.332356877473998, 37.273997763221708 ], [ -109.332551877282995, 37.274107763500787 ] ], [ [ -109.129719846468234, 37.383966792189327 ], [ -109.129719845135995, 37.383966792145799 ], [ -109.132132845924019, 37.374630789972606 ], [ -109.129719846468234, 37.383966792189327 ] ], [ [ -109.192407841792004, 37.21612276446649 ], [ -109.192646756342185, 37.215847421082117 ], [ -109.192646756342199, 37.215847421082117 ], [ -109.192407841792004, 37.21612276446649 ] ], [ [ -109.190916842286995, 37.218135764616598 ], [ -109.190703844915006, 37.218318763139386 ], [ -109.191177842233003, 37.2186177646158 ], [ -109.190703843698117, 37.218318763979774 ], [ -109.190916842286995, 37.218135764616598 ] ], [ [ -109.181170924821004, 37.21555495562361 ], [ -109.181543239773006, 37.214641522237898 ], [ -109.182409474759993, 37.2131818062267 ], [ -109.181543239750994, 37.214641523138795 ], [ -109.181170924821004, 37.21555495562361 ] ], [ [ -109.194297515959335, 37.005751083103924 ], [ -109.193169607881003, 37.119910554145804 ], [ -109.194297515944996, 37.005751083326395 ], [ -109.194297515959335, 37.005751083103924 ] ] ] } },
{ "type": "Feature", "properties": { "name": "South Central Utah" }, "geometry": { "type": "Polygon", "coordinates": [ [ [ -112.899213273413011, 37.000310896655897 ], [ -112.055465361200007, 37.001076515672601 ], [ -111.413012077797006, 37.001507088944699 ], [ -111.408761865222999, 37.004441194090184 ], [ -111.403494492573998, 37.005193707445898 ], [ -111.390211112084003, 37.004467573040998 ], [ -111.377086988963001, 37.001801174145491 ], [ -111.368152978685004, 37.002036551014804 ], [ -111.356825228632999, 37.0071417311093 ], [ -111.345142885605995, 37.00874027114039 ], [ -111.340165915594, 37.011810512342798 ], [ -111.334680740154013, 37.018280391371093 ], [ -111.328195570337996, 37.021183098005707 ], [ -111.323857832480002, 37.020257521421698 ], [ -111.314414396876998, 37.012016740188692 ], [ -111.310561545371002, 37.011301227109385 ], [ -111.306238933401005, 37.012551936032295 ], [ -111.303411237180995, 37.016349743645897 ], [ -111.307183102164998, 37.023708381376494 ], [ -111.306211107997996, 37.026627940196107 ], [ -111.285338598704996, 37.037109567461997 ], [ -111.281661858950997, 37.041724680235191 ], [ -111.285619858263999, 37.044653891372818 ], [ -111.298880020588996, 37.043652189659809 ], [ -111.303002843754001, 37.046832803383303 ], [ -111.305778311064003, 37.057484209962091 ], [ -111.304409508728995, 37.063960901382607 ], [ -111.300067353445002, 37.066743860956002 ], [ -111.29395249161, 37.06498786209071 ], [ -111.286153984221002, 37.059621784860902 ], [ -111.268183049358001, 37.05406498002759 ], [ -111.262312050774995, 37.047497647353396 ], [ -111.249515044730998, 37.023709330518898 ], [ -111.245364912026005, 37.0214418535924 ], [ -111.239785181597995, 37.0220707443534 ], [ -111.229880917779994, 37.038897625255295 ], [ -111.232721635966001, 37.043052208335503 ], [ -111.244560024529008, 37.045651570895494 ], [ -111.247849809916005, 37.0492414640307 ], [ -111.240271948002999, 37.067736408368695 ], [ -111.236966461644997, 37.070091284078401 ], [ -111.233296427823007, 37.069188114276393 ], [ -111.225668965119993, 37.057614969369801 ], [ -111.223352991828008, 37.056037337290192 ], [ -111.218216196422006, 37.056677539393682 ], [ -111.187789684710012, 37.088135811122299 ], [ -111.180555480170995, 37.100333444558402 ], [ -111.176555576930994, 37.1031077469612 ], [ -111.166083182964002, 37.105511656221204 ], [ -111.158775287585001, 37.101041577351992 ], [ -111.151332914779999, 37.091329412214499 ], [ -111.139159558130004, 37.088612993268498 ], [ -111.134178346534995, 37.090565819577499 ], [ -111.127348128690002, 37.103982086079398 ], [ -111.121738733643994, 37.108048903375099 ], [ -111.100161569573999, 37.102647011331491 ], [ -111.092359837653007, 37.105118747108897 ], [ -111.076697996831996, 37.102790708247902 ], [ -111.069233766837002, 37.107207786684903 ], [ -111.065402079752005, 37.107872509542197 ], [ -111.061174558363007, 37.106247691659782 ], [ -111.057635439362997, 37.099439180454098 ], [ -111.052639580188, 37.098914168818503 ], [ -111.046479546350994, 37.101035098381196 ], [ -111.040855463113999, 37.108455913199315 ], [ -111.019190452480998, 37.111765126520311 ], [ -111.013372065000993, 37.115705155874501 ], [ -110.999347056591006, 37.111306949829498 ], [ -110.988389825881995, 37.111905830331388 ], [ -110.981888609679999, 37.116813278034094 ], [ -110.984633633350001, 37.124205348409703 ], [ -110.981266913028009, 37.127376975797496 ], [ -110.963571500460006, 37.12356975091199 ], [ -110.957722650700006, 37.124870366220293 ], [ -110.950652763872995, 37.1338953882873 ], [ -110.955696424920006, 37.143993305437299 ], [ -110.954492858327001, 37.151253792656398 ], [ -110.949835236487999, 37.152865453307896 ], [ -110.941556041088006, 37.148079627294393 ], [ -110.935828453328014, 37.148455260200599 ], [ -110.928284337722019, 37.154878058556896 ], [ -110.925351012828003, 37.160209041323384 ], [ -110.926652553267004, 37.171134134504491 ], [ -110.925080247607994, 37.177790110200689 ], [ -110.921333397094998, 37.178900930199902 ], [ -110.909585511128, 37.172537565189103 ], [ -110.902945346701003, 37.172347522150197 ], [ -110.901262480867999, 37.174910661124301 ], [ -110.902377805520999, 37.184457574782606 ], [ -110.890440042563995, 37.193069160189893 ], [ -110.889383547844005, 37.202834982573293 ], [ -110.897424780669994, 37.210558298287111 ], [ -110.898151763448993, 37.21470541388549 ], [ -110.893287820774006, 37.219145080162001 ], [ -110.879659420163009, 37.223494836106291 ], [ -110.875051509184004, 37.228898513646101 ], [ -110.879766980072006, 37.237394647955689 ], [ -110.887225415507004, 37.244554640445692 ], [ -110.888335752035005, 37.248557932020894 ], [ -110.881133665942997, 37.25373850281359 ], [ -110.864124066532, 37.256275683947301 ], [ -110.860740684801996, 37.260116235821798 ], [ -110.861391030044004, 37.264624010913792 ], [ -110.873267546188998, 37.277725665634591 ], [ -110.873054738839997, 37.286897176207098 ], [ -110.867228159237001, 37.289928497654998 ], [ -110.847462349481006, 37.292640417646403 ], [ -110.841124997134003, 37.296422455220792 ], [ -110.838595154103004, 37.300218420025111 ], [ -110.837896661036993, 37.310227462487198 ], [ -110.840790999673004, 37.318376391011817 ], [ -110.849426433396005, 37.323285865911608 ], [ -110.861410109481, 37.324945550931908 ], [ -110.867246140625014, 37.327836698304907 ], [ -110.873274388309, 37.337524256922094 ], [ -110.873260263340001, 37.3459297062997 ], [ -110.865536108203003, 37.349977431962799 ], [ -110.857408846422999, 37.348809629736884 ], [ -110.833519725244003, 37.335068281554499 ], [ -110.818372780383001, 37.329349205784695 ], [ -110.804506038510993, 37.320930638435591 ], [ -110.787403569565996, 37.323708984883098 ], [ -110.777371804875003, 37.322907225837199 ], [ -110.773890124247004, 37.324685379763999 ], [ -110.767930537642997, 37.332019276967792 ], [ -110.759066070662001, 37.333024635766193 ], [ -110.756611203388999, 37.336413343261604 ], [ -110.755006141351998, 37.3492052427818 ], [ -110.751691584327006, 37.352848949558897 ], [ -110.748420110783997, 37.351945157977383 ], [ -110.743058214783005, 37.345231816930287 ], [ -110.738864042388997, 37.344866584902597 ], [ -110.735782117778015, 37.346396608056509 ], [ -110.734641000568004, 37.3495083475689 ], [ -110.735745079899004, 37.358574260767099 ], [ -110.725283103916013, 37.366252762086091 ], [ -110.722460199370005, 37.372267415787903 ], [ -110.744655758478004, 37.388226822985587 ], [ -110.752928999773005, 37.399024912663194 ], [ -110.753283814045005, 37.404524069052101 ], [ -110.751294701101003, 37.406376742469789 ], [ -110.743963858211998, 37.407650066128006 ], [ -110.736731428184001, 37.405916155335497 ], [ -110.725025220760003, 37.399770048572293 ], [ -110.717535162350003, 37.401072914132698 ], [ -110.707748359959993, 37.410378390696607 ], [ -110.706108797514005, 37.417882795978898 ], [ -110.699480437445999, 37.432089829640702 ], [ -110.702026602016005, 37.435625153472991 ], [ -110.709101637534005, 37.437373415107494 ], [ -110.720453967522005, 37.435021181511004 ], [ -110.726086252442997, 37.435732931536201 ], [ -110.745765331973999, 37.45267313332559 ], [ -110.747583073692994, 37.45848636849 ], [ -110.744139720684004, 37.460236636274892 ], [ -110.731917617456006, 37.458298636692703 ], [ -110.726016503834003, 37.45951096548751 ], [ -110.725641840712996, 37.472305033295598 ], [ -110.723630220752995, 37.476523255130708 ], [ -110.718058307762007, 37.4815126785386 ], [ -110.699038965989004, 37.481628008013502 ], [ -110.667608352507997, 37.477658878029409 ], [ -110.640197902365998, 37.486019870202206 ], [ -110.639807989559003, 37.489250072104198 ], [ -110.644657457894994, 37.4923339009232 ], [ -110.663534345315, 37.494331610389793 ], [ -110.667677923629014, 37.496168601170602 ], [ -110.663924363950997, 37.518367532029998 ], [ -110.659833642934998, 37.527071964476796 ], [ -110.650977079575, 37.534487732162802 ], [ -110.636640161681001, 37.553529788100008 ], [ -110.622198188907007, 37.562772899385003 ], [ -110.606109449635994, 37.56471230640269 ], [ -110.599707508498994, 37.568696376902707 ], [ -110.598345515201999, 37.576660585641307 ], [ -110.604178658313998, 37.597691608459598 ], [ -110.602971462270006, 37.603374144435598 ], [ -110.582728197652997, 37.608131007586593 ], [ -110.567389163152001, 37.61374522330879 ], [ -110.564230191110994, 37.625004879560407 ], [ -110.563276509190004, 37.637895021442098 ], [ -110.55904000107202, 37.642264275069302 ], [ -110.554082421234995, 37.642020306401484 ], [ -110.542320637581994, 37.6340029266809 ], [ -110.537797575362006, 37.633237184072406 ], [ -110.532250661362013, 37.635811177829403 ], [ -110.524265176101011, 37.649254236765096 ], [ -110.513564883794004, 37.656939547877691 ], [ -110.510987081205002, 37.656726089306993 ], [ -110.501539751867995, 37.6504673380241 ], [ -110.498243716337001, 37.6517377668875 ], [ -110.494470774255007, 37.6664809938381 ], [ -110.486337660475996, 37.6743685584117 ], [ -110.484423855095002, 37.682183753699199 ], [ -110.483551353806007, 37.695159066477899 ], [ -110.488351235501014, 37.702323009763298 ], [ -110.477441968738006, 37.706642091980207 ], [ -110.470385943731003, 37.712964948257401 ], [ -110.468958798884998, 37.7158067130148 ], [ -110.469538438786003, 37.722032960885905 ], [ -110.467277933517011, 37.725542432672988 ], [ -110.453564008528005, 37.731770885861799 ], [ -110.450216712409016, 37.7347702399707 ], [ -110.447926905312002, 37.73975735562189 ], [ -110.447407704501003, 37.755397301174284 ], [ -110.445279581234004, 37.760664512392303 ], [ -110.429193982095001, 37.770808608201691 ], [ -110.426092934804004, 37.775380331632093 ], [ -110.429435441436993, 37.779281223951791 ], [ -110.445775759906994, 37.772523649805201 ], [ -110.462000451535005, 37.771129698911402 ], [ -110.469588402764998, 37.778640506202798 ], [ -110.473479456617994, 37.794403901058885 ], [ -110.477315511051003, 37.796439921290293 ], [ -110.476960898099009, 37.800016553897102 ], [ -110.472625606573999, 37.807464585501101 ], [ -110.469677702948005, 37.809046670737594 ], [ -110.450859329099004, 37.809807678369296 ], [ -110.441767363390994, 37.805758626228091 ], [ -110.437481139306996, 37.806977535919501 ], [ -110.435490099049005, 37.811853103135206 ], [ -110.434252191702996, 37.830405066772791 ], [ -110.431475755186, 37.8368125919649 ], [ -110.424254294891014, 37.843150624499202 ], [ -110.406237836154006, 37.848509532546693 ], [ -110.402741498240999, 37.852178171877206 ], [ -110.405500557273015, 37.878036874757299 ], [ -110.404220637126002, 37.880946098692 ], [ -110.388332598345002, 37.888093006867102 ], [ -110.362114662658996, 37.8925639709989 ], [ -110.327208262862996, 37.890319197322285 ], [ -110.303443222550001, 37.890497320818589 ], [ -110.298102103538994, 37.888869408828697 ], [ -110.294775082385001, 37.885947369283109 ], [ -110.293675455857013, 37.874273558658096 ], [ -110.291092919698016, 37.869089122772792 ], [ -110.283272968239004, 37.865923303786687 ], [ -110.277015320429001, 37.871059364128499 ], [ -110.278870998684994, 37.878393738505196 ], [ -110.278298778079019, 37.885761885813103 ], [ -110.274209871997002, 37.893938478179209 ], [ -110.269488383552002, 37.897550473349099 ], [ -110.261805256269, 37.899269062577488 ], [ -110.247519907552999, 37.896426073435705 ], [ -110.229408986894001, 37.8957266680654 ], [ -110.215476564946997, 37.892498157245306 ], [ -110.208795137904019, 37.89407124416779 ], [ -110.205315346454, 37.897734056362999 ], [ -110.204128467003002, 37.906026859500294 ], [ -110.198407465501006, 37.915924667924486 ], [ -110.199135665829999, 37.921161561157902 ], [ -110.203611418880001, 37.927080901860101 ], [ -110.205779353886996, 37.93445089419879 ], [ -110.204862883009994, 37.9424120047141 ], [ -110.201861503857003, 37.946857509153993 ], [ -110.188880155751008, 37.952113295368598 ], [ -110.168013315688995, 37.965018013636602 ], [ -110.164530429989, 37.969981867954296 ], [ -110.161065565436999, 37.982322632256498 ], [ -110.145493641342995, 37.990704977600494 ], [ -110.136075763205994, 38.005259203574902 ], [ -110.113567001080995, 38.008214558395387 ], [ -110.093304159026005, 37.994689836619791 ], [ -110.084456076663002, 37.995072818240999 ], [ -110.078386930088001, 37.99817352218799 ], [ -110.075210634355003, 38.002151088772315 ], [ -110.073974234036996, 38.008085172517703 ], [ -110.076800666170001, 38.021585730874392 ], [ -110.064780164005995, 38.042279101508782 ], [ -110.055539743373998, 38.048350871722803 ], [ -110.047512263886006, 38.04866011987091 ], [ -110.045686047646015, 38.0502720670858 ], [ -110.042822377441993, 38.058725050925901 ], [ -110.047018287493998, 38.070493420863897 ], [ -110.038725920016006, 38.082142108086899 ], [ -110.033541135042995, 38.085362092192007 ], [ -110.026040336789009, 38.097228136828605 ], [ -110.01670328334302, 38.105919459464097 ], [ -110.010099779577999, 38.109685270123201 ], [ -110.003603226520994, 38.108467751099106 ], [ -109.99944431502, 38.103547682088909 ], [ -109.994144148930999, 38.100388638714001 ], [ -109.986883048029995, 38.100520019600197 ], [ -109.978552518334993, 38.109879363476402 ], [ -109.964673486609996, 38.113732332448102 ], [ -109.956149637464009, 38.130352291760296 ], [ -109.943957170857999, 38.135191077815691 ], [ -109.934376669144001, 38.136077881445793 ], [ -109.929287799890005, 38.140357512382202 ], [ -109.927236612009011, 38.149125788542804 ], [ -109.928426353429003, 38.152831689569098 ], [ -109.932684507241021, 38.157065686775901 ], [ -109.930925654201005, 38.158784552044004 ], [ -109.920686829160005, 38.162994255872512 ], [ -109.913854883575993, 38.167626651868801 ], [ -109.903539939083998, 38.178368009086007 ], [ -109.891265431665005, 38.1807040696347 ], [ -109.887166523947997, 38.1829589000249 ], [ -109.885104644478005, 38.187891549278888 ], [ -109.886661414152016, 38.189889007524989 ], [ -109.891417482389002, 38.190258452559092 ], [ -109.900954471950996, 38.187833710257706 ], [ -109.904019964829004, 38.190907595827795 ], [ -109.902188262066005, 38.194640462420494 ], [ -109.889784778169997, 38.202954727762609 ], [ -109.887803833413003, 38.207870146127995 ], [ -109.890175195226007, 38.2085324558048 ], [ -109.897929131896007, 38.206735480178097 ], [ -109.909033993041021, 38.210732478228891 ], [ -109.918089741361001, 38.216268669291203 ], [ -109.920436022678004, 38.220598097171006 ], [ -109.919719067068996, 38.224661401824008 ], [ -109.916275854830005, 38.227273830208503 ], [ -109.905231525583005, 38.229334250278093 ], [ -109.892141677376998, 38.227990273302893 ], [ -109.888488446330996, 38.228938057492002 ], [ -109.891523373282993, 38.2352302016374 ], [ -109.898910584643005, 38.2427843241665 ], [ -109.912525945422004, 38.238571935245496 ], [ -109.915947522058019, 38.239770664820689 ], [ -109.918356392950997, 38.2430012172819 ], [ -109.917595352826012, 38.246544985415603 ], [ -109.905993924026006, 38.251650919003502 ], [ -109.902027166427999, 38.25627764271249 ], [ -109.904275453023004, 38.266387717337409 ], [ -109.909413025085001, 38.271013732721805 ], [ -109.925701489502003, 38.260254839490194 ], [ -109.930212022953995, 38.259845443593306 ], [ -109.934984920926993, 38.262051774291805 ], [ -109.936165989621003, 38.265712401090497 ], [ -109.927770871308994, 38.277320186287703 ], [ -109.928237973476996, 38.280541774707096 ], [ -109.935012942602, 38.285569140120892 ], [ -109.945378194835996, 38.287514768656308 ], [ -109.949641834998005, 38.290779353686901 ], [ -109.950676618859006, 38.2951504681497 ], [ -109.946379559411, 38.309197831679896 ], [ -109.951087225031998, 38.314283179255909 ], [ -109.960953385454999, 38.317051189936102 ], [ -109.963443010248014, 38.319745298783801 ], [ -109.964998862673994, 38.331803653639696 ], [ -109.961820854436993, 38.334024065728102 ], [ -109.947955763406995, 38.338235282617902 ], [ -109.940939828506004, 38.353294280810104 ], [ -109.945267600272999, 38.355541233729987 ], [ -109.952680841624996, 38.354958823530517 ], [ -109.955538958177996, 38.343701276036704 ], [ -109.963320294351007, 38.339602265281506 ], [ -109.983213309996998, 38.351442533285002 ], [ -109.986995998245007, 38.360041206904498 ], [ -109.97936852077801, 38.365265105563395 ], [ -109.972897046805997, 38.376496111362094 ], [ -109.972673090664998, 38.384640979005596 ], [ -109.976682064266015, 38.388992781424207 ], [ -109.981261302961002, 38.389460739075901 ], [ -109.986022536164995, 38.387559943614697 ], [ -110.002534348127995, 38.369150408534097 ], [ -110.008693088575995, 38.364939961504192 ], [ -110.013071761826012, 38.364066687911404 ], [ -110.016121574368, 38.365381043419603 ], [ -110.009403858511007, 38.372416934252605 ], [ -110.010254633990996, 38.377610533469301 ], [ -110.019366378184998, 38.38278790953499 ], [ -110.029908300843005, 38.383857934558591 ], [ -110.032662179466016, 38.385984997571803 ], [ -110.033518550002995, 38.389173301431093 ], [ -110.031455970576005, 38.392292452414189 ], [ -110.023828889209994, 38.394486684608594 ], [ -110.017800543573003, 38.405016387888608 ], [ -110.006613494288018, 38.410203109497594 ], [ -110.003126134506005, 38.414102709569597 ], [ -110.006657641098016, 38.422955391256608 ], [ -110.026588225018003, 38.447432333670001 ], [ -110.038788599518, 38.446348897492591 ], [ -110.044318125488005, 38.449011194296084 ], [ -110.043937960576997, 38.456109483358794 ], [ -110.035497337942004, 38.459960474668392 ], [ -110.030445081099998, 38.457224211453486 ], [ -110.024962383483, 38.450734295337803 ], [ -110.018553384883006, 38.446292883115298 ], [ -110.013391286974993, 38.446691110318092 ], [ -110.010751747086005, 38.449494085625695 ], [ -110.011394437167993, 38.457402942435003 ], [ -110.003272972898003, 38.470406751823297 ], [ -110.001977004286999, 38.481677659230506 ], [ -110.019524120141995, 38.492752730460396 ], [ -110.020609975789995, 38.495888924570799 ], [ -110.025290666036, 38.499987806208303 ], [ -110.691100679287004, 38.499928083514 ], [ -111.305712492282012, 38.500004051300394 ], [ -111.305676236566995, 38.510174836923717 ], [ -111.491279658167997, 38.510116119317004 ], [ -111.500745989894995, 38.510141543874894 ], [ -111.561944520341001, 38.510111844555198 ], [ -111.579127396863996, 38.510086754237292 ], [ -111.756313572159002, 38.510153054013806 ], [ -111.823580562331017, 38.457223918275702 ], [ -111.828173784187996, 38.4429525901473 ], [ -111.833880612315014, 38.439992224920907 ], [ -111.836792910840998, 38.434694932146193 ], [ -111.837242066301997, 38.428545528964889 ], [ -111.844355546852, 38.428356604461996 ], [ -111.848772137292997, 38.424938882431597 ], [ -111.843235174891007, 38.238203661951005 ], [ -111.843230801163998, 38.151233964807005 ], [ -111.951263181285995, 38.151228701736692 ], [ -111.951326861995, 38.146031762082188 ], [ -112.024605602227012, 38.145544169466099 ], [ -112.061205196329993, 38.145740677754297 ], [ -112.061070760568015, 38.149469011010801 ], [ -112.155789061291003, 38.150251061006095 ], [ -112.462441495578005, 38.150007111438399 ], [ -112.478822190103998, 38.147424347958903 ], [ -112.478993039767005, 37.977730721405699 ], [ -112.467021395098016, 37.977730073864691 ], [ -112.468300945018996, 37.890489727394709 ], [ -112.588517137655003, 37.890367427475297 ], [ -112.588560065972004, 37.882151941855597 ], [ -112.578470548707003, 37.882155928393992 ], [ -112.578551744774003, 37.804501094047296 ], [ -112.642528096519996, 37.806689974286797 ], [ -112.689297325140998, 37.805600607515096 ], [ -112.689121334256996, 37.717239992171201 ], [ -112.685768794444002, 37.7173435956785 ], [ -112.686778148905006, 37.660331329643206 ], [ -112.685240742868004, 37.632368859460797 ], [ -112.683615141074995, 37.631892332982595 ], [ -112.683810409792002, 37.543698623908902 ], [ -112.901173331682998, 37.54349139782731 ], [ -112.900935772604996, 37.500027885554005 ], [ -112.901287512921996, 37.281532424317589 ], [ -112.899089985005006, 37.281531121121802 ], [ -112.899089225797994, 37.279384130750806 ], [ -112.899087433141005, 37.274135383157194 ], [ -112.899192840411004, 37.140644059128199 ], [ -112.899190133816006, 37.1370108363109 ], [ -112.899213273413011, 37.000310896655897 ] ], [ [ -112.430409576315, 37.967919639271706 ], [ -112.431746577083004, 37.968272638842691 ], [ -112.431315760717993, 37.96815889628121 ], [ -112.430409576315, 37.967919639271706 ] ], [ [ -112.056953744265002, 37.785709655378703 ], [ -112.083708272758997, 37.785665378291306 ], [ -112.020955475845994, 37.785759646062999 ], [ -112.056953744265002, 37.785709655378703 ] ], [ [ -111.870619374048999, 37.09521957042459 ], [ -111.868965930980309, 37.099502578081854 ], [ -111.868965930980309, 37.099502578081854 ], [ -111.870619374048999, 37.09521957042459 ] ], [ [ -112.562886538955013, 37.391472562022592 ], [ -112.562886538955013, 37.391472562022592 ], [ -112.558230538179004, 37.389963562989607 ], [ -112.562886538955013, 37.391472562022592 ] ], [ [ -112.439270475984003, 37.0229485259757 ], [ -112.439613476119007, 37.022934526317094 ], [ -112.438808476383997, 37.022968525960401 ], [ -112.439270475984003, 37.0229485259757 ] ], [ [ -112.444025541550999, 37.636539599775197 ], [ -112.445536542156006, 37.635867599402701 ], [ -112.445146466359006, 37.63604108445211 ], [ -112.444025541550999, 37.636539599775197 ] ], [ [ -112.448922914823839, 37.63436373323681 ], [ -112.44892291499292, 37.634363733161727 ], [ -112.448913552147005, 37.634585900426494 ], [ -112.448922914823839, 37.63436373323681 ] ], [ [ -112.255553562689002, 37.8049567501727 ], [ -112.255564523640004, 37.804922633085397 ], [ -112.255413524339019, 37.805392633058183 ], [ -112.255553562689002, 37.8049567501727 ] ], [ [ -112.421047291744998, 37.830478384631498 ], [ -112.418651139825016, 37.830480959703493 ], [ -112.421047292975246, 37.830478384605215 ], [ -112.421047291744998, 37.830478384631498 ] ], [ [ -112.334984390509007, 37.974726983759091 ], [ -112.334937253708006, 37.974685324814196 ], [ -112.334165900553003, 37.935031802122595 ], [ -112.334937254862993, 37.974685325702403 ], [ -112.334984390509007, 37.974726983759091 ] ], [ [ -111.360836317796995, 37.540104661358505 ], [ -111.360690318468002, 37.539922662114897 ], [ -111.360920240759341, 37.54014173603619 ], [ -111.360836317796995, 37.540104661358505 ] ], [ [ -111.852371424824995, 37.624242638049303 ], [ -111.852232921406994, 37.624386196140499 ], [ -111.851905424243, 37.624725638511016 ], [ -111.852371424824995, 37.624242638049303 ] ], [ [ -111.63818654902002, 37.0776993523748 ], [ -111.634995723415003, 37.077695225981898 ], [ -111.634577294085005, 37.077694678294698 ], [ -111.63818654902002, 37.0776993523748 ] ], [ [ -111.673353214515998, 37.0632357796093 ], [ -111.669839881228, 37.063233856856101 ], [ -111.674355223402003, 37.063236307210985 ], [ -111.673353214515998, 37.0632357796093 ] ] ] } },
{ "type": "Feature", "properties": { "name": "Summit-Wasatch Counties" }, "geometry": { "type": "Polygon", "coordinates": [ [ [ -111.570874274838999, 40.52439110634549 ], [ -111.571586915539996, 40.520031771705092 ], [ -111.575426166880007, 40.516193834586502 ], [ -111.575414332706998, 40.503071477105401 ], [ -111.579143144618996, 40.500251067862195 ], [ -111.574520000839016, 40.493003915731492 ], [ -111.574910050111995, 40.4867182216652 ], [ -111.595083368302994, 40.467629683109593 ], [ -111.609449543351005, 40.466320594588503 ], [ -111.609835319897996, 40.463327573915606 ], [ -111.614802615477004, 40.457675137585198 ], [ -111.62033010943, 40.455321283427899 ], [ -111.620963349266006, 40.4498034668648 ], [ -111.617368892927999, 40.447481275454209 ], [ -111.615741938884, 40.443647603896494 ], [ -111.617777711228996, 40.438681774604298 ], [ -111.612463354189003, 40.431899216471606 ], [ -111.607937618551006, 40.431409589152302 ], [ -111.59997429602501, 40.434784537468801 ], [ -111.595285947955006, 40.432579036149299 ], [ -111.585407165980996, 40.417742001763003 ], [ -111.580989189497004, 40.416629143017893 ], [ -111.574168078173997, 40.410113613026503 ], [ -111.572065633212006, 40.405398764191304 ], [ -111.573486704987005, 40.399959236012997 ], [ -111.571720033553007, 40.393104843017994 ], [ -111.562566586277995, 40.379874783443107 ], [ -111.562747704743998, 40.374741393675393 ], [ -111.555672782217002, 40.36670520266231 ], [ -111.556177542230003, 40.355749426564401 ], [ -111.542650205360999, 40.359152487745703 ], [ -111.536111698019994, 40.355146867570198 ], [ -111.533349053365001, 40.355006484046093 ], [ -111.524119581446001, 40.355409043969097 ], [ -111.517567796495996, 40.3579476070162 ], [ -111.496384298573005, 40.351923220204903 ], [ -111.493419085493002, 40.356273836118909 ], [ -111.483973563998006, 40.361106635481406 ], [ -111.477005865486007, 40.35505888223399 ], [ -111.474137312259003, 40.349867861399296 ], [ -111.460132640926005, 40.343253098796204 ], [ -111.449612314030006, 40.331717609111401 ], [ -111.444880823185002, 40.329172773150894 ], [ -111.444550136277002, 40.326137927014003 ], [ -111.437887821123994, 40.3216181698957 ], [ -111.441248275548006, 40.319988237919802 ], [ -111.442791571274995, 40.31389658260381 ], [ -111.450395630662001, 40.305218325213104 ], [ -111.457372263202004, 40.300623246801699 ], [ -111.451971788923998, 40.297166883788101 ], [ -111.451592990190008, 40.2932898606511 ], [ -111.441811436353007, 40.289908594750301 ], [ -111.433659405873996, 40.291921483696107 ], [ -111.426439953460999, 40.287015719939397 ], [ -111.412731646493, 40.289475423735901 ], [ -111.410316514293996, 40.295150869323898 ], [ -111.402499627932997, 40.296007183145207 ], [ -111.396936976221994, 40.292445200728295 ], [ -111.392529117264999, 40.296217119974806 ], [ -111.385942965769999, 40.295685204699701 ], [ -111.385212592613996, 40.295529975819193 ], [ -111.381512548688008, 40.294546707747593 ], [ -111.378086807006, 40.297373361471799 ], [ -111.374354489612003, 40.297151255951796 ], [ -111.368757629708, 40.2922366317297 ], [ -111.360821009476993, 40.288757027817802 ], [ -111.356558229433006, 40.288234187829893 ], [ -111.352331545897997, 40.289666105210102 ], [ -111.346065884493996, 40.287198441080399 ], [ -111.337189544434011, 40.288382346865902 ], [ -111.328518784061998, 40.282276439540198 ], [ -111.325492010210993, 40.282771497809691 ], [ -111.321672691863995, 40.287318379972902 ], [ -111.314995270262003, 40.287602525551904 ], [ -111.309881845652015, 40.285426163941899 ], [ -111.306984809183007, 40.282154486776804 ], [ -111.309015905506996, 40.276104710589209 ], [ -111.307968102155002, 40.274602942151297 ], [ -111.297910483770011, 40.273079663635798 ], [ -111.294354291296003, 40.270791376794591 ], [ -111.294231713773002, 40.265575265814192 ], [ -111.289894660570994, 40.2662033547033 ], [ -111.279015227974995, 40.258901870084003 ], [ -111.276713736904, 40.252518839544088 ], [ -111.271650067183003, 40.250643368086898 ], [ -111.264838827169001, 40.24227140097981 ], [ -111.267838969381003, 40.236854343965113 ], [ -111.273549927665002, 40.236264385223791 ], [ -111.273889455241004, 40.233002172003999 ], [ -111.271747773772006, 40.228029510744093 ], [ -111.273498870021001, 40.222110691835603 ], [ -111.265797233610996, 40.212258783214395 ], [ -111.265314633930998, 40.212057176669703 ], [ -111.263972400783999, 40.211398051075506 ], [ -111.263897313293995, 40.205672707967601 ], [ -111.260244889343994, 40.204649392607905 ], [ -111.256406988563, 40.201148767627799 ], [ -111.258174729185001, 40.197896923090191 ], [ -111.248002827335995, 40.193833359990599 ], [ -111.239017603901004, 40.182775083248607 ], [ -111.235480565656999, 40.180687619957197 ], [ -111.235252910073996, 40.175989621803602 ], [ -111.225581394775006, 40.167350717294603 ], [ -111.227522570196996, 40.160396691680894 ], [ -111.227988990906994, 40.15983556093029 ], [ -111.229121603259998, 40.15845135145689 ], [ -111.226729138655998, 40.155812659723502 ], [ -111.231475522425001, 40.14795504594759 ], [ -111.228311498848015, 40.146213472289404 ], [ -111.227688054416006, 40.1458498133426 ], [ -111.225012405384007, 40.142980990564105 ], [ -111.221434395656004, 40.124968720621496 ], [ -111.225810881965003, 40.119626587249996 ], [ -111.229881595565999, 40.106969079011506 ], [ -111.236024224988, 40.10362316309871 ], [ -111.234526410442001, 40.101369292885785 ], [ -111.237190513230004, 40.094849900158891 ], [ -111.241766554925007, 40.091763646937494 ], [ -111.242344245609004, 40.085960223345403 ], [ -111.237990056097004, 40.080212078134899 ], [ -111.240657924752, 40.07342228390339 ], [ -111.235883417994003, 40.069634523879095 ], [ -111.241071489046007, 40.065983932022696 ], [ -111.241741189777997, 40.063032764248895 ], [ -111.249160280395998, 40.055659728231198 ], [ -111.246256884182003, 40.051971956250092 ], [ -111.245910143396003, 40.046832651701791 ], [ -111.240823369013995, 40.043802555456089 ], [ -111.237620892177006, 40.038102407205692 ], [ -111.231834110734994, 40.035734657923904 ], [ -111.216881294275012, 40.04053065902869 ], [ -111.203860640385997, 40.049256790720193 ], [ -111.201660931850995, 40.042764630125504 ], [ -111.198674709320997, 40.041778717734402 ], [ -111.201240339607011, 40.037264920022196 ], [ -111.198076726080004, 40.031598739140392 ], [ -111.191402390006004, 40.029681868686104 ], [ -111.189626630326998, 40.023278853869094 ], [ -111.186629632011005, 40.020112283011599 ], [ -111.177097836311006, 40.016063835799606 ], [ -111.174885228132993, 40.01228309054229 ], [ -111.171664776252996, 40.010657134593401 ], [ -111.167961483045005, 40.003184438953696 ], [ -111.170149686697997, 39.999766534974299 ], [ -111.167814090649003, 39.9908322140897 ], [ -111.16517070599501, 39.990011613234309 ], [ -111.159558269743016, 39.991793507041301 ], [ -111.151875348847014, 39.984966278857108 ], [ -111.143043543993997, 39.986955169948395 ], [ -111.141685356867995, 39.984366514403206 ], [ -111.134261813167996, 39.979483014210302 ], [ -111.135034081672003, 39.976152982524795 ], [ -111.133249396235016, 39.973780956144807 ], [ -111.130015453460004, 39.9728295851802 ], [ -111.129560194883993, 39.970496545264702 ], [ -111.124050560331014, 39.970475542528796 ], [ -111.119010779896001, 39.96791301919869 ], [ -111.118050506379006, 39.961737745122207 ], [ -111.120858159132993, 39.959703128309989 ], [ -111.120233069782003, 39.957104432122506 ], [ -111.129383542229007, 39.951328263526307 ], [ -111.131243261142018, 39.94739336112459 ], [ -111.125884075127004, 39.945417129393491 ], [ -111.119562628051, 39.945239117927592 ], [ -111.117955626563997, 39.943312648049996 ], [ -111.107782959413001, 39.942912600995399 ], [ -111.105648863460004, 39.944302088174297 ], [ -111.082688133166002, 39.939315741125391 ], [ -111.083102187341012, 39.90005882955851 ], [ -110.891666078105004, 39.899660212239198 ], [ -110.891876937744996, 40.053444733376203 ], [ -110.891857849478995, 40.057066712907989 ], [ -110.891800172131994, 40.08240704977591 ], [ -110.896281706240003, 40.08238988619199 ], [ -110.896392966370996, 40.125658057298587 ], [ -110.896413178168004, 40.13076031811201 ], [ -110.89669724119301, 40.252300099209599 ], [ -110.896711050052005, 40.25953592280711 ], [ -110.89660400647702, 40.431286153513085 ], [ -110.902899435966006, 40.431286387152198 ], [ -110.901961966082993, 40.68219399995899 ], [ -110.900659053210006, 40.683800946302291 ], [ -110.905016968154996, 40.694191675239793 ], [ -110.902838970944998, 40.706549808801689 ], [ -110.899978113079001, 40.707867139584792 ], [ -110.896199633319, 40.713012271181192 ], [ -110.886590605373996, 40.714611281284583 ], [ -110.885165722294005, 40.716335036366807 ], [ -110.887900219189007, 40.720157403259506 ], [ -110.890967420321999, 40.719836028801389 ], [ -110.894277501825997, 40.723140787011495 ], [ -110.892631854976997, 40.7266697653574 ], [ -110.894115609089994, 40.727399073076505 ], [ -110.892536875659999, 40.726823726060204 ], [ -110.875499754540016, 40.728396636488796 ], [ -110.861404320179005, 40.721552001985799 ], [ -110.854375473690993, 40.722191973040893 ], [ -110.847488928672007, 40.725273053029696 ], [ -110.837397495477006, 40.71904329636309 ], [ -110.831586848839009, 40.717886359011992 ], [ -110.823417835746, 40.7104825294957 ], [ -110.806421272644997, 40.711604785803701 ], [ -110.794823104735997, 40.718020554903596 ], [ -110.783005574762001, 40.731134475273308 ], [ -110.774330081618004, 40.731414224562002 ], [ -110.765231897909999, 40.7370399944787 ], [ -110.766360740769002, 40.741393456927796 ], [ -110.757865014746002, 40.742339870593696 ], [ -110.750744259366996, 40.747711871548802 ], [ -110.743007709914011, 40.744731066978702 ], [ -110.733832667740003, 40.746827299753299 ], [ -110.729467046411997, 40.745240640499091 ], [ -110.721667384865995, 40.745478839981693 ], [ -110.721887293649004, 40.746713552213393 ], [ -110.713196035557999, 40.752890208808694 ], [ -110.696107405467004, 40.74648099311289 ], [ -110.689634836530004, 40.741218049065289 ], [ -110.682020538219007, 40.740903641989703 ], [ -110.676954821509014, 40.738943712662703 ], [ -110.666162182687998, 40.741908368053394 ], [ -110.656493778796005, 40.740280968229989 ], [ -110.648737687654005, 40.746707794224093 ], [ -110.646677444169995, 40.753268780538797 ], [ -110.640138221583996, 40.756577252284799 ], [ -110.633751500209996, 40.765439628249993 ], [ -110.625215211696997, 40.769565175575991 ], [ -110.62130513388, 40.768494805456299 ], [ -110.618799676460995, 40.765071404699299 ], [ -110.608088721677007, 40.759224993173 ], [ -110.607033968639996, 40.757271047450708 ], [ -110.595475008818994, 40.757636496673101 ], [ -110.590411664531999, 40.761289634651199 ], [ -110.583187457774002, 40.762723161860002 ], [ -110.580198038158002, 40.758608917726995 ], [ -110.575887356741006, 40.756476140140592 ], [ -110.562017191560003, 40.75790174396019 ], [ -110.551400258268998, 40.765238987864002 ], [ -110.54704275089, 40.773739557507803 ], [ -110.540054708092001, 40.771356180613907 ], [ -110.533527528893003, 40.771086750417503 ], [ -110.527957497886007, 40.763664470714502 ], [ -110.523523914876009, 40.7615103192379 ], [ -110.497819828674011, 40.768653223915884 ], [ -110.487125466616007, 40.780294771110697 ], [ -110.480980343785006, 40.775010816405313 ], [ -110.472627295856995, 40.771851487832002 ], [ -110.461794340517997, 40.775828288141199 ], [ -110.460842077473998, 40.7800173131102 ], [ -110.457206222657021, 40.783216311613593 ], [ -110.454080392869017, 40.781404365212993 ], [ -110.444535932272998, 40.781340800807101 ], [ -110.437911089254001, 40.777826927156191 ], [ -110.432793668106001, 40.778283843155101 ], [ -110.424314129119011, 40.792011268745199 ], [ -110.416012090902996, 40.788547311587003 ], [ -110.411012262077008, 40.784305018551009 ], [ -110.400491623698002, 40.785210245351799 ], [ -110.395979943886999, 40.788704536331196 ], [ -110.391934660876018, 40.787147341303104 ], [ -110.373856325199, 40.788168613478099 ], [ -110.352311490139002, 40.803119971116402 ], [ -110.348857001535009, 40.809055118491486 ], [ -110.351313739770006, 40.815491981265701 ], [ -110.342746251093999, 40.823361908735102 ], [ -110.330319036313995, 40.819758236248099 ], [ -110.320332772731007, 40.820516001719803 ], [ -110.312170719970993, 40.824197116147602 ], [ -110.301786277139001, 40.826202167909798 ], [ -110.296737226166002, 40.832657553558398 ], [ -110.293557005576005, 40.833372307589094 ], [ -110.291730391190001, 40.8328251077385 ], [ -110.289818113714006, 40.828637956427379 ], [ -110.285886101548002, 40.82813713956741 ], [ -110.280604849436003, 40.82848628411719 ], [ -110.271392088021003, 40.832626381152402 ], [ -110.261292331652996, 40.834827761397783 ], [ -110.255628261802997, 40.832759961274 ], [ -110.248298157771998, 40.8327980109488 ], [ -110.238524408817995, 40.828207195810691 ], [ -110.229634718246004, 40.830855196641501 ], [ -110.225795663352002, 40.826469437865804 ], [ -110.221323412244999, 40.825570027930908 ], [ -110.214180523932995, 40.827395339671995 ], [ -110.202305803439998, 40.821751164970593 ], [ -110.196425602408993, 40.822606691123902 ], [ -110.188108332812007, 40.826377020975194 ], [ -110.184764396926994, 40.82150692992731 ], [ -110.175320542894994, 40.817575212001614 ], [ -110.17091946065301, 40.816777956516802 ], [ -110.167542521750008, 40.819807480148505 ], [ -110.158806824292995, 40.821022405576805 ], [ -110.148640837068996, 40.817588609576809 ], [ -110.146835678141997, 40.813643115842602 ], [ -110.139512660836999, 40.810998819849999 ], [ -110.126756410972007, 40.814974761813005 ], [ -110.123330415111994, 40.811768822427894 ], [ -110.110448089510996, 40.811341409656492 ], [ -110.102876500072, 40.807913649821401 ], [ -110.088772619897, 40.811041635402702 ], [ -110.074705398057006, 40.810168462152809 ], [ -110.064760636379006, 40.814205094060902 ], [ -110.052041569221998, 40.812299621554686 ], [ -110.042708585135017, 40.820676882851195 ], [ -110.035812621168006, 40.818254763153291 ], [ -110.025669845438017, 40.820588284988197 ], [ -110.013355811295, 40.813749901643391 ], [ -109.999002285605002, 40.813577886689394 ], [ -109.999074398713731, 40.91654691348068 ], [ -109.99908167688902, 40.92659086000301 ], [ -109.999670098893006, 40.994019300008794 ], [ -109.999679481605995, 40.997456583201398 ], [ -110.274123964853004, 40.994823831037294 ], [ -110.505085556284001, 40.994810179409903 ], [ -110.546060052708, 40.996345089628292 ], [ -111.046826479759005, 40.997880932343691 ], [ -111.046777674770993, 41.251635481799298 ], [ -111.059667057850007, 41.251422608528507 ], [ -111.067345187081003, 41.248891681771397 ], [ -111.074966586311007, 41.244234412715102 ], [ -111.083701329109999, 41.232887493142194 ], [ -111.084896462416012, 41.231571471260693 ], [ -111.085630547910995, 41.23085479887159 ], [ -111.092081515226994, 41.223530916867098 ], [ -111.09986247502502, 41.209210884507101 ], [ -111.101292030975998, 41.207943921839799 ], [ -111.110314808986999, 41.214696164562106 ], [ -111.121720220873001, 41.208861063726189 ], [ -111.130216174358011, 41.207433025806992 ], [ -111.131062863631996, 41.207338383075204 ], [ -111.133280320566996, 41.206785453853094 ], [ -111.129498959652011, 41.197574666716903 ], [ -111.140349699203995, 41.19106183229389 ], [ -111.141309459637, 41.190971479268804 ], [ -111.140872132107006, 41.187224712015905 ], [ -111.151669994193995, 41.182301694477708 ], [ -111.15876218816102, 41.176932384645404 ], [ -111.159657477718, 41.176904116948798 ], [ -111.161038413848999, 41.17606445795969 ], [ -111.161664288631997, 41.176050065666686 ], [ -111.167655039601001, 41.176055062986585 ], [ -111.174777910044, 41.171279213410301 ], [ -111.175330507070001, 41.170625296028206 ], [ -111.186003786334012, 41.169869901677203 ], [ -111.187350590926997, 41.169774036082295 ], [ -111.208820060112998, 41.160291353874385 ], [ -111.209028537017005, 41.160259447818291 ], [ -111.210968273196002, 41.159287558963101 ], [ -111.211377375137005, 41.158633724837301 ], [ -111.216517786081994, 41.156020869776597 ], [ -111.216903830557001, 41.155623792081194 ], [ -111.221173370499997, 41.152890756800396 ], [ -111.221642108224998, 41.152290824415303 ], [ -111.230047684759001, 41.144766176223399 ], [ -111.230619579963005, 41.144738011430192 ], [ -111.232835456895998, 41.142886913127896 ], [ -111.233746875812002, 41.1428400273618 ], [ -111.241131807797004, 41.142000574389009 ], [ -111.244539765379002, 41.1452047429487 ], [ -111.244842128895002, 41.144798740627401 ], [ -111.262266906356999, 41.141031074554398 ], [ -111.264995905191014, 41.144060529148796 ], [ -111.275362547528999, 41.142495844739486 ], [ -111.290594488243002, 41.143201559432498 ], [ -111.294539179636004, 41.139038835710807 ], [ -111.300099900993999, 41.137177886796302 ], [ -111.301642115888001, 41.134403896761889 ], [ -111.307820919926996, 41.130793334184894 ], [ -111.318091853599, 41.132274295999295 ], [ -111.323859634287999, 41.137383783122303 ], [ -111.332400483574006, 41.138107120149783 ], [ -111.336091811417006, 41.134132892049102 ], [ -111.340975988587019, 41.132830381450304 ], [ -111.345185163232003, 41.128921858322897 ], [ -111.352460309384, 41.130404200036288 ], [ -111.357755263632995, 41.129167292098501 ], [ -111.358194283670997, 41.129233397952106 ], [ -111.363842448208004, 41.128179866712898 ], [ -111.367146418529998, 41.129741282866995 ], [ -111.368710094994995, 41.121759690434502 ], [ -111.367613428040002, 41.119493170724709 ], [ -111.375445470041996, 41.112171408832296 ], [ -111.375555021403997, 41.109449722970091 ], [ -111.377701418856006, 41.107822159650503 ], [ -111.378369208059993, 41.0986317563166 ], [ -111.381540272513007, 41.097179109061095 ], [ -111.380512129417994, 41.087188058318084 ], [ -111.386445373224007, 41.084827112157797 ], [ -111.390696131900995, 41.084902858558983 ], [ -111.392259999898997, 41.081609596094196 ], [ -111.396275085463003, 41.0801410526607 ], [ -111.400305977496004, 41.081307178879698 ], [ -111.408267218898004, 41.0750186269183 ], [ -111.412968579129995, 41.073961439723597 ], [ -111.417290137451999, 41.074044960281796 ], [ -111.422583917652005, 41.076309218908406 ], [ -111.424054457517997, 41.0800736986819 ], [ -111.446502979805999, 41.082141830722186 ], [ -111.454469743284008, 41.074688027538492 ], [ -111.466567549427012, 41.070982398105407 ], [ -111.473976438804996, 41.06424113527639 ], [ -111.490228631541001, 41.061056342337402 ], [ -111.494452803469002, 41.064128071106595 ], [ -111.500060983069005, 41.06130235426869 ], [ -111.508298001092001, 41.063013886878103 ], [ -111.508546124667006, 41.0627785817804 ], [ -111.512726378726001, 41.058539766096303 ], [ -111.523692512935995, 41.056224918307798 ], [ -111.541060826022999, 41.045285411724109 ], [ -111.545533116776994, 41.03717503822179 ], [ -111.551709502397998, 41.035258435242405 ], [ -111.555250579109995, 41.031935446828292 ], [ -111.552977713123994, 41.029716862167597 ], [ -111.556100872179996, 41.027661491841897 ], [ -111.557564818939994, 41.023528690993103 ], [ -111.553396098747996, 41.020724727843195 ], [ -111.554392111327004, 41.016810403714395 ], [ -111.558761477599006, 41.011010571707899 ], [ -111.568694354228001, 41.00303931075991 ], [ -111.566639192493994, 41.000491109985298 ], [ -111.572527649186, 41.000804323559194 ], [ -111.579874728053994, 40.995916696293605 ], [ -111.587671791955003, 40.99630509783271 ], [ -111.592992702988994, 40.993021390647897 ], [ -111.593693811042002, 40.986356227930294 ], [ -111.587664316959007, 40.978725648140092 ], [ -111.588043438037005, 40.96586898965851 ], [ -111.584232646752, 40.9616094561841 ], [ -111.580895548586, 40.961175905571899 ], [ -111.577613935127005, 40.958378218581998 ], [ -111.573615917604997, 40.961050206182009 ], [ -111.566460291024995, 40.959441580634298 ], [ -111.561528480931003, 40.960100786944317 ], [ -111.550954356651999, 40.953895573922701 ], [ -111.541949657017014, 40.954852589315102 ], [ -111.533439617981998, 40.95824785030451 ], [ -111.524772295458007, 40.953747465119001 ], [ -111.525405768544019, 40.949871027697903 ], [ -111.523604132914002, 40.945906577196197 ], [ -111.526549720077, 40.938326211106784 ], [ -111.528765239902, 40.918961746801607 ], [ -111.516619563505003, 40.917701583666101 ], [ -111.513071762940001, 40.912866443119903 ], [ -111.509549803095993, 40.911174980850696 ], [ -111.508467721268005, 40.9094276368373 ], [ -111.510480992409995, 40.898698818507285 ], [ -111.506532823857995, 40.897054187112104 ], [ -111.505854090425004, 40.894449248018105 ], [ -111.502303540941995, 40.893532401471603 ], [ -111.494737639147004, 40.879458899359399 ], [ -111.484131650983997, 40.870323455019992 ], [ -111.479807965720994, 40.8598962752828 ], [ -111.480409187489997, 40.855249933013987 ], [ -111.483706611276006, 40.853497528895907 ], [ -111.488197747224007, 40.854383955657589 ], [ -111.495334606838, 40.844097435518393 ], [ -111.499860211862995, 40.832266944585001 ], [ -111.510069198417995, 40.821075193159693 ], [ -111.516933946812003, 40.819391585949596 ], [ -111.516368931705003, 40.813047646059289 ], [ -111.510888777296998, 40.810432555793106 ], [ -111.514561471603002, 40.805466072167192 ], [ -111.514303348813002, 40.800440481778296 ], [ -111.517963270807002, 40.798188562058193 ], [ -111.519436875693003, 40.791695181521405 ], [ -111.524320195667997, 40.789853016835295 ], [ -111.527596580554004, 40.785591018105798 ], [ -111.530447916572996, 40.784471790098301 ], [ -111.554101605037999, 40.780037536203409 ], [ -111.557834201556005, 40.780689786097298 ], [ -111.557551595354994, 40.783033367597596 ], [ -111.559594467916995, 40.784829686263393 ], [ -111.571005889042993, 40.785575540707903 ], [ -111.575315596185007, 40.788360284145803 ], [ -111.581475008789994, 40.789275303183004 ], [ -111.581939636621996, 40.791583641049691 ], [ -111.58790846862, 40.79369290190121 ], [ -111.587869731330997, 40.797364059030699 ], [ -111.593982401407004, 40.804890869176511 ], [ -111.611045588712003, 40.811062650225885 ], [ -111.616798649583004, 40.810581615482292 ], [ -111.624336400537999, 40.80470358966749 ], [ -111.637155710456014, 40.801367941588303 ], [ -111.640677706006002, 40.799019749674706 ], [ -111.641063305071, 40.798931127552692 ], [ -111.646290484892006, 40.79777140446609 ], [ -111.647396069500005, 40.795655422151988 ], [ -111.647494028899004, 40.795367502132088 ], [ -111.648703163408001, 40.791963613749999 ], [ -111.644027741320997, 40.787611680029698 ], [ -111.644149105682004, 40.784716574573586 ], [ -111.644576396931001, 40.784290792079091 ], [ -111.646337976968994, 40.782499957481598 ], [ -111.646004013913014, 40.777999379642097 ], [ -111.646515161826002, 40.777550595254688 ], [ -111.649140417962997, 40.773448698269895 ], [ -111.646476707939001, 40.772116877160698 ], [ -111.646422370002, 40.772134299524801 ], [ -111.639658242799001, 40.770239664502995 ], [ -111.639364904109016, 40.769923289433692 ], [ -111.637183671176004, 40.7678354677738 ], [ -111.636852623364007, 40.763194301641391 ], [ -111.627291876298997, 40.760482847606291 ], [ -111.627020870200994, 40.760514949346593 ], [ -111.624024936097996, 40.760420382689702 ], [ -111.621518355244007, 40.757531355087899 ], [ -111.622062196835003, 40.757285197136 ], [ -111.622726941184993, 40.75247465284631 ], [ -111.622159565442004, 40.750802662191496 ], [ -111.619809106972994, 40.749616488563397 ], [ -111.618543015328001, 40.7489456205358 ], [ -111.618047159724, 40.747806442471202 ], [ -111.617560415807006, 40.746673911130507 ], [ -111.617527534602999, 40.74659279833589 ], [ -111.619078692309003, 40.744056677485702 ], [ -111.619331843948004, 40.74368967170529 ], [ -111.621146508007996, 40.742399892271699 ], [ -111.624686217451014, 40.7401890044464 ], [ -111.621666848887003, 40.737733355256303 ], [ -111.623310620788004, 40.731250927379101 ], [ -111.622297549498001, 40.729920420916507 ], [ -111.613351666190994, 40.72794497578171 ], [ -111.616406891099004, 40.722946048505698 ], [ -111.614876752472, 40.719567877248899 ], [ -111.612084425586005, 40.719136791692698 ], [ -111.60812106552001, 40.715053418324203 ], [ -111.607942994550996, 40.714870580636401 ], [ -111.600272310614002, 40.708287588425492 ], [ -111.598060294161016, 40.705835210656886 ], [ -111.597909589655004, 40.705662124813195 ], [ -111.596842386399004, 40.704929840711699 ], [ -111.596572017919001, 40.704877186460301 ], [ -111.595523383597012, 40.704233078626785 ], [ -111.594999669852996, 40.703911468418497 ], [ -111.593081036447003, 40.700199874734295 ], [ -111.592916109154018, 40.699754794381008 ], [ -111.592806500731001, 40.699407623859102 ], [ -111.592722851131001, 40.699184640044699 ], [ -111.593487625139005, 40.698532088067999 ], [ -111.593622259626997, 40.698364736023294 ], [ -111.593981709656006, 40.697655708928586 ], [ -111.594050988185998, 40.697459864960898 ], [ -111.596100981956994, 40.695062908762502 ], [ -111.596428451961998, 40.694621595596089 ], [ -111.599684760694004, 40.691615658006796 ], [ -111.599438825445006, 40.690057537983691 ], [ -111.600773337383998, 40.688818217690091 ], [ -111.600830971373995, 40.688646753366307 ], [ -111.601107230137998, 40.6871228528397 ], [ -111.601226872064004, 40.686608736500901 ], [ -111.601383187661995, 40.686225054487601 ], [ -111.601586342274999, 40.685786175379683 ], [ -111.601779866401003, 40.684934749556099 ], [ -111.601736061213998, 40.684011590342607 ], [ -111.601438490567006, 40.68316182248229 ], [ -111.601857567558, 40.682390298916303 ], [ -111.601823070010994, 40.680659914505597 ], [ -111.601785870279997, 40.680470926444499 ], [ -111.601645743619997, 40.680021223467698 ], [ -111.601631440673003, 40.679746533687599 ], [ -111.601950526112006, 40.6789115688401 ], [ -111.602049805627004, 40.678766912507086 ], [ -111.602418814393999, 40.678352390725699 ], [ -111.602611965307005, 40.678251386542293 ], [ -111.602997967619004, 40.677622367866292 ], [ -111.603030860660994, 40.677464544358884 ], [ -111.602716529149006, 40.676722970401592 ], [ -111.601999601505, 40.675816834890597 ], [ -111.602280447244993, 40.675468536330001 ], [ -111.602348357718, 40.675125852489096 ], [ -111.602524282800005, 40.674426762342492 ], [ -111.602509653349998, 40.674116039416688 ], [ -111.602411829407998, 40.67179231131469 ], [ -111.601997728987996, 40.671267463416498 ], [ -111.602640716755005, 40.670433335034694 ], [ -111.603329535434, 40.669905606406004 ], [ -111.603876592471011, 40.6695613175213 ], [ -111.604158081263009, 40.669419309534298 ], [ -111.604590892431005, 40.669133270553296 ], [ -111.604760198465002, 40.668622492482108 ], [ -111.604498666344014, 40.668353601531493 ], [ -111.604431678379996, 40.668141347298395 ], [ -111.604353260425, 40.666269753951397 ], [ -111.602067793295021, 40.665376319764398 ], [ -111.601271132888996, 40.664798509745502 ], [ -111.600943915689001, 40.664589409893914 ], [ -111.600187895580007, 40.663923996462486 ], [ -111.600076376629005, 40.6634930597641 ], [ -111.599716892196994, 40.662982332862008 ], [ -111.599098917893002, 40.662008097647593 ], [ -111.598675023414003, 40.661568870207205 ], [ -111.598276121275006, 40.661278155155308 ], [ -111.598199696931999, 40.661198373720396 ], [ -111.59751229601801, 40.660526280655894 ], [ -111.596639646976996, 40.65964073372659 ], [ -111.596097742254003, 40.658964276632297 ], [ -111.595908393392008, 40.658158074418502 ], [ -111.595842920617002, 40.657580053651785 ], [ -111.595831954157006, 40.657544075432206 ], [ -111.595359832528018, 40.6564645654298 ], [ -111.595248709882, 40.656073259691198 ], [ -111.594391764427002, 40.654681324675998 ], [ -111.59425808907902, 40.654280224358409 ], [ -111.594064252180999, 40.653764121917696 ], [ -111.59400198809, 40.653412201722908 ], [ -111.593955829001004, 40.652875520086802 ], [ -111.593922984228996, 40.652506331915198 ], [ -111.592310670875008, 40.650889441832597 ], [ -111.592060755231998, 40.650716855314904 ], [ -111.590813063425998, 40.650065609651385 ], [ -111.590078334590004, 40.649907209625802 ], [ -111.589355436549994, 40.649748744532893 ], [ -111.588792844490001, 40.649661527356308 ], [ -111.586520640396003, 40.64884338792951 ], [ -111.585375474215994, 40.647733018519403 ], [ -111.584916670080005, 40.647474090526089 ], [ -111.584738251063996, 40.647358781638204 ], [ -111.582937612221002, 40.646894026825095 ], [ -111.582810249557994, 40.646800978991791 ], [ -111.581481281533996, 40.646032928522686 ], [ -111.581191096736006, 40.645984841404207 ], [ -111.580797067156993, 40.64582736946609 ], [ -111.580400697496998, 40.645672610554684 ], [ -111.57867327164, 40.644501136855403 ], [ -111.578501220410004, 40.644299302550003 ], [ -111.578253434619995, 40.644092442008301 ], [ -111.578062339178999, 40.643876288428494 ], [ -111.577786136152, 40.643528132080995 ], [ -111.577579126123993, 40.643248996200796 ], [ -111.577360501697996, 40.642582542635211 ], [ -111.577489579339996, 40.641641385749693 ], [ -111.577814485459001, 40.63913533270609 ], [ -111.577578618266017, 40.638387886710198 ], [ -111.576234161423997, 40.636617179196193 ], [ -111.576338805394997, 40.636409455988293 ], [ -111.576506048439001, 40.636055478604298 ], [ -111.576481524553003, 40.63567903568039 ], [ -111.576717768134998, 40.633861693733799 ], [ -111.576721366292006, 40.633730148109201 ], [ -111.575563104135, 40.632422451598693 ], [ -111.574577621640998, 40.631953498862295 ], [ -111.570663778365997, 40.629888280633502 ], [ -111.570329840409997, 40.629691737742498 ], [ -111.570063453504005, 40.629512877954191 ], [ -111.569317901049004, 40.629439981343701 ], [ -111.568248961, 40.628042583076493 ], [ -111.568179579407015, 40.627529425413094 ], [ -111.567987587193997, 40.627197946739209 ], [ -111.567842493339, 40.626679755878193 ], [ -111.567495350010006, 40.624920249999491 ], [ -111.567462102218002, 40.624484389391 ], [ -111.567541767435998, 40.6239786064572 ], [ -111.567431871164004, 40.623287273572402 ], [ -111.566108614515997, 40.62269918912169 ], [ -111.564218353179996, 40.62202737669309 ], [ -111.563141231943007, 40.621684264862999 ], [ -111.560612040154993, 40.620861186674297 ], [ -111.559120546136995, 40.620359421535497 ], [ -111.558580495089004, 40.620105284851299 ], [ -111.557632042164997, 40.618792785935305 ], [ -111.557857531978001, 40.6180439689225 ], [ -111.558226109879001, 40.617030502801285 ], [ -111.558370992538997, 40.616668550593602 ], [ -111.558781896636006, 40.615756677015902 ], [ -111.558945726076999, 40.615413550779607 ], [ -111.559070129432996, 40.614737290396 ], [ -111.559021153348993, 40.613967276947193 ], [ -111.557236264337007, 40.612565127371383 ], [ -111.556851077524001, 40.612018350330885 ], [ -111.555551453996998, 40.611819208693298 ], [ -111.555473511627, 40.611828592358201 ], [ -111.554347033319999, 40.611409690856085 ], [ -111.554169350958006, 40.611365499611388 ], [ -111.553848586111002, 40.611172448493207 ], [ -111.553504954578003, 40.610772304015192 ], [ -111.553286202983017, 40.610205798665099 ], [ -111.55324705803902, 40.6094726709754 ], [ -111.553274178670009, 40.609321193441701 ], [ -111.554864175009001, 40.60719019182941 ], [ -111.554968728746005, 40.606968974146483 ], [ -111.558855877536018, 40.602500791247493 ], [ -111.558656437750997, 40.600266674142901 ], [ -111.558598271099001, 40.600236324640299 ], [ -111.560994252292005, 40.593195140252909 ], [ -111.560984549571003, 40.593024019978699 ], [ -111.560034792747999, 40.590806154662609 ], [ -111.563917016516996, 40.585057660753392 ], [ -111.566888228473999, 40.584562045636197 ], [ -111.567478103666005, 40.584450143453502 ], [ -111.571812815971001, 40.582145030642984 ], [ -111.577848897029014, 40.58343568797499 ], [ -111.582676059954011, 40.581284456933396 ], [ -111.589759319918997, 40.5805737492175 ], [ -111.590462265474997, 40.580295387343497 ], [ -111.591087211439998, 40.579746258349701 ], [ -111.592914138582998, 40.577822359184907 ], [ -111.592914628271004, 40.577821617046801 ], [ -111.593628040320013, 40.576951619316091 ], [ -111.590861142593994, 40.572046668182701 ], [ -111.581632141309001, 40.566345861999594 ], [ -111.578037309151995, 40.558373050656499 ], [ -111.577805122189005, 40.55815709860471 ], [ -111.568863833452994, 40.549112422462294 ], [ -111.567753710522993, 40.547018813444595 ], [ -111.569211388493002, 40.545525176705993 ], [ -111.569758601391001, 40.54529725744829 ], [ -111.572631919448995, 40.537400275609208 ], [ -111.570298778088002, 40.534492932595306 ], [ -111.570770511443001, 40.524684408649293 ], [ -111.570874274838999, 40.52439110634549 ] ], [ [ -111.490239930428203, 40.734859457107213 ], [ -111.488651977182002, 40.733053884103597 ], [ -111.490239930428203, 40.734859457107213 ], [ -111.490239930428203, 40.734859457107213 ] ], [ [ -111.489692752311996, 40.726787621009301 ], [ -111.489561247699015, 40.726899212750901 ], [ -111.488683804659004, 40.727643771672504 ], [ -111.489692752311996, 40.726787621009301 ] ], [ [ -111.490338618585483, 40.721865923793125 ], [ -111.490338618585483, 40.721865923793125 ], [ -111.488468901315997, 40.722645453126503 ], [ -111.490338618585483, 40.721865923793125 ] ], [ [ -111.525356736500996, 40.724814023218094 ], [ -111.525439876364999, 40.724835002416199 ], [ -111.525463736388005, 40.724841023263494 ], [ -111.525356736500996, 40.724814023218094 ] ], [ [ -111.556852074709994, 40.690417224492009 ], [ -111.554231038880999, 40.693371433282401 ], [ -111.556993579968008, 40.689984007247602 ], [ -111.556852074709994, 40.690417224492009 ] ], [ [ -111.563863065009002, 40.688757243026309 ], [ -111.565196895311956, 40.68777021035919 ], [ -111.565196895783004, 40.68777021091659 ], [ -111.563863065009002, 40.688757243026309 ] ], [ [ -111.561449558096001, 40.688737896666296 ], [ -111.561729728369002, 40.688738485107002 ], [ -111.561449560290157, 40.688738327300804 ], [ -111.561449558096001, 40.688737896666296 ] ], [ [ -111.560815591418006, 40.688844355067999 ], [ -111.561450640568964, 40.688950346976078 ], [ -111.561450640570001, 40.6889503471794 ], [ -111.560815591418006, 40.688844355067999 ] ], [ [ -111.559035395674002, 40.688603140787102 ], [ -111.560262769242996, 40.6886115040585 ], [ -111.559040864823999, 40.689498328481406 ], [ -111.559035395674002, 40.688603140787102 ] ], [ [ -111.557698357362, 40.689498994632991 ], [ -111.559040864823999, 40.689498328481406 ], [ -111.557499458565005, 40.689584671820796 ], [ -111.557698357362, 40.689498994632991 ] ], [ [ -111.546093739084, 40.708417020168611 ], [ -111.546000454031997, 40.708652488598403 ], [ -111.545824738972001, 40.709096020065203 ], [ -111.546093739084, 40.708417020168611 ] ], [ [ -111.598486675484608, 40.748331511797012 ], [ -111.598486675654996, 40.748331511900503 ], [ -111.598091754376014, 40.748567020449393 ], [ -111.598486675484608, 40.748331511797012 ] ], [ [ -111.587148054845997, 40.748601694152008 ], [ -111.58716626662445, 40.748600657243237 ], [ -111.587126965800806, 40.748602894933256 ], [ -111.587148054845997, 40.748601694152008 ] ], [ [ -111.583035481460996, 40.748439992209498 ], [ -111.583295068644006, 40.748433134005509 ], [ -111.583295069631774, 40.748433134004792 ], [ -111.583035481460996, 40.748439992209498 ] ], [ [ -111.571868153918004, 40.747089813255897 ], [ -111.573622694953997, 40.745168504128088 ], [ -111.573801608529081, 40.743735672338829 ], [ -111.573622694961998, 40.7451685050289 ], [ -111.571868153918004, 40.747089813255897 ] ], [ [ -111.559210744975999, 40.740621022453695 ], [ -111.55835628512925, 40.739718926190598 ], [ -111.558356285404471, 40.739718926075682 ], [ -111.559210744975999, 40.740621022453695 ] ], [ [ -111.560191745988007, 40.741658023056793 ], [ -111.559210744975999, 40.740621022453695 ], [ -111.560074892732004, 40.741534500556291 ], [ -111.560191745988007, 40.741658023056793 ] ], [ [ -111.563588747661001, 40.745245023520901 ], [ -111.560191745988007, 40.741658023056793 ], [ -111.562671579097, 40.74427660389739 ], [ -111.563588747661001, 40.745245023520901 ] ], [ [ -111.565419748354003, 40.747178022576684 ], [ -111.563588747661001, 40.745245023520901 ], [ -111.565073737920002, 40.74681274761069 ], [ -111.565419748354003, 40.747178022576684 ] ], [ [ -111.554833276443006, 40.73722286658441 ], [ -111.555609456912308, 40.736817406179348 ], [ -111.555609456912308, 40.736817406179348 ], [ -111.554833276443006, 40.73722286658441 ] ], [ [ -111.554479744795003, 40.739587023164297 ], [ -111.554311744789999, 40.739453022943309 ], [ -111.554368965603004, 40.739498663080902 ], [ -111.554479744795003, 40.739587023164297 ] ], [ [ -111.568579492929999, 40.750515003899991 ], [ -111.568625749283996, 40.750566023033393 ], [ -111.568557749538002, 40.750491023014298 ], [ -111.568579492929999, 40.750515003899991 ] ], [ [ -111.564541145098005, 40.7436504816338 ], [ -111.564627895664003, 40.743626114287892 ], [ -111.564548445316007, 40.74364843160869 ], [ -111.564541145098005, 40.7436504816338 ] ], [ [ -111.587869345445, 40.754994931069291 ], [ -111.589700753661006, 40.754280021816001 ], [ -111.58758475322, 40.755106021639598 ], [ -111.587869345445, 40.754994931069291 ] ], [ [ -111.576183120923005, 40.755279864796002 ], [ -111.576882751279001, 40.75548902306771 ], [ -111.576116750877006, 40.755260023266601 ], [ -111.576183120923005, 40.755279864796002 ] ], [ [ -111.510361727608995, 40.678007019364301 ], [ -111.510906734477018, 40.678011546565898 ], [ -111.511507002288994, 40.678016530868192 ], [ -111.510361727608995, 40.678007019364301 ] ], [ [ -111.510122733645005, 40.725638024934582 ], [ -111.509948114365002, 40.72571766603739 ], [ -111.509826734133995, 40.725773025044198 ], [ -111.510122733645005, 40.725638024934582 ] ], [ [ -111.509112733677995, 40.726102024359207 ], [ -111.507312733334999, 40.726940024841994 ], [ -111.507680863557994, 40.726768643473392 ], [ -111.509112733677995, 40.726102024359207 ] ], [ [ -111.493971730477995, 40.72662502562779 ], [ -111.494050226965001, 40.726728484274204 ], [ -111.494493730854998, 40.727313026344 ], [ -111.493971730477995, 40.72662502562779 ] ], [ [ -111.458934816607993, 40.690120634773805 ], [ -111.463028999738995, 40.690100999098213 ], [ -111.463041899542006, 40.690100937452101 ], [ -111.458934816607993, 40.690120634773805 ] ], [ [ -111.463097790977002, 40.69117079673029 ], [ -111.463041899542006, 40.690100937452101 ], [ -111.463044080966014, 40.690142686641707 ], [ -111.463097790977002, 40.69117079673029 ] ], [ [ -111.485138728167001, 40.719677026013883 ], [ -111.485138432764003, 40.719677272290205 ], [ -111.485031728042003, 40.719766025993394 ], [ -111.485138036132, 40.7196776009704 ], [ -111.485138728167001, 40.719677026013883 ] ], [ [ -111.480153727627993, 40.722830027105793 ], [ -111.480310806513003, 40.72276056391599 ], [ -111.480352727213003, 40.722742026291897 ], [ -111.480153727627993, 40.722830027105793 ] ], [ [ -111.481689655951996, 40.712071630505704 ], [ -111.481635358803004, 40.712071283208502 ], [ -111.482226275474005, 40.712075048430897 ], [ -111.481788262454003, 40.712072262208409 ], [ -111.481689655951996, 40.712071630505704 ] ], [ [ -111.482356419924997, 40.715647678240011 ], [ -111.482354390262003, 40.715998350625298 ], [ -111.48235167726402, 40.7164669434882 ], [ -111.482356419924997, 40.715647678240011 ] ], [ [ -111.481902478216995, 40.721334137872191 ], [ -111.481087491687006, 40.720269051720692 ], [ -111.480442573982018, 40.719426195696009 ], [ -111.481902478216995, 40.721334137872191 ] ], [ [ -111.482694786253006, 40.72454190897529 ], [ -111.485130905456003, 40.724099694861202 ], [ -111.485133663155011, 40.724099193202086 ], [ -111.485133663159644, 40.724099194313268 ], [ -111.482694786253006, 40.72454190897529 ] ], [ [ -111.48365446151, 40.734720028173804 ], [ -111.483702650587006, 40.729053191333406 ], [ -111.483668654013997, 40.733051129324295 ], [ -111.48365446151, 40.734720028173804 ] ], [ [ -111.485331032317006, 40.731420259254705 ], [ -111.485805694345999, 40.732061816983283 ], [ -111.485539500440012, 40.731702029531796 ], [ -111.485331032317006, 40.731420259254705 ] ], [ [ -111.434650688147002, 40.506926005998899 ], [ -111.434810689233004, 40.506927604994495 ], [ -111.435851689713004, 40.506938005084407 ], [ -111.434650688147002, 40.506926005998899 ] ], [ [ -111.439281483502995, 40.704611150555799 ], [ -111.439281483503166, 40.704611150320034 ], [ -111.440150457366002, 40.704434838325 ], [ -111.439281483502995, 40.704611150555799 ] ], [ [ -111.391067701786, 40.607553288328511 ], [ -111.391453479014999, 40.607692352481486 ], [ -111.392948939457, 40.607223575970984 ], [ -111.391453479020001, 40.60769235338239 ], [ -111.391067701786, 40.607553288328511 ] ], [ [ -111.406209680085993, 40.484073005367286 ], [ -111.406465680509001, 40.483950005308202 ], [ -111.406373296938, 40.483994393243599 ], [ -111.406209680085993, 40.484073005367286 ] ], [ [ -111.409027680692006, 40.488761005969991 ], [ -111.408966680812995, 40.488703005650095 ], [ -111.408986905299003, 40.488722234974389 ], [ -111.409027680692006, 40.488761005969991 ] ], [ [ -111.202449580353999, 40.440777007245195 ], [ -111.202468582159995, 40.4407864902876 ], [ -111.202468599909679, 40.440786499284037 ], [ -111.202468599873001, 40.440786499265705 ], [ -111.202449580353999, 40.440777007245195 ] ], [ [ -111.20135961068479, 40.440461003132739 ], [ -111.201359631038002, 40.440461017246797 ], [ -111.201430580144006, 40.440542037778101 ], [ -111.201359610953006, 40.440461003768199 ], [ -111.20135961068479, 40.440461003132739 ] ], [ [ -111.200870631100003, 40.434011030831194 ], [ -111.200679631308006, 40.433612013561209 ], [ -111.200798614836003, 40.433821981581403 ], [ -111.200798632623005, 40.433822015785097 ], [ -111.200870631100003, 40.434011030831194 ] ], [ [ -111.200489595506014, 40.432906017555716 ], [ -111.200553635358006, 40.43303102873309 ], [ -111.200631633891007, 40.433220014627302 ], [ -111.200553634768994, 40.433031028734199 ], [ -111.200489595506014, 40.432906017555716 ] ], [ [ -111.197448643922897, 40.430060028542044 ], [ -111.197448660367996, 40.430060048657893 ], [ -111.197537758761996, 40.43016598700121 ], [ -111.197448646173996, 40.430060032465697 ], [ -111.197448643922897, 40.430060028542044 ] ], [ [ -111.195650655545506, 40.428679018316714 ], [ -111.195650652626995, 40.428679018129301 ], [ -111.195650652243927, 40.428679018049593 ], [ -111.195650655545506, 40.428679018316714 ] ], [ [ -111.195501653749091, 40.428648018841507 ], [ -111.195501684499007, 40.4286480255737 ], [ -111.195516143991483, 40.42865103411247 ], [ -111.195501657367998, 40.428648020214091 ], [ -111.195501653749091, 40.428648018841507 ] ], [ [ -111.194374669222995, 40.427267027457603 ], [ -111.194529630391997, 40.427322015313493 ], [ -111.194293712429996, 40.427245356037098 ], [ -111.194374630282994, 40.427267014910292 ], [ -111.194374669222995, 40.427267027457603 ] ], [ [ -111.190535650186447, 40.426119004233314 ], [ -111.190245628111015, 40.426269014442603 ], [ -111.190535627830997, 40.426119014153507 ], [ -111.190535650186447, 40.426119004233314 ] ], [ [ -111.189010638711636, 40.426150021236154 ], [ -111.189010659001994, 40.4261500275149 ], [ -111.189160625710997, 40.426195017098202 ], [ -111.189010642485997, 40.426150023037295 ], [ -111.189010638711636, 40.426150021236154 ] ], [ [ -111.188633629785997, 40.426040016543794 ], [ -111.188767597690997, 40.426034040157695 ], [ -111.188497686467997, 40.426052048329396 ], [ -111.188633575571004, 40.426040021136792 ], [ -111.188633629785997, 40.426040016543794 ] ], [ [ -111.188283605211581, 40.426084015098112 ], [ -111.188283601774998, 40.426084015611302 ], [ -111.188283588333917, 40.426084015406047 ], [ -111.188283605211581, 40.426084015098112 ] ], [ [ -111.187942642088487, 40.425961037153805 ], [ -111.187913440651002, 40.425923036359599 ], [ -111.187942627885008, 40.425961015559608 ], [ -111.187942642088487, 40.425961037153805 ] ], [ [ -111.186878612573537, 40.425019995903341 ], [ -111.186878629283001, 40.425020015675905 ], [ -111.186975606901001, 40.4251440569859 ], [ -111.186878612727, 40.425019996783497 ], [ -111.186878612573537, 40.425019995903341 ] ], [ [ -111.186814633810002, 40.424653049181501 ], [ -111.186818398257273, 40.42467464415607 ], [ -111.186801007631999, 40.424620277952499 ], [ -111.186814627822997, 40.424653015857309 ], [ -111.186814633810002, 40.424653049181501 ] ], [ [ -111.181983605018075, 40.422980010629566 ], [ -111.181983599762006, 40.422980009950599 ], [ -111.181983575255899, 40.422980003421912 ], [ -111.181983605018075, 40.422980010629566 ] ], [ [ -111.178446632561347, 40.42165701818216 ], [ -111.178446685609998, 40.421657031875597 ], [ -111.179121626663019, 40.421836016023796 ], [ -111.178446656120997, 40.421657024713795 ], [ -111.178446632561347, 40.42165701818216 ] ], [ [ -111.177812639677995, 40.421497019006701 ], [ -111.177569625798995, 40.421471015524894 ], [ -111.177708594226999, 40.4212683414327 ], [ -111.177812639677995, 40.421497019006701 ] ], [ [ -111.101548000942188, 41.20771859936022 ], [ -111.100604280919001, 41.207063385965498 ], [ -111.101547998864007, 41.207718597705103 ], [ -111.101548000942188, 41.20771859936022 ] ] ] } },
{ "type": "Feature", "properties": { "name": "Tooele County" }, "geometry": { "type": "Polygon", "coordinates": [ [ [ -114.047037879542998, 39.9061028840975 ], [ -113.624001488317006, 39.905078186608698 ], [ -113.248510138095995, 39.904719891795509 ], [ -112.798096820983005, 39.903700285121197 ], [ -112.342000148282011, 39.904464028598099 ], [ -112.343040360483002, 39.911065050800197 ], [ -112.335335507552003, 39.9236727390863 ], [ -112.337084704101997, 39.927572604242208 ], [ -112.335445855860996, 39.930856529044192 ], [ -112.339780224414994, 39.943681042120602 ], [ -112.338566670166003, 39.945375323990895 ], [ -112.334698110716005, 39.945677601960291 ], [ -112.332697222405002, 39.952650513180103 ], [ -112.323514294982999, 39.944494056441293 ], [ -112.320681952483994, 39.946030939743395 ], [ -112.315636467624017, 39.945700907933592 ], [ -112.309355236273007, 39.9483937835682 ], [ -112.309289886648017, 39.944966417811401 ], [ -112.306554346815005, 39.945456766040898 ], [ -112.305507740972999, 39.93996827190729 ], [ -112.302038745250996, 39.936643145099595 ], [ -112.298420039057007, 39.938691947851396 ], [ -112.286919602441003, 39.9411311246363 ], [ -112.282349019687999, 39.939879901863307 ], [ -112.280831827816002, 39.94136972857131 ], [ -112.278287489519997, 39.9392445420429 ], [ -112.270295132382017, 39.939017065473102 ], [ -112.267232543831014, 39.941766949350502 ], [ -112.260801334776005, 39.94275154043379 ], [ -112.254220111717004, 39.95059362828821 ], [ -112.249452853280999, 39.950437893225697 ], [ -112.244827598913005, 39.957144774178602 ], [ -112.240595609229999, 39.957480252299007 ], [ -112.236330342030996, 39.960520579806897 ], [ -112.236727342110001, 39.966633788592098 ], [ -112.224789942366996, 39.982369469130902 ], [ -112.225919929323993, 39.986290153199008 ], [ -112.224426195381994, 39.988562814283391 ], [ -112.202225685274001, 39.9996381326416 ], [ -112.199862082855006, 40.004144832604993 ], [ -112.191689243723999, 40.004066997649694 ], [ -112.186552913388994, 40.006146831006703 ], [ -112.179811731222003, 40.011661877316584 ], [ -112.176917661085, 40.019502496626387 ], [ -112.177487625989002, 40.029821516614803 ], [ -112.173982795198995, 40.032861724203492 ], [ -112.174860319415004, 40.035506103411493 ], [ -112.171992476918007, 40.039490283502595 ], [ -112.175155431448005, 40.0432061585757 ], [ -112.175390712712002, 40.043528110404601 ], [ -112.178459172494001, 40.052898243697001 ], [ -112.183797293580994, 40.059893659955208 ], [ -112.179995935799994, 40.06722553100569 ], [ -112.174649199472995, 40.066225777128111 ], [ -112.174624480388999, 40.066227108009905 ], [ -112.171970225364021, 40.068987256168803 ], [ -112.175932784959997, 40.077519503491501 ], [ -112.174633172148006, 40.079285010267697 ], [ -112.174096119707997, 40.080110305431297 ], [ -112.171863645139993, 40.085344821577308 ], [ -112.165726967403998, 40.08727618610159 ], [ -112.165159839062994, 40.087723351454898 ], [ -112.157779102549995, 40.089292915216902 ], [ -112.157014055063001, 40.09849008736731 ], [ -112.151052043099995, 40.10531099869339 ], [ -112.151029905764005, 40.107477961364296 ], [ -112.155014772138998, 40.10895185358369 ], [ -112.155764111329006, 40.112669728904592 ], [ -112.155958535116994, 40.113064198136897 ], [ -112.160824784850007, 40.114244391917701 ], [ -112.161426357017007, 40.117117735188593 ], [ -112.164170994637018, 40.118761400441592 ], [ -112.163775039172009, 40.123481747643297 ], [ -112.168192694501997, 40.126513937330898 ], [ -112.172981429889006, 40.127554755192705 ], [ -112.176112567508, 40.130812277207404 ], [ -112.173242946336003, 40.134913580435502 ], [ -112.172768409819, 40.136328331070899 ], [ -112.172566477626006, 40.140627802819097 ], [ -112.169350293719006, 40.14475053223439 ], [ -112.168791754224003, 40.145039962458704 ], [ -112.167941441533998, 40.1471431958011 ], [ -112.171750398726005, 40.14915431580269 ], [ -112.174018327328994, 40.154045884495503 ], [ -112.169356376709999, 40.158111176808305 ], [ -112.168943871330001, 40.15836310457771 ], [ -112.164420472141998, 40.161980849630297 ], [ -112.159188551702002, 40.162979322427191 ], [ -112.158211767664994, 40.164926083027005 ], [ -112.158082870474004, 40.165287742704699 ], [ -112.155090948525995, 40.168556451644193 ], [ -112.155539748229998, 40.169398840382101 ], [ -112.153066184343004, 40.171045164728902 ], [ -112.152298061268993, 40.171458227120098 ], [ -112.150955940174995, 40.171611222115608 ], [ -112.150088383829996, 40.171700927114195 ], [ -112.145713038508006, 40.170965012661405 ], [ -112.144890973122003, 40.173761501009096 ], [ -112.145167605775001, 40.173799307296299 ], [ -112.145852768078015, 40.174035776718597 ], [ -112.145991974626995, 40.174282152488296 ], [ -112.146611068886017, 40.1765238236651 ], [ -112.146741844843021, 40.177315339797794 ], [ -112.146778222291005, 40.178080763178194 ], [ -112.146724131064005, 40.178356080205496 ], [ -112.152761440041999, 40.179061900967703 ], [ -112.153372492163996, 40.1818531750734 ], [ -112.150511093966998, 40.187688084356203 ], [ -112.146882343140021, 40.1894944023352 ], [ -112.148786615392012, 40.190610677962198 ], [ -112.14863139881102, 40.1956843966829 ], [ -112.158223423530998, 40.197381643137895 ], [ -112.160490872447994, 40.199102208163993 ], [ -112.157253879600006, 40.203238299894593 ], [ -112.158552838155998, 40.206725368266909 ], [ -112.149512188765001, 40.212010196003206 ], [ -112.154951007777015, 40.215009255173108 ], [ -112.153468766295006, 40.217690749779109 ], [ -112.153469038208996, 40.217706783368392 ], [ -112.157006078565004, 40.219413127622609 ], [ -112.161543545598008, 40.217064937524086 ], [ -112.166944670449993, 40.218154767418611 ], [ -112.168972303223001, 40.219544237793599 ], [ -112.17059462313, 40.225717119732394 ], [ -112.176700021157998, 40.227722799309291 ], [ -112.179749482426004, 40.232426047050701 ], [ -112.179338223727001, 40.249370966044296 ], [ -112.183922352993008, 40.249969205915001 ], [ -112.183732499079014, 40.257966712379201 ], [ -112.192208000513006, 40.264505867994401 ], [ -112.192909276120005, 40.26894461224019 ], [ -112.189061725423997, 40.27354730505499 ], [ -112.188492161381006, 40.285620773613402 ], [ -112.186457852293003, 40.286745261207095 ], [ -112.192092064169998, 40.304106282338793 ], [ -112.198619848820002, 40.306935221764398 ], [ -112.197481102387002, 40.316082134447498 ], [ -112.193713737815997, 40.318350798932201 ], [ -112.192693301641, 40.322897347770791 ], [ -112.196288165704999, 40.3258421930149 ], [ -112.190779318330002, 40.329520646326401 ], [ -112.179946910872005, 40.332140661404999 ], [ -112.175544887179001, 40.335843124859792 ], [ -112.181376912336006, 40.345891755490101 ], [ -112.185094516923996, 40.348002354276197 ], [ -112.188087257649997, 40.354890513693604 ], [ -112.194150403684006, 40.36014783471871 ], [ -112.193739536926003, 40.367899745731897 ], [ -112.188708108734005, 40.372469543004001 ], [ -112.201272063760001, 40.386159341634801 ], [ -112.199340116382004, 40.390818969701783 ], [ -112.200043495822001, 40.397587240134094 ], [ -112.198506036642996, 40.400259901141908 ], [ -112.199865734359008, 40.403502498911692 ], [ -112.197923732511995, 40.414937747542503 ], [ -112.194650309164999, 40.421114745312202 ], [ -112.195927373792003, 40.4216745025075 ], [ -112.195967809625998, 40.421714623915193 ], [ -112.204912308961994, 40.43108009952681 ], [ -112.209285753859007, 40.432047918453094 ], [ -112.209537235856004, 40.432266006689893 ], [ -112.214189313203008, 40.452315842223001 ], [ -112.212230832324011, 40.459288467633002 ], [ -112.195697547985006, 40.462265122118801 ], [ -112.190211881384002, 40.4685468024405 ], [ -112.173798808124005, 40.46693736456421 ], [ -112.172873579612002, 40.46707094722759 ], [ -112.171857325743005, 40.47225769503239 ], [ -112.17361340557801, 40.475960494342601 ], [ -112.176230403527995, 40.476659994650809 ], [ -112.176004926505001, 40.478476652709396 ], [ -112.175987230757002, 40.478747095406497 ], [ -112.176621967095002, 40.48010005548629 ], [ -112.177099555463016, 40.48076274043359 ], [ -112.177533769440004, 40.484208667257093 ], [ -112.177325730584016, 40.484608946379709 ], [ -112.178211504995005, 40.487003479338306 ], [ -112.181421520523998, 40.493366907287616 ], [ -112.181279616558996, 40.495300730129294 ], [ -112.180768447494998, 40.496432946060892 ], [ -112.178692460167994, 40.498238768604089 ], [ -112.178010042619007, 40.498692560142807 ], [ -112.176392395714004, 40.49951892402899 ], [ -112.176170001978008, 40.499751991362196 ], [ -112.176085823788, 40.499871583105794 ], [ -112.177199272813013, 40.501052999885502 ], [ -112.17738076609902, 40.501241234759995 ], [ -112.179733552675003, 40.50222711522909 ], [ -112.180996603148998, 40.503453812394696 ], [ -112.182005196397995, 40.50483894925069 ], [ -112.183841058832996, 40.507693933088703 ], [ -112.184273487799004, 40.50804174228189 ], [ -112.184598070893003, 40.508323991085483 ], [ -112.185322907392006, 40.510209286408291 ], [ -112.185591065143001, 40.510490309341499 ], [ -112.186146517504994, 40.511133235129904 ], [ -112.186298739969999, 40.511666789152599 ], [ -112.187301277618005, 40.51316364699349 ], [ -112.187384355757999, 40.513323148078896 ], [ -112.187658375813996, 40.513801396178501 ], [ -112.187661383795998, 40.5139049652579 ], [ -112.182493921778004, 40.51949200570229 ], [ -112.181868135453996, 40.520021813415298 ], [ -112.180751107419994, 40.520744920546903 ], [ -112.180089225965006, 40.521035456361403 ], [ -112.178754160343999, 40.521915720394603 ], [ -112.178772562329996, 40.522022736038998 ], [ -112.178954607530002, 40.525674801233102 ], [ -112.178853554631999, 40.526982091129589 ], [ -112.179358100588999, 40.529430905949809 ], [ -112.179251326959005, 40.53081572836571 ], [ -112.179541087713005, 40.532055967346004 ], [ -112.180071159868007, 40.532591074650298 ], [ -112.181329633009994, 40.535002446366398 ], [ -112.181503200836005, 40.536346566168604 ], [ -112.182626381505017, 40.538376437231292 ], [ -112.182750128232996, 40.538564352305499 ], [ -112.182800995075993, 40.540986259979903 ], [ -112.182552884139, 40.541515806368807 ], [ -112.179261746411996, 40.54622313804299 ], [ -112.179206619862995, 40.546311985536903 ], [ -112.179178886602003, 40.550184185653592 ], [ -112.179290424013018, 40.551021751917901 ], [ -112.179209739686996, 40.551336977218007 ], [ -112.179160406801003, 40.551487024266109 ], [ -112.178683183985996, 40.552626983426606 ], [ -112.178617617360004, 40.552794312273399 ], [ -112.178641450851998, 40.555230906206198 ], [ -112.178262198732995, 40.556167169082002 ], [ -112.18064626848502, 40.558889559931501 ], [ -112.181052527792019, 40.559692580340702 ], [ -112.181871473165003, 40.560453541378301 ], [ -112.182680760344994, 40.561671332701501 ], [ -112.182947504081, 40.563672119533905 ], [ -112.183187188374006, 40.564269639011904 ], [ -112.183357134983012, 40.564529148186097 ], [ -112.183388866418994, 40.564654042955503 ], [ -112.182101483487003, 40.566276164240307 ], [ -112.181944848523997, 40.56677324114019 ], [ -112.181827669053021, 40.567498733027691 ], [ -112.181984204806, 40.568070079443807 ], [ -112.182014185815007, 40.569303953078908 ], [ -112.182081658477003, 40.56991584842109 ], [ -112.182003556618, 40.570713909978103 ], [ -112.182057357982998, 40.57088452306661 ], [ -112.183636282932994, 40.573399773935698 ], [ -112.181783665702, 40.576076282433107 ], [ -112.181386521703004, 40.576603745021501 ], [ -112.180584560815007, 40.578164127093196 ], [ -112.181180033600995, 40.579775983973498 ], [ -112.181461249669994, 40.580313894054797 ], [ -112.181480296063015, 40.580389101205796 ], [ -112.179867855563003, 40.581418150048101 ], [ -112.178974248806, 40.582003825107897 ], [ -112.178168479950997, 40.583757913127897 ], [ -112.178098537270003, 40.583946906199188 ], [ -112.177611372797003, 40.584129343509005 ], [ -112.177452927288996, 40.584190415583805 ], [ -112.174968971805001, 40.585325569986615 ], [ -112.174947943651006, 40.58540686125361 ], [ -112.176283342599007, 40.588093234115988 ], [ -112.176487120505001, 40.588750497250707 ], [ -112.176290279263995, 40.58899483317969 ], [ -112.176143265383999, 40.589290911189408 ], [ -112.175733405965005, 40.590111262210996 ], [ -112.175830505264997, 40.590527371302997 ], [ -112.175987220783, 40.591580681135383 ], [ -112.176135801692993, 40.592304359231697 ], [ -112.176315710571004, 40.593183567347793 ], [ -112.176905951327001, 40.594575685167896 ], [ -112.177540137449, 40.595897986365387 ], [ -112.176478918729998, 40.597114148965701 ], [ -112.176324178653005, 40.597253556346693 ], [ -112.176203565460995, 40.597452072572899 ], [ -112.176253351566004, 40.600427097458187 ], [ -112.176136349390006, 40.600427388181302 ], [ -112.175348933820999, 40.603987483234384 ], [ -112.178561684612006, 40.6054789910051 ], [ -112.179356565082003, 40.607932916105597 ], [ -112.179600770096997, 40.608578137346292 ], [ -112.181622746106001, 40.611972610555206 ], [ -112.185533835849, 40.614086469400192 ], [ -112.185577534944002, 40.614084219072801 ], [ -112.188356012034006, 40.614110613190093 ], [ -112.195910462243006, 40.621238556112999 ], [ -112.197321102938005, 40.626811026275199 ], [ -112.196795146344996, 40.627484009972797 ], [ -112.194181357014998, 40.635405232747509 ], [ -112.195300191469002, 40.638531319481906 ], [ -112.195107266910995, 40.639251294245689 ], [ -112.198032696374, 40.643932423436496 ], [ -112.197989741499001, 40.648408288008291 ], [ -112.202498205698006, 40.652880977762095 ], [ -112.202803682295993, 40.653688558950194 ], [ -112.201715864760999, 40.66689188847419 ], [ -112.201698743950999, 40.667585718004098 ], [ -112.201378167935999, 40.672004098200901 ], [ -112.204376414574995, 40.678651720007089 ], [ -112.204193289678003, 40.683401076546197 ], [ -112.201482029228004, 40.686355265487997 ], [ -112.201279698578006, 40.68695012584481 ], [ -112.198704979221006, 40.696877147431692 ], [ -112.198792324886, 40.697523945423896 ], [ -112.204898591816999, 40.711055848651803 ], [ -112.205041436968003, 40.711624588571709 ], [ -112.208066685367001, 40.715974643728991 ], [ -112.213256408072994, 40.716657093657503 ], [ -112.219386839457997, 40.719704883107596 ], [ -112.220383539970001, 40.720368075749199 ], [ -112.221244629124001, 40.720941007455302 ], [ -112.226112916915994, 40.72433869538029 ], [ -112.260169169836004, 40.769125130824193 ], [ -112.260919085563003, 40.770122260212595 ], [ -112.489424395949001, 41.07164616965769 ], [ -112.493529315410001, 41.076889555817885 ], [ -112.495529418931, 41.076377193863003 ], [ -112.799370947076994, 40.999944599979891 ], [ -113.415555015085005, 40.999925402466999 ], [ -114.042041026380005, 40.999902194633286 ], [ -114.046111478540993, 40.401853948288007 ], [ -114.047037879542998, 39.9061028840975 ] ], [ [ -112.351232643323996, 40.590484041590493 ], [ -112.342383418205998, 40.590562826000898 ], [ -112.332211107603001, 40.590652552195195 ], [ -112.342373158078004, 40.590562916427892 ], [ -112.351232643323996, 40.590484041590493 ] ], [ [ -112.439975165155005, 40.442883833550901 ], [ -112.464975616292008, 40.442827575977994 ], [ -112.390674871664018, 40.442978924375197 ], [ -112.439975165155005, 40.442883833550901 ] ], [ [ -113.202087955432006, 40.725773145377609 ], [ -113.202072379594995, 40.725930976870103 ], [ -113.202087955313303, 40.725773145376237 ], [ -113.202087955432006, 40.725773145377609 ] ], [ [ -112.671383888131999, 40.149716869911508 ], [ -112.671372893826003, 40.149677373195402 ], [ -112.671372887362509, 40.149677348966527 ], [ -112.671383888131999, 40.149716869911508 ] ], [ [ -112.448832997181995, 40.578252852611001 ], [ -112.448831918086, 40.578250369905597 ], [ -112.448833902228998, 40.578254934821899 ], [ -112.448832997181995, 40.578252852611001 ] ], [ [ -112.473537321994002, 40.621647910010303 ], [ -112.473432828528004, 40.629079648684204 ], [ -112.473526951040995, 40.622385499260403 ], [ -112.473537321994002, 40.621647910010303 ] ], [ [ -112.437114902050993, 40.59962893738691 ], [ -112.437658902527019, 40.599631936944398 ], [ -112.438014902424996, 40.5996349365033 ], [ -112.437658902546005, 40.599631937844997 ], [ -112.437114902050993, 40.59962893738691 ] ], [ [ -112.42127075920402, 40.593248742265502 ], [ -112.421257976663995, 40.592265263588402 ], [ -112.421352899713, 40.599566939085896 ], [ -112.42127075920402, 40.593248742265502 ] ], [ [ -112.408574572283996, 40.5934341822908 ], [ -112.408730892275003, 40.600297837105693 ], [ -112.408414776043998, 40.586415532457202 ], [ -112.408574572283996, 40.5934341822908 ] ], [ [ -112.392283135889002, 40.593570656484289 ], [ -112.392298191413005, 40.600862394964899 ], [ -112.392268562922993, 40.58650118848189 ], [ -112.392283135889002, 40.593570656484289 ] ], [ [ -112.370197887751004, 40.586614621869103 ], [ -112.380153013286176, 40.586563979187694 ], [ -112.380153013290482, 40.586563979525451 ], [ -112.370197887751004, 40.586614621869103 ] ], [ [ -112.370186287448007, 40.586614727962392 ], [ -112.370181766209996, 40.586465299271197 ], [ -112.370177995155004, 40.586333749829599 ], [ -112.370169195222005, 40.586026853979988 ], [ -112.370186287448007, 40.586614727962392 ] ], [ [ -112.370164604706005, 40.585866731218303 ], [ -112.370169195222005, 40.586026853979988 ], [ -112.370158452043995, 40.585652128332704 ], [ -112.370164604706005, 40.585866731218303 ] ], [ [ -112.370145508828998, 40.5850982210859 ], [ -112.370144860257994, 40.585070149319201 ], [ -112.370151892855006, 40.585374301480996 ], [ -112.370149115576993, 40.585254208031394 ], [ -112.370145508828998, 40.5850982210859 ] ], [ [ -112.370144774131006, 40.585066450554393 ], [ -112.370144704777999, 40.585063457856201 ], [ -112.370144860257994, 40.585070149319201 ], [ -112.370144774131006, 40.585066450554393 ] ], [ [ -112.370144632180001, 40.585060653473896 ], [ -112.370144704777999, 40.585063457856201 ], [ -112.370144318548, 40.585050728938597 ], [ -112.370144550758994, 40.585058053688996 ], [ -112.370144632180001, 40.585060653473896 ] ], [ [ -112.370143097772996, 40.585012221318991 ], [ -112.370143840981001, 40.585035667004895 ], [ -112.370144106769018, 40.585044057962101 ], [ -112.370143840999006, 40.585035667905593 ], [ -112.370143097772996, 40.585012221318991 ] ], [ [ -112.370140839273006, 40.584940932405999 ], [ -112.370141619020004, 40.584965531646205 ], [ -112.370142373343995, 40.584989348350206 ], [ -112.370141619039003, 40.584965532546804 ], [ -112.370140839273006, 40.584940932405999 ] ], [ [ -112.370134144424995, 40.584729625818298 ], [ -112.370132770433997, 40.5846862734467 ], [ -112.370134144407004, 40.584729624917685 ], [ -112.370135948538007, 40.584786584014104 ], [ -112.370135004996996, 40.584756796024408 ], [ -112.370134144424995, 40.584729625818298 ] ], [ [ -112.370131969821003, 40.584660998816091 ], [ -112.370132770433997, 40.5846862734467 ], [ -112.370131237081011, 40.584637891723702 ], [ -112.370131969821003, 40.584660998816091 ] ], [ [ -112.370130445290002, 40.584612875531803 ], [ -112.370131237081011, 40.584637891723702 ], [ -112.370130445308007, 40.584612876432402 ], [ -112.370128557371999, 40.5845533157757 ], [ -112.370127576637998, 40.584522341807997 ], [ -112.370128557353993, 40.584553314875095 ], [ -112.370129585108998, 40.584585724238195 ], [ -112.370130445290002, 40.584612875531803 ] ], [ [ -112.370123468003015, 40.584237256517596 ], [ -112.370124128127003, 40.584245111297101 ], [ -112.370124415500996, 40.584248539221896 ], [ -112.370124128144994, 40.584245112197706 ], [ -112.370123468003015, 40.584237256517596 ] ], [ [ -112.370122409870007, 40.584224663489493 ], [ -112.370121092630001, 40.584208985424709 ], [ -112.370123468003015, 40.584237256517596 ], [ -112.370122409870007, 40.584224663489493 ] ], [ [ -112.370117436216006, 40.584165478153906 ], [ -112.370118652019997, 40.584179949383611 ], [ -112.370119772660004, 40.584193289375094 ], [ -112.370118652038002, 40.584179950284302 ], [ -112.370117436216006, 40.584165478153906 ] ], [ [ -112.370108284511019, 40.5840565623622 ], [ -112.370097265116996, 40.583925432164705 ], [ -112.370092553568995, 40.583869360653495 ], [ -112.370097265097996, 40.583925431264106 ], [ -112.370108284511019, 40.5840565623622 ] ], [ [ -112.370088812508996, 40.583824830117791 ], [ -112.370073861292994, 40.583676176393205 ], [ -112.370081153024003, 40.583733677575893 ], [ -112.370085237054994, 40.583782276782806 ], [ -112.370088812508996, 40.583824830117791 ] ], [ [ -112.370066153601016, 40.583622667302095 ], [ -112.370058593089993, 40.5835701744235 ], [ -112.370073861292994, 40.583676176393205 ], [ -112.370066153601016, 40.583622667302095 ] ], [ [ -112.370046580432003, 40.583486764964292 ], [ -112.370058593089993, 40.5835701744235 ], [ -112.370033448781996, 40.583395593546996 ], [ -112.370046580432003, 40.583486764964292 ] ], [ [ -112.368949590461995, 40.58063061035169 ], [ -112.369172716105993, 40.580999324550909 ], [ -112.368638069157001, 40.580132862301291 ], [ -112.368825818903005, 40.580433890373797 ], [ -112.368949590461995, 40.58063061035169 ] ], [ [ -112.368516230878996, 40.579922849541099 ], [ -112.368638069157001, 40.580132862301291 ], [ -112.368341520488997, 40.579632589251794 ], [ -112.368516230878996, 40.579922849541099 ] ], [ [ -112.368259010139994, 40.579501175149595 ], [ -112.368341520488997, 40.579632589251794 ], [ -112.368237674347, 40.579467193806899 ], [ -112.368259010139994, 40.579501175149595 ] ], [ [ -112.367624589239, 40.577953189602283 ], [ -112.367696599493001, 40.578217349891496 ], [ -112.367789714512995, 40.578469812189901 ], [ -112.367696599511007, 40.578217350792094 ], [ -112.367624589239, 40.577953189602283 ] ], [ [ -112.370226652534015, 40.587710613363797 ], [ -112.370223820993004, 40.587636908901608 ], [ -112.370228572833, 40.5877601696805 ], [ -112.370226652534015, 40.587710613363797 ] ], [ [ -112.351607991807001, 40.60864121345309 ], [ -112.351636885944998, 40.609785945669607 ], [ -112.351520885970004, 40.605189944845002 ], [ -112.351607991807001, 40.60864121345309 ] ], [ [ -112.380565892647994, 40.609516943310197 ], [ -112.380039891985007, 40.609784943884399 ], [ -112.380402901438003, 40.609599988506893 ], [ -112.380565892647994, 40.609516943310197 ] ], [ [ -112.325125735628021, 40.651606326375507 ], [ -112.303597186521998, 40.660069418303898 ], [ -112.292452881469004, 40.664447955861689 ], [ -112.325125735053945, 40.651606325693578 ], [ -112.325125735628021, 40.651606326375507 ] ], [ [ -112.304080877352007, 40.612666949488286 ], [ -112.304103582478675, 40.612666433536688 ], [ -112.30410358247471, 40.612666433640683 ], [ -112.304080877352007, 40.612666949488286 ] ], [ [ -112.303069403384001, 40.601820771117588 ], [ -112.303069403457968, 40.601820771121623 ], [ -112.303134875526013, 40.602471948830001 ], [ -112.303069403384001, 40.601820771117588 ] ], [ [ -112.303602511175995, 40.590564877890884 ], [ -112.303602511160506, 40.590564876990307 ], [ -112.309242875812004, 40.590581946472497 ], [ -112.303602511175995, 40.590564877890884 ] ], [ [ -112.283603239957998, 40.540504606225497 ], [ -112.283520653238014, 40.534499504939497 ], [ -112.28357811833402, 40.538678114853809 ], [ -112.283603239957998, 40.540504606225497 ] ], [ [ -112.332906916205999, 40.630626613738393 ], [ -112.332906916178985, 40.63062661373862 ], [ -112.332541720598002, 40.623323132719101 ], [ -112.332906916205999, 40.630626613738393 ] ], [ [ -112.312752873202001, 40.573176944700599 ], [ -112.312757167333999, 40.572791624963102 ], [ -112.312767873577002, 40.57183094507689 ], [ -112.312752873202001, 40.573176944700599 ] ], [ [ -112.313909341970003, 40.632497106771098 ], [ -112.313094882559994, 40.632511949666899 ], [ -112.313917882083999, 40.632496950137003 ], [ -112.313909341970003, 40.632497106771098 ] ], [ [ -112.312242881261, 40.63252595048521 ], [ -112.312122879523457, 40.632471949312112 ], [ -112.312122881543004, 40.632471950022683 ], [ -112.312242881261, 40.63252595048521 ] ], [ [ -112.332227336795, 40.623325979205894 ], [ -112.313802352028006, 40.623491302258898 ], [ -112.323213899094995, 40.623407221641301 ], [ -112.332227336795, 40.623325979205894 ] ], [ [ -112.283669426898996, 40.668312250837616 ], [ -112.283085880849001, 40.668980956312701 ], [ -112.283688881039012, 40.668289956701308 ], [ -112.283669426898996, 40.668312250837616 ] ], [ [ -112.275935874232999, 40.632732953611395 ], [ -112.275935874246002, 40.632613953502876 ], [ -112.275935874737002, 40.632659939943593 ], [ -112.275935874232999, 40.632732953611395 ] ], [ [ -112.284781872576005, 40.601996950381199 ], [ -112.284564871900997, 40.601994950110992 ], [ -112.284740698133021, 40.601996570642591 ], [ -112.284781872576005, 40.601996950381199 ] ], [ [ -112.256774613527995, 40.667491152514103 ], [ -112.256968061680013, 40.667226681912034 ], [ -112.256936344560003, 40.66727004462939 ], [ -112.256774613527995, 40.667491152514103 ] ], [ [ -112.273037876908006, 40.655236956101795 ], [ -112.271554609063998, 40.65606505373399 ], [ -112.269605876623999, 40.657152956395002 ], [ -112.273037876908006, 40.655236956101795 ] ], [ [ -112.265528879832999, 40.689015960716191 ], [ -112.265380882624001, 40.68920695847239 ], [ -112.265283880243999, 40.689308960799004 ], [ -112.265380880291005, 40.6892069602996 ], [ -112.265528879832999, 40.689015960716191 ] ] ] } },
{ "type": "Feature", "properties": { "name": "Utah County" }, "geometry": { "type": "Polygon", "coordinates": [ [ [ -112.179811731222003, 40.011661877316584 ], [ -112.174370549290998, 40.011049548147099 ], [ -112.170413913261001, 40.007829056264995 ], [ -112.163894778141994, 40.008223563309592 ], [ -112.160325291476994, 40.007002540462395 ], [ -112.154871750577996, 40.000480100398001 ], [ -112.150731045596999, 39.9980662064836 ], [ -112.150876304093003, 39.993460914279005 ], [ -112.141998302308011, 39.989647625110301 ], [ -112.141814883045996, 39.986369972607207 ], [ -112.132289455390008, 39.977305247017902 ], [ -112.124349859144004, 39.974112078588909 ], [ -112.109876877432995, 39.973810104564599 ], [ -112.109812785393018, 39.970571786507001 ], [ -112.104043078095998, 39.965311246871984 ], [ -112.102435410390996, 39.958893718273295 ], [ -112.095792885547993, 39.956794404122292 ], [ -112.094146236209994, 39.954480081640199 ], [ -112.098721414601002, 39.950315822088001 ], [ -112.099379772830005, 39.949759995395695 ], [ -112.103432523799, 39.946996091636308 ], [ -112.103149291743009, 39.942845362192394 ], [ -112.103144083168004, 39.9425210662884 ], [ -112.106270270064996, 39.939310888025091 ], [ -112.102511808011997, 39.934850899706596 ], [ -112.104262666647998, 39.930554673558902 ], [ -112.103602094140015, 39.928772552078691 ], [ -112.099451544806001, 39.928283122081794 ], [ -112.098881278769994, 39.928114642917606 ], [ -112.093290896229007, 39.930167630990198 ], [ -112.092121152847994, 39.92762442867749 ], [ -112.085259241131993, 39.925499523701902 ], [ -112.085150351977006, 39.923049921668799 ], [ -112.082914089729996, 39.921485134042399 ], [ -112.083445869101993, 39.918475450699809 ], [ -112.080585533421001, 39.917020056145198 ], [ -112.081267704883999, 39.9131530634819 ], [ -112.078403965912017, 39.911463393391905 ], [ -112.072224344991994, 39.911322490303299 ], [ -112.063163621578994, 39.904932476652199 ], [ -112.062976958359002, 39.904965720029296 ], [ -112.061515835774998, 39.898600252692084 ], [ -112.057783018655002, 39.894710643698694 ], [ -112.053522887140005, 39.893402476751504 ], [ -112.059567717418005, 39.887175758020497 ], [ -112.059142401778004, 39.880057468693302 ], [ -112.063406732793993, 39.876627549545901 ], [ -112.063416093293995, 39.876612688682307 ], [ -112.066393791631995, 39.8759636756755 ], [ -112.070590611550998, 39.869870479208998 ], [ -112.073046214642005, 39.86950541654361 ], [ -112.076232841966004, 39.866164822289903 ], [ -112.079552703264994, 39.865750149238004 ], [ -112.080132563253002, 39.8654483305912 ], [ -112.081543072572998, 39.862574598105901 ], [ -112.079518151488003, 39.857502963293697 ], [ -112.080636226443005, 39.853582325009107 ], [ -112.076948201445006, 39.8528417869408 ], [ -112.073998008388003, 39.847310125468397 ], [ -112.075223480391998, 39.839699039644294 ], [ -112.070400094158018, 39.838045304961497 ], [ -112.069845616436993, 39.834698783206299 ], [ -112.065426285607998, 39.830045360090104 ], [ -112.068273832161012, 39.827536977180799 ], [ -112.072720355181005, 39.812147758756595 ], [ -112.077767368772001, 39.809158381606494 ], [ -112.080055890864003, 39.802362619237499 ], [ -112.077710722562998, 39.801415874280892 ], [ -112.077375682235996, 39.801279330784098 ], [ -112.079322749930995, 39.796936518414199 ], [ -112.079597188701996, 39.796560057420997 ], [ -112.082424654128005, 39.793948073970704 ], [ -112.082441162315007, 39.793943235762683 ], [ -112.087276985499997, 39.790631959006895 ], [ -112.087187755114996, 39.786447726059109 ], [ -112.089854092729993, 39.781868240331399 ], [ -112.080697306792004, 39.78139977169419 ], [ -112.078694497786003, 39.778850597019407 ], [ -112.073848421527003, 39.779147819000393 ], [ -112.068338468464006, 39.777369673389799 ], [ -112.064322147282994, 39.781573639722502 ], [ -112.06129586886, 39.782218531768194 ], [ -112.056014780965, 39.777455441026298 ], [ -112.050607571287998, 39.776252148275709 ], [ -112.046801603182999, 39.777065896203901 ], [ -112.04157293984801, 39.783433369189993 ], [ -112.030346627393996, 39.781222557008 ], [ -112.025996686295002, 39.7827927771988 ], [ -112.024774492583006, 39.786524655213206 ], [ -112.020090337751, 39.786926320933503 ], [ -112.015843628135002, 39.791982074016097 ], [ -112.009775974761993, 39.795323637335109 ], [ -112.007522954954993, 39.79444673995841 ], [ -112.004682533945001, 39.795498493251891 ], [ -112.003079575997006, 39.800129916944101 ], [ -111.994999265508, 39.801541058438509 ], [ -111.990313763046004, 39.805514849060103 ], [ -111.989439186696998, 39.811734607686191 ], [ -111.977559854756009, 39.8073447890512 ], [ -111.969478474376999, 39.807114369341299 ], [ -111.962693584470998, 39.816077114623191 ], [ -111.964170298907007, 39.827273104232603 ], [ -111.961451099895015, 39.829201253497004 ], [ -111.957699208807, 39.836719460083899 ], [ -111.954831239263996, 39.835540288686694 ], [ -111.954227502601, 39.835405603006997 ], [ -111.950677061516004, 39.834304920445199 ], [ -111.949085416684994, 39.836263176512908 ], [ -111.948921616161002, 39.836674463062607 ], [ -111.950016796243006, 39.8389720173518 ], [ -111.948290554327002, 39.848996058889789 ], [ -111.937103071126018, 39.855371320813994 ], [ -111.938100894881003, 39.857822932178209 ], [ -111.934884284884006, 39.860714021734701 ], [ -111.934402577545995, 39.8609701778417 ], [ -111.931303545879004, 39.86436476828451 ], [ -111.928095215997018, 39.864877014005899 ], [ -111.925215592409003, 39.870278870715488 ], [ -111.926548864273002, 39.872908095411589 ], [ -111.921693938868998, 39.874487452010605 ], [ -111.921068212020003, 39.880159579849106 ], [ -111.915342383033007, 39.883660162434296 ], [ -111.909615120200002, 39.894440368689494 ], [ -111.904819473513996, 39.896224878193493 ], [ -111.903373057498996, 39.898313806244104 ], [ -111.902814176080994, 39.898511869440306 ], [ -111.900366082006997, 39.898706593189601 ], [ -111.900043783425005, 39.898659541447202 ], [ -111.896501812349001, 39.897407591525891 ], [ -111.893057860124998, 39.898019800768786 ], [ -111.892349472858996, 39.897966689623892 ], [ -111.891143863295994, 39.898358876589207 ], [ -111.890914714735018, 39.898820134493 ], [ -111.890834181556002, 39.900640726603399 ], [ -111.890519168951002, 39.901156701745002 ], [ -111.88902700653, 39.902010564812997 ], [ -111.888654913330001, 39.902184601483405 ], [ -111.885057274713006, 39.903514026470702 ], [ -111.883885052360995, 39.904239243489499 ], [ -111.881307831287998, 39.907614995685705 ], [ -111.877891161364005, 39.906199350511194 ], [ -111.873535490408003, 39.907290886829095 ], [ -111.866210075108995, 39.90575562030039 ], [ -111.862922045492994, 39.909059689709508 ], [ -111.858401589346002, 39.910480745309684 ], [ -111.858806916505998, 39.915299766896396 ], [ -111.855966951650998, 39.914620708343392 ], [ -111.851024469370003, 39.916112164434601 ], [ -111.841113937906002, 39.923752673198202 ], [ -111.840834439689004, 39.923862817422901 ], [ -111.833313383611994, 39.924133349501794 ], [ -111.832577414593004, 39.92906696823129 ], [ -111.832086416319996, 39.929593058199202 ], [ -111.831926429771997, 39.930878095599311 ], [ -111.831987776274005, 39.9311119086966 ], [ -111.831549823060996, 39.938343562335298 ], [ -111.831125370500004, 39.938668253324501 ], [ -111.825667424055993, 39.947613366152893 ], [ -111.823930153800006, 39.947702308786397 ], [ -111.820855315751999, 39.943615683380003 ], [ -111.816917921268001, 39.942260505875694 ], [ -111.816860459267005, 39.942231808428993 ], [ -111.810999646968995, 39.939666708811401 ], [ -111.810881600111998, 39.939581942910891 ], [ -111.805371138853005, 39.934795635677197 ], [ -111.798014769807011, 39.932130061948186 ], [ -111.797463125963006, 39.932094214625394 ], [ -111.788566548990005, 39.925797776713097 ], [ -111.786560280455006, 39.920743405695603 ], [ -111.786749254602, 39.920385337381497 ], [ -111.788494503486007, 39.91482435976161 ], [ -111.787873947055004, 39.914378088679101 ], [ -111.787210190558994, 39.909544339168008 ], [ -111.784647096816002, 39.908439992529303 ], [ -111.784510920646994, 39.908296757169701 ], [ -111.782161813879995, 39.907483724726994 ], [ -111.783088556788002, 39.90410780479241 ], [ -111.780486373246006, 39.9005655735941 ], [ -111.768399436495002, 39.898210039334494 ], [ -111.757542700170006, 39.890117663667503 ], [ -111.756949865902016, 39.888856553774701 ], [ -111.761000228607003, 39.88388815033781 ], [ -111.757647926743005, 39.876301281918792 ], [ -111.738065225536005, 39.864178629608801 ], [ -111.734091556878994, 39.853901037181799 ], [ -111.737769571353994, 39.851309882600503 ], [ -111.746695420422014, 39.849874255916902 ], [ -111.750118855568999, 39.84103147110131 ], [ -111.748908182546998, 39.832871802097699 ], [ -111.758480824187004, 39.824497954400385 ], [ -111.766378282058, 39.810674360298897 ], [ -111.754676791568997, 39.812271759932798 ], [ -111.731715735750996, 39.812287826864491 ], [ -111.719395529342009, 39.812309911489102 ], [ -111.712863585275002, 39.812327516817099 ], [ -111.708148220633007, 39.812341794282702 ], [ -111.626988792529005, 39.813092102457389 ], [ -111.626636473589997, 39.813097249335009 ], [ -111.612884395734994, 39.813031680772092 ], [ -111.606661743276007, 39.812937427995195 ], [ -111.589385368704001, 39.813059089477477 ], [ -111.589193901696007, 39.813061684589407 ], [ -111.579989152614004, 39.812977595348691 ], [ -111.579770615681994, 39.812970487503101 ], [ -111.575291220007998, 39.812824025617502 ], [ -111.575030029735998, 39.812815499409204 ], [ -111.561196531611003, 39.812913685811196 ], [ -111.561111606826003, 39.812915177728691 ], [ -111.551799187740997, 39.813050838760901 ], [ -111.551755379433999, 39.813051316487091 ], [ -111.542395831579, 39.812993002672393 ], [ -111.541055884681001, 39.8129605353136 ], [ -111.517458885075001, 39.812039473797398 ], [ -111.515615615353994, 39.812038919845001 ], [ -111.512718699920001, 39.812037990307907 ], [ -111.507978514911002, 39.812036586160296 ], [ -111.503272470577997, 39.812054839848791 ], [ -111.493860255539005, 39.812091316638799 ], [ -111.489154084210995, 39.812109449632899 ], [ -111.484434693677002, 39.81212555572489 ], [ -111.457730577470002, 39.812306631385702 ], [ -111.456281229932998, 39.812321940856897 ], [ -111.426286802771997, 39.812389428251002 ], [ -111.420395429698999, 39.812385697107899 ], [ -111.416049509709012, 39.812382889688102 ], [ -111.413088947559004, 39.812383187718204 ], [ -111.411352414245997, 39.812383329189799 ], [ -111.410185149707004, 39.812383406876101 ], [ -111.405488286220006, 39.812383877564002 ], [ -111.403672097430004, 39.812384136471209 ], [ -111.386694289263019, 39.812386673932309 ], [ -111.385728911631006, 39.812387184110598 ], [ -111.369238278783996, 39.812389187773491 ], [ -111.366999626758002, 39.812389188173505 ], [ -111.358485502392, 39.812387782552499 ], [ -111.357609964736, 39.812387510882409 ], [ -111.351332639546001, 39.812385303782605 ], [ -111.348182788982001, 39.812384197002203 ], [ -111.336929520983006, 39.812380737027397 ], [ -111.334101494718993, 39.812379824044406 ], [ -111.330298496818997, 39.812378549102291 ], [ -111.329417700229996, 39.812378258968984 ], [ -111.320903451345004, 39.812375809692099 ], [ -111.320036908494004, 39.812375590030108 ], [ -111.316206335757997, 39.8123743788586 ], [ -111.314000573879994, 39.812373920304708 ], [ -111.313265126065005, 39.812373788992403 ], [ -111.306812113790997, 39.812372928941699 ], [ -111.306812127726019, 39.81305931621479 ], [ -111.301924571190995, 39.813058928834401 ], [ -111.297083238501003, 39.8130583541909 ], [ -111.247507326618006, 39.813034013650089 ], [ -111.166086069932007, 39.813055699422897 ], [ -111.163599194252015, 39.81305101781799 ], [ -111.079063536218001, 39.8122372298605 ], [ -111.079062680744002, 39.814133855146295 ], [ -110.942801775258005, 39.813613382395502 ], [ -110.938050508666009, 39.813578419163797 ], [ -110.865371234104998, 39.813052333105894 ], [ -110.857826934068001, 39.813021045227593 ], [ -110.857790922888995, 39.813290755087898 ], [ -110.857658062666999, 39.899713286999202 ], [ -110.891666078105004, 39.899660212239198 ], [ -111.083102187341012, 39.90005882955851 ], [ -111.082688133166002, 39.939315741125391 ], [ -111.105648863460004, 39.944302088174297 ], [ -111.107782959413001, 39.942912600995399 ], [ -111.117955626563997, 39.943312648049996 ], [ -111.119562628051, 39.945239117927592 ], [ -111.125884075127004, 39.945417129393491 ], [ -111.131243261142018, 39.94739336112459 ], [ -111.129383542229007, 39.951328263526307 ], [ -111.120233069782003, 39.957104432122506 ], [ -111.120858159132993, 39.959703128309989 ], [ -111.118050506379006, 39.961737745122207 ], [ -111.119010779896001, 39.96791301919869 ], [ -111.124050560331014, 39.970475542528796 ], [ -111.129560194883993, 39.970496545264702 ], [ -111.130015453460004, 39.9728295851802 ], [ -111.133249396235016, 39.973780956144807 ], [ -111.135034081672003, 39.976152982524795 ], [ -111.134261813167996, 39.979483014210302 ], [ -111.141685356867995, 39.984366514403206 ], [ -111.143043543993997, 39.986955169948395 ], [ -111.151875348847014, 39.984966278857108 ], [ -111.159558269743016, 39.991793507041301 ], [ -111.16517070599501, 39.990011613234309 ], [ -111.167814090649003, 39.9908322140897 ], [ -111.170149686697997, 39.999766534974299 ], [ -111.167961483045005, 40.003184438953696 ], [ -111.171664776252996, 40.010657134593401 ], [ -111.174885228132993, 40.01228309054229 ], [ -111.177097836311006, 40.016063835799606 ], [ -111.186629632011005, 40.020112283011599 ], [ -111.189626630326998, 40.023278853869094 ], [ -111.191402390006004, 40.029681868686104 ], [ -111.198076726080004, 40.031598739140392 ], [ -111.201240339607011, 40.037264920022196 ], [ -111.198674709320997, 40.041778717734402 ], [ -111.201660931850995, 40.042764630125504 ], [ -111.203860640385997, 40.049256790720193 ], [ -111.216881294275012, 40.04053065902869 ], [ -111.231834110734994, 40.035734657923904 ], [ -111.237620892177006, 40.038102407205692 ], [ -111.240823369013995, 40.043802555456089 ], [ -111.245910143396003, 40.046832651701791 ], [ -111.246256884182003, 40.051971956250092 ], [ -111.249160280395998, 40.055659728231198 ], [ -111.241741189777997, 40.063032764248895 ], [ -111.241071489046007, 40.065983932022696 ], [ -111.235883417994003, 40.069634523879095 ], [ -111.240657924752, 40.07342228390339 ], [ -111.237990056097004, 40.080212078134899 ], [ -111.242344245609004, 40.085960223345403 ], [ -111.241766554925007, 40.091763646937494 ], [ -111.237190513230004, 40.094849900158891 ], [ -111.234526410442001, 40.101369292885785 ], [ -111.236024224988, 40.10362316309871 ], [ -111.229881595565999, 40.106969079011506 ], [ -111.225810881965003, 40.119626587249996 ], [ -111.221434395656004, 40.124968720621496 ], [ -111.225012405384007, 40.142980990564105 ], [ -111.227688054416006, 40.1458498133426 ], [ -111.228311498848015, 40.146213472289404 ], [ -111.231475522425001, 40.14795504594759 ], [ -111.226729138655998, 40.155812659723502 ], [ -111.229121603259998, 40.15845135145689 ], [ -111.227988990906994, 40.15983556093029 ], [ -111.227522570196996, 40.160396691680894 ], [ -111.225581394775006, 40.167350717294603 ], [ -111.235252910073996, 40.175989621803602 ], [ -111.235480565656999, 40.180687619957197 ], [ -111.239017603901004, 40.182775083248607 ], [ -111.248002827335995, 40.193833359990599 ], [ -111.258174729185001, 40.197896923090191 ], [ -111.256406988563, 40.201148767627799 ], [ -111.260244889343994, 40.204649392607905 ], [ -111.263897313293995, 40.205672707967601 ], [ -111.263972400783999, 40.211398051075506 ], [ -111.265314633930998, 40.212057176669703 ], [ -111.265797233610996, 40.212258783214395 ], [ -111.273498870021001, 40.222110691835603 ], [ -111.271747773772006, 40.228029510744093 ], [ -111.273889455241004, 40.233002172003999 ], [ -111.273549927665002, 40.236264385223791 ], [ -111.267838969381003, 40.236854343965113 ], [ -111.264838827169001, 40.24227140097981 ], [ -111.271650067183003, 40.250643368086898 ], [ -111.276713736904, 40.252518839544088 ], [ -111.279015227974995, 40.258901870084003 ], [ -111.289894660570994, 40.2662033547033 ], [ -111.294231713773002, 40.265575265814192 ], [ -111.294354291296003, 40.270791376794591 ], [ -111.297910483770011, 40.273079663635798 ], [ -111.307968102155002, 40.274602942151297 ], [ -111.309015905506996, 40.276104710589209 ], [ -111.306984809183007, 40.282154486776804 ], [ -111.309881845652015, 40.285426163941899 ], [ -111.314995270262003, 40.287602525551904 ], [ -111.321672691863995, 40.287318379972902 ], [ -111.325492010210993, 40.282771497809691 ], [ -111.328518784061998, 40.282276439540198 ], [ -111.337189544434011, 40.288382346865902 ], [ -111.346065884493996, 40.287198441080399 ], [ -111.352331545897997, 40.289666105210102 ], [ -111.356558229433006, 40.288234187829893 ], [ -111.360821009476993, 40.288757027817802 ], [ -111.368757629708, 40.2922366317297 ], [ -111.374354489612003, 40.297151255951796 ], [ -111.378086807006, 40.297373361471799 ], [ -111.381512548688008, 40.294546707747593 ], [ -111.385212592613996, 40.295529975819193 ], [ -111.385942965769999, 40.295685204699701 ], [ -111.392529117264999, 40.296217119974806 ], [ -111.396936976221994, 40.292445200728295 ], [ -111.402499627932997, 40.296007183145207 ], [ -111.410316514293996, 40.295150869323898 ], [ -111.412731646493, 40.289475423735901 ], [ -111.426439953460999, 40.287015719939397 ], [ -111.433659405873996, 40.291921483696107 ], [ -111.441811436353007, 40.289908594750301 ], [ -111.451592990190008, 40.2932898606511 ], [ -111.451971788923998, 40.297166883788101 ], [ -111.457372263202004, 40.300623246801699 ], [ -111.450395630662001, 40.305218325213104 ], [ -111.442791571274995, 40.31389658260381 ], [ -111.441248275548006, 40.319988237919802 ], [ -111.437887821123994, 40.3216181698957 ], [ -111.444550136277002, 40.326137927014003 ], [ -111.444880823185002, 40.329172773150894 ], [ -111.449612314030006, 40.331717609111401 ], [ -111.460132640926005, 40.343253098796204 ], [ -111.474137312259003, 40.349867861399296 ], [ -111.477005865486007, 40.35505888223399 ], [ -111.483973563998006, 40.361106635481406 ], [ -111.493419085493002, 40.356273836118909 ], [ -111.496384298573005, 40.351923220204903 ], [ -111.517567796495996, 40.3579476070162 ], [ -111.524119581446001, 40.355409043969097 ], [ -111.533349053365001, 40.355006484046093 ], [ -111.536111698019994, 40.355146867570198 ], [ -111.542650205360999, 40.359152487745703 ], [ -111.556177542230003, 40.355749426564401 ], [ -111.555672782217002, 40.36670520266231 ], [ -111.562747704743998, 40.374741393675393 ], [ -111.562566586277995, 40.379874783443107 ], [ -111.571720033553007, 40.393104843017994 ], [ -111.573486704987005, 40.399959236012997 ], [ -111.572065633212006, 40.405398764191304 ], [ -111.574168078173997, 40.410113613026503 ], [ -111.580989189497004, 40.416629143017893 ], [ -111.585407165980996, 40.417742001763003 ], [ -111.595285947955006, 40.432579036149299 ], [ -111.59997429602501, 40.434784537468801 ], [ -111.607937618551006, 40.431409589152302 ], [ -111.612463354189003, 40.431899216471606 ], [ -111.617777711228996, 40.438681774604298 ], [ -111.615741938884, 40.443647603896494 ], [ -111.617368892927999, 40.447481275454209 ], [ -111.620963349266006, 40.4498034668648 ], [ -111.62033010943, 40.455321283427899 ], [ -111.614802615477004, 40.457675137585198 ], [ -111.609835319897996, 40.463327573915606 ], [ -111.609449543351005, 40.466320594588503 ], [ -111.595083368302994, 40.467629683109593 ], [ -111.574910050111995, 40.4867182216652 ], [ -111.574520000839016, 40.493003915731492 ], [ -111.579143144618996, 40.500251067862195 ], [ -111.575414332706998, 40.503071477105401 ], [ -111.575426166880007, 40.516193834586502 ], [ -111.571586915539996, 40.520031771705092 ], [ -111.570874274838999, 40.52439110634549 ], [ -111.570770511443001, 40.524684408649293 ], [ -111.570298778088002, 40.534492932595306 ], [ -111.572631919448995, 40.537400275609208 ], [ -111.569758601391001, 40.54529725744829 ], [ -111.569211388493002, 40.545525176705993 ], [ -111.567753710522993, 40.547018813444595 ], [ -111.568863833452994, 40.549112422462294 ], [ -111.577805122189005, 40.55815709860471 ], [ -111.578037309151995, 40.558373050656499 ], [ -111.581632141309001, 40.566345861999594 ], [ -111.590861142593994, 40.572046668182701 ], [ -111.593628040320013, 40.576951619316091 ], [ -111.594049377150995, 40.577075261643195 ], [ -111.596182390354997, 40.5775717401593 ], [ -111.597118180373002, 40.577787352755195 ], [ -111.598515421266995, 40.577863903950309 ], [ -111.598868568481009, 40.577717031620097 ], [ -111.599836561885994, 40.577224631848594 ], [ -111.600404161361993, 40.576881149545507 ], [ -111.600985384204009, 40.576476333551298 ], [ -111.602343869029994, 40.575132348125592 ], [ -111.601946883420013, 40.571439895866192 ], [ -111.601904104927016, 40.571016703561298 ], [ -111.601804189966998, 40.570413632166584 ], [ -111.602279793860006, 40.568776950618492 ], [ -111.602637285049994, 40.568066991599402 ], [ -111.603149776110001, 40.567253521479095 ], [ -111.603913128694003, 40.56648828649621 ], [ -111.604305531109006, 40.566116872032204 ], [ -111.604536827325006, 40.565853684787797 ], [ -111.604989584343002, 40.565337630471696 ], [ -111.605173271234008, 40.565140275616301 ], [ -111.605726634731994, 40.564411262773611 ], [ -111.605773721508996, 40.564392998190598 ], [ -111.605937871858004, 40.564387632909799 ], [ -111.606021207957994, 40.564459266526789 ], [ -111.607273791180006, 40.564897725813196 ], [ -111.608720371768996, 40.565102721298992 ], [ -111.611461184562003, 40.565773819797307 ], [ -111.612070668567, 40.565376905937399 ], [ -111.613122895483997, 40.565342497988702 ], [ -111.614234599859998, 40.565482535731192 ], [ -111.616547512709005, 40.565216165787191 ], [ -111.618449229106005, 40.565196992001894 ], [ -111.618531882827, 40.565192945960391 ], [ -111.619890118871993, 40.565164945529006 ], [ -111.622728526494001, 40.565519943428384 ], [ -111.623840813073002, 40.565720244739502 ], [ -111.625638895305997, 40.565987993141597 ], [ -111.625726207398003, 40.565976709654898 ], [ -111.626160942216003, 40.565977957676893 ], [ -111.626295815030005, 40.565999748655898 ], [ -111.626521034467004, 40.566082309620207 ], [ -111.626608800211997, 40.56611967071818 ], [ -111.626738906409003, 40.566136982614992 ], [ -111.626833247201006, 40.566119353974898 ], [ -111.628091439817993, 40.566381884358194 ], [ -111.628841157948997, 40.5667156370816 ], [ -111.630435204028004, 40.566945683169394 ], [ -111.630632965117002, 40.5669391984813 ], [ -111.631010996635993, 40.566939836877197 ], [ -111.631452304286995, 40.567011297966189 ], [ -111.632975747656005, 40.567337188462609 ], [ -111.633697642805998, 40.567472867695308 ], [ -111.635133003885997, 40.568226231363099 ], [ -111.635455666688998, 40.568242474606791 ], [ -111.635834775836997, 40.568231379794696 ], [ -111.636403432587997, 40.568151673474802 ], [ -111.637494729973994, 40.568123134411294 ], [ -111.637688204756998, 40.568095040102499 ], [ -111.63780232786101, 40.568045762406584 ], [ -111.637912651094993, 40.56798200136511 ], [ -111.638996386493005, 40.566152714712402 ], [ -111.639239487140998, 40.565629758403105 ], [ -111.641002831427002, 40.563488497593703 ], [ -111.642762794101003, 40.561746319655384 ], [ -111.643107010988004, 40.56159864190969 ], [ -111.645695155460004, 40.559588566546402 ], [ -111.646194842094999, 40.556644385604088 ], [ -111.646314599565997, 40.556323901704303 ], [ -111.647233522508003, 40.555464718717992 ], [ -111.649889981829006, 40.552299411831491 ], [ -111.649980058455995, 40.551965577624998 ], [ -111.650042840637994, 40.551618383628401 ], [ -111.650135606388005, 40.551318407418094 ], [ -111.650949352403998, 40.551074550284099 ], [ -111.652824538781999, 40.551527925539901 ], [ -111.654090478022994, 40.551633375986903 ], [ -111.655526695361004, 40.551759467767397 ], [ -111.656736581421001, 40.551808451473306 ], [ -111.658477778017996, 40.551285486700699 ], [ -111.659048112915997, 40.5511052107897 ], [ -111.661393761612004, 40.550033266582801 ], [ -111.661845729430993, 40.549636090659902 ], [ -111.661865168494998, 40.549451297847895 ], [ -111.661376415972015, 40.546949635466497 ], [ -111.663130062158999, 40.543346851052803 ], [ -111.663391086752014, 40.542872387413489 ], [ -111.663667865799994, 40.542319455560708 ], [ -111.663987238767007, 40.541296916461292 ], [ -111.664263670373998, 40.541188122042101 ], [ -111.665052941328995, 40.540994395498991 ], [ -111.668439958766001, 40.539596493777914 ], [ -111.669184180813019, 40.539150751416003 ], [ -111.669675665639005, 40.539057815148603 ], [ -111.669986729932006, 40.53887133005361 ], [ -111.671636753136994, 40.538083384270095 ], [ -111.67223279905302, 40.538056494882788 ], [ -111.672499928952007, 40.537964851716815 ], [ -111.673512116365998, 40.537020502276292 ], [ -111.673741789890002, 40.536514396388803 ], [ -111.674769964857006, 40.534130955702302 ], [ -111.675436604262003, 40.533024374686903 ], [ -111.675671334262006, 40.532883364755904 ], [ -111.678604503623006, 40.5317364624524 ], [ -111.678779674593997, 40.531778676120602 ], [ -111.681134883986999, 40.532914348305198 ], [ -111.684082326525996, 40.531554613603284 ], [ -111.684558237654997, 40.53133107761569 ], [ -111.684686880580998, 40.531325810949397 ], [ -111.685218084924998, 40.53143076843309 ], [ -111.686259338944012, 40.531649810574905 ], [ -111.687656292588002, 40.532013571530186 ], [ -111.691614116815003, 40.533513348659199 ], [ -111.693497490111, 40.533980430725101 ], [ -111.694344090607999, 40.53420957678199 ], [ -111.696720621565007, 40.535204263590401 ], [ -111.697332186181001, 40.535424894923104 ], [ -111.697942863858998, 40.535673455831414 ], [ -111.699243731647996, 40.534958394802103 ], [ -111.699629058667995, 40.534542555411214 ], [ -111.699879793988998, 40.534355454311488 ], [ -111.702639553085007, 40.533596374274588 ], [ -111.702738719633004, 40.533594870295993 ], [ -111.705691678457995, 40.533700293972103 ], [ -111.705917884399, 40.533652966974593 ], [ -111.707458635259997, 40.533080489468503 ], [ -111.708458787645, 40.532975263837798 ], [ -111.711376055293997, 40.53249878859031 ], [ -111.712979052457001, 40.532681697848098 ], [ -111.713493643882003, 40.532439786492901 ], [ -111.714041417605998, 40.531876051384899 ], [ -111.714416378850999, 40.531050323452604 ], [ -111.715330723264003, 40.529319468710895 ], [ -111.718843402751006, 40.526133754264507 ], [ -111.720567173315004, 40.525149158589699 ], [ -111.721677356407994, 40.525298984427891 ], [ -111.721950363573995, 40.525436015595993 ], [ -111.723262582678998, 40.526148518894786 ], [ -111.724201445928998, 40.526722809444003 ], [ -111.725240012971994, 40.527782945291499 ], [ -111.725683431733998, 40.528064841426499 ], [ -111.726534895807006, 40.528522546353692 ], [ -111.726586179058998, 40.528788886259697 ], [ -111.726684663315993, 40.529162134759602 ], [ -111.727020870863996, 40.52935461125039 ], [ -111.727661574774999, 40.52953616068649 ], [ -111.728465925839998, 40.529674333291403 ], [ -111.728761600685004, 40.529830123884402 ], [ -111.729608543614006, 40.529758113403098 ], [ -111.730043099151004, 40.529764377452501 ], [ -111.731799315404004, 40.530032542574183 ], [ -111.732668433596999, 40.530587385853394 ], [ -111.733087592071996, 40.531238770344295 ], [ -111.733685456090996, 40.531927756692788 ], [ -111.734661166967996, 40.532617040641689 ], [ -111.734933619816999, 40.532698189447991 ], [ -111.734980983301995, 40.532710500571703 ], [ -111.735117799972997, 40.532697017790497 ], [ -111.735406110572001, 40.532500591846308 ], [ -111.736497214855007, 40.531325193454485 ], [ -111.736650774801021, 40.530684585665384 ], [ -111.737179893036, 40.52854521053451 ], [ -111.737399444857999, 40.528433000600089 ], [ -111.737707099153994, 40.527957170673801 ], [ -111.737803603610004, 40.527606109769899 ], [ -111.738335524939004, 40.52712614322359 ], [ -111.738770153575999, 40.526495447399682 ], [ -111.738915503436999, 40.52564768475429 ], [ -111.739643453995001, 40.524207914978497 ], [ -111.743830981119999, 40.522501781316393 ], [ -111.743965693082018, 40.522513526466703 ], [ -111.744439163053016, 40.522626691452601 ], [ -111.745848285822007, 40.523544616805601 ], [ -111.746887383371003, 40.524200957395202 ], [ -111.748584971536999, 40.524406184697192 ], [ -111.749612725310001, 40.524252677295699 ], [ -111.750758273830996, 40.524499289872892 ], [ -111.752780518143993, 40.525441072224197 ], [ -111.753002260567996, 40.525633317881301 ], [ -111.753121078231004, 40.525701010843598 ], [ -111.753340482026999, 40.525789669192498 ], [ -111.755555936546997, 40.526477894696903 ], [ -111.757524726905999, 40.528428033812197 ], [ -111.757853031069004, 40.528540293410501 ], [ -111.758085094410006, 40.528493726822092 ], [ -111.758918774342007, 40.528506271811402 ], [ -111.759618907238007, 40.528716081833892 ], [ -111.760076559710996, 40.529095047591191 ], [ -111.761220282647997, 40.529274001551499 ], [ -111.762388551320996, 40.52922215561361 ], [ -111.762649872737995, 40.52915286467951 ], [ -111.762722737236999, 40.529019052710396 ], [ -111.762632464646998, 40.528762896285599 ], [ -111.762683420944001, 40.528467069583698 ], [ -111.762752062876999, 40.5283774288337 ], [ -111.763748053835997, 40.527191590767302 ], [ -111.763999864413009, 40.527013352504206 ], [ -111.764493078621015, 40.526780364493199 ], [ -111.766388442131003, 40.525163331450194 ], [ -111.766550325514999, 40.5248649653416 ], [ -111.766882054405016, 40.524552859466795 ], [ -111.767605792330997, 40.524142655216998 ], [ -111.769208887269997, 40.522995977438299 ], [ -111.769910634802002, 40.522523743975292 ], [ -111.770129384756004, 40.522451116232197 ], [ -111.771039190809006, 40.522210818484503 ], [ -111.771404819932997, 40.522181351548198 ], [ -111.772900304531007, 40.521850642639897 ], [ -111.773130542345996, 40.521853606797798 ], [ -111.773507284326996, 40.521815500440908 ], [ -111.774009378860995, 40.52159097074351 ], [ -111.776202126418994, 40.520918615057894 ], [ -111.778650882470998, 40.519930083697801 ], [ -111.779331941259002, 40.519514688244499 ], [ -111.779989779955997, 40.519235479316002 ], [ -111.781100409619, 40.518709066612494 ], [ -111.781050843450998, 40.517591401822393 ], [ -111.781182704963001, 40.517154481453602 ], [ -111.781420265849007, 40.516874501292698 ], [ -111.783090575912993, 40.515756905198892 ], [ -111.783296147814994, 40.515163629388603 ], [ -111.786317013493004, 40.514270153371605 ], [ -111.786536013301998, 40.514222717700918 ], [ -111.788097764338005, 40.513020203720117 ], [ -111.788252280329999, 40.512506545189503 ], [ -111.789107254121006, 40.510022369634498 ], [ -111.789052875649006, 40.509411038502094 ], [ -111.789386823296994, 40.508598859989696 ], [ -111.790774894248003, 40.506693001306097 ], [ -111.791145244914006, 40.506068853854806 ], [ -111.791682818581009, 40.505212932372309 ], [ -111.790656908973006, 40.5034803413932 ], [ -111.789111341296007, 40.500300859657401 ], [ -111.789190343235006, 40.499892217569901 ], [ -111.789239404469001, 40.499647741652602 ], [ -111.789347640486994, 40.498310083260492 ], [ -111.792081595309, 40.496973376244199 ], [ -111.792792297453005, 40.496897332651201 ], [ -111.793661542774998, 40.496565875878083 ], [ -111.797276307718008, 40.49567190569649 ], [ -111.797422951444005, 40.495598822787201 ], [ -111.800173401907998, 40.494183433202394 ], [ -111.802091579385007, 40.493837707797098 ], [ -111.802755621665, 40.493612829659497 ], [ -111.802881107293999, 40.493547544351401 ], [ -111.803043186302006, 40.493374438453493 ], [ -111.803050976943993, 40.493364744802605 ], [ -111.805080709354002, 40.491771904241901 ], [ -111.805378563518005, 40.491615776809994 ], [ -111.806499056655014, 40.49019356618129 ], [ -111.806677655336998, 40.490012051662909 ], [ -111.808162713464, 40.489122227775397 ], [ -111.808254506043994, 40.489082216960192 ], [ -111.809774484005999, 40.488509421500709 ], [ -111.810387083083995, 40.488428551872794 ], [ -111.811947285358997, 40.48840579935991 ], [ -111.812727070782998, 40.488549235320299 ], [ -111.814693142040994, 40.488887788024392 ], [ -111.826318511308003, 40.4863355929105 ], [ -111.826321603793019, 40.482730209736708 ], [ -111.834788844089005, 40.481775940804106 ], [ -111.836227120409021, 40.474916613892802 ], [ -111.842142284741996, 40.474283851873395 ], [ -111.843734436785994, 40.476689779742195 ], [ -111.845904319721001, 40.476660772904602 ], [ -111.851136546695002, 40.473217924659295 ], [ -111.851142391729994, 40.472923806578407 ], [ -111.851071269588999, 40.472713509276403 ], [ -111.850942782863001, 40.472440854806599 ], [ -111.850873408471998, 40.472092392888484 ], [ -111.850889207475007, 40.471953416868104 ], [ -111.850982624869005, 40.471774893239598 ], [ -111.851072250480001, 40.47168429827731 ], [ -111.851130408898996, 40.471633795792791 ], [ -111.851182787613993, 40.471595583455397 ], [ -111.851205129809003, 40.471580236200104 ], [ -111.851228182537, 40.471565107128406 ], [ -111.851728064637001, 40.471400097437098 ], [ -111.851811383970997, 40.471396540199201 ], [ -111.852389402371998, 40.471498583922994 ], [ -111.853081356480004, 40.471432473112003 ], [ -111.853422995838002, 40.471348525778801 ], [ -111.854044067925003, 40.471319794320202 ], [ -111.856401286784006, 40.471435684043897 ], [ -111.857724700803004, 40.46938445182559 ], [ -111.860436627246003, 40.470327617301699 ], [ -111.862982944380008, 40.469257023399003 ], [ -111.868562382194, 40.472636811277908 ], [ -111.870669197713994, 40.476832618735401 ], [ -111.873363128064994, 40.477060037598797 ], [ -111.882766613586995, 40.472267936557991 ], [ -111.882899311024019, 40.472041700561299 ], [ -111.889124880774006, 40.466894939822097 ], [ -111.890299387932018, 40.466512029397002 ], [ -111.890575841653998, 40.466455846195394 ], [ -111.891160856396013, 40.466095485459995 ], [ -111.891300482579993, 40.465950266394707 ], [ -111.891324966659994, 40.465571703681292 ], [ -111.891516367891995, 40.464971135451805 ], [ -111.891758313227015, 40.464446752588891 ], [ -111.891979384701997, 40.46430630961509 ], [ -111.893394684135004, 40.463762952527006 ], [ -111.893624067825996, 40.463716134767608 ], [ -111.894205445774006, 40.463707133971795 ], [ -111.895362428539002, 40.463787365381698 ], [ -111.896309947730003, 40.463771012662498 ], [ -111.896523651465003, 40.463769355262691 ], [ -111.898898645968998, 40.463525686597897 ], [ -111.901044902836006, 40.463316184589814 ], [ -111.907552317916995, 40.453508625394505 ], [ -111.914865867288995, 40.452243777241399 ], [ -111.914914696733007, 40.452018167911099 ], [ -111.916566138088996, 40.448577192146004 ], [ -111.916802592799996, 40.448187933474401 ], [ -111.918638701310996, 40.44403375665199 ], [ -111.918657367519003, 40.444001716716002 ], [ -111.918904972269004, 40.443671283285894 ], [ -111.930066611418994, 40.434404892488097 ], [ -111.931760803993996, 40.433216214086706 ], [ -111.932240272257999, 40.432933071523202 ], [ -111.937357085105006, 40.429968295320386 ], [ -111.937684704412007, 40.429789964099292 ], [ -111.937931674747006, 40.429661835471599 ], [ -111.938527237488003, 40.429422769540906 ], [ -111.940440499779996, 40.428212129348204 ], [ -111.940701728405998, 40.428026727896494 ], [ -111.941175542238994, 40.42776611660949 ], [ -111.940745803252995, 40.426826971095792 ], [ -111.941737255167993, 40.427468751612608 ], [ -111.942041527352004, 40.427308616107901 ], [ -111.943071956147008, 40.426809227525304 ], [ -111.944515962368001, 40.425959607275999 ], [ -111.945787444075009, 40.424998768763196 ], [ -111.946026615042996, 40.424821137459404 ], [ -111.951450275284003, 40.423307269275803 ], [ -111.951904263168004, 40.423317946375093 ], [ -111.952435318601005, 40.423276635822795 ], [ -111.953331165148001, 40.422772859181997 ], [ -111.955060497760996, 40.421359497787492 ], [ -111.957358713014003, 40.421998140082707 ], [ -111.958359434600993, 40.420415987281203 ], [ -111.958361127071996, 40.4203691267412 ], [ -111.958429475418995, 40.419869464604695 ], [ -111.958502530087003, 40.419618410266892 ], [ -111.961080732838994, 40.418480797749901 ], [ -111.961407173379001, 40.418559164071191 ], [ -111.965678687308994, 40.419702834233199 ], [ -111.966033747287995, 40.419803470730493 ], [ -111.966494766018997, 40.4198951123185 ], [ -111.966884688118, 40.419878338501903 ], [ -111.969490576083999, 40.418707875128696 ], [ -111.969648390393004, 40.418616462191899 ], [ -111.973026677586006, 40.417477275894903 ], [ -111.974337627337007, 40.417167138114792 ], [ -111.978669477691994, 40.417097216240911 ], [ -111.978770973986997, 40.416862124552992 ], [ -111.980804593767999, 40.415265622523798 ], [ -111.981045011977002, 40.415101421703191 ], [ -111.981973281977005, 40.414174628829784 ], [ -111.982387890764997, 40.4144801132976 ], [ -111.98299863065202, 40.415465905687093 ], [ -111.983542726783995, 40.416082895080002 ], [ -111.985741071209006, 40.418191182307609 ], [ -111.989127003811006, 40.418720816720203 ], [ -111.989517132428006, 40.418799459514304 ], [ -111.990151351858003, 40.419045378636703 ], [ -111.990691038554999, 40.419274987400996 ], [ -111.991815390827995, 40.419986962389594 ], [ -111.992140296985994, 40.420038228124184 ], [ -111.992552081548993, 40.422231070239597 ], [ -111.992526851465996, 40.4229204697033 ], [ -111.992787954978994, 40.424323620861095 ], [ -111.995566714347007, 40.424583504501392 ], [ -111.995719649002993, 40.424562367739583 ], [ -111.997416955624999, 40.4241504428472 ], [ -111.997998213707007, 40.4243967753535 ], [ -112.001307404871, 40.426083458560498 ], [ -112.001757567300004, 40.4266291025124 ], [ -112.003038528703996, 40.427074747370902 ], [ -112.003960935498, 40.427031605662201 ], [ -112.006145838544995, 40.4264306344323 ], [ -112.006556827598999, 40.427429748777499 ], [ -112.006542101389996, 40.427628073071503 ], [ -112.006535672621993, 40.427987584636497 ], [ -112.00665454493101, 40.428527985148193 ], [ -112.008148390846998, 40.430672600917802 ], [ -112.008339367453999, 40.430908770413097 ], [ -112.008851916796999, 40.433019589371497 ], [ -112.008646868906993, 40.433183538915202 ], [ -112.008071864862998, 40.433442605642497 ], [ -112.007291051403001, 40.433578239288494 ], [ -112.006926758963999, 40.433657988690705 ], [ -112.006754123872994, 40.433861291717996 ], [ -112.006620808874004, 40.434487670502101 ], [ -112.006618155615001, 40.434784086471197 ], [ -112.009190606462994, 40.435801284361801 ], [ -112.009468803803017, 40.435797954433603 ], [ -112.010600537751998, 40.43712858985959 ], [ -112.010645316435998, 40.437205674883295 ], [ -112.010763528549006, 40.437226262668098 ], [ -112.010875293138994, 40.437209970241092 ], [ -112.011292127622013, 40.43701623665681 ], [ -112.011702588584001, 40.436869403610991 ], [ -112.013888136780011, 40.435902519338597 ], [ -112.014013736349, 40.435708627274693 ], [ -112.014444429812002, 40.435339988161402 ], [ -112.014526204583007, 40.435289721577092 ], [ -112.016159908313995, 40.435024895120499 ], [ -112.016364878318001, 40.435016816669901 ], [ -112.017925722637003, 40.436101267229205 ], [ -112.018322951654, 40.436250919850409 ], [ -112.020031788520996, 40.437761960077104 ], [ -112.020514823406003, 40.43812706125469 ], [ -112.020896362331001, 40.4384074723353 ], [ -112.021145887385998, 40.438612472825199 ], [ -112.021606512752015, 40.439599380571096 ], [ -112.021585797911996, 40.439788750275611 ], [ -112.021640844573994, 40.440387354747898 ], [ -112.021702709868009, 40.440579598121893 ], [ -112.023092383961995, 40.442103321687 ], [ -112.024576552333997, 40.443167638402493 ], [ -112.024732901658993, 40.443679758648202 ], [ -112.024760464970996, 40.443864196329997 ], [ -112.024687224825001, 40.444864831151598 ], [ -112.024545721622005, 40.445097613608503 ], [ -112.0223202504, 40.4458515411295 ], [ -112.021661960952017, 40.446298796326893 ], [ -112.021225343554008, 40.446667514099509 ], [ -112.021034774780006, 40.446853879555896 ], [ -112.020584082734999, 40.447383978102685 ], [ -112.020691001965005, 40.447436186400999 ], [ -112.022350487607, 40.448002593294703 ], [ -112.022534234838005, 40.448144209076894 ], [ -112.024155905502994, 40.449946040672295 ], [ -112.02441233677601, 40.450214034433984 ], [ -112.025721111463, 40.450510531268598 ], [ -112.027168206799999, 40.450209397042492 ], [ -112.031534084738993, 40.451150682283696 ], [ -112.031466596505993, 40.451287318411808 ], [ -112.030955237886999, 40.452551319732706 ], [ -112.030800279406009, 40.452829273856601 ], [ -112.032807910526003, 40.457864421220798 ], [ -112.032819531146004, 40.458084133434902 ], [ -112.033243117962002, 40.462714500428 ], [ -112.033418134769008, 40.462821041883501 ], [ -112.037210662495994, 40.464386140111401 ], [ -112.037628900464, 40.464431033839091 ], [ -112.038044196653999, 40.464591265652707 ], [ -112.038228508445997, 40.4646112313822 ], [ -112.040169540617001, 40.462823541584498 ], [ -112.040452245712004, 40.462463166642593 ], [ -112.043573540443006, 40.459615707775903 ], [ -112.043779742865993, 40.459534297706 ], [ -112.049340644617018, 40.4560416650314 ], [ -112.049844908145005, 40.455933484174395 ], [ -112.053212947445004, 40.45516411787451 ], [ -112.054254181991993, 40.454929404203405 ], [ -112.057474659335995, 40.453931534065489 ], [ -112.058893005832999, 40.4530807261484 ], [ -112.059390580675, 40.452999591535999 ], [ -112.059482940511998, 40.452948295427589 ], [ -112.062069640708998, 40.449907492142003 ], [ -112.062894308970996, 40.449713789814993 ], [ -112.065184422870999, 40.448810380375782 ], [ -112.065582436189999, 40.448251766488902 ], [ -112.066271504314997, 40.447083269854097 ], [ -112.066333575025993, 40.446907024572596 ], [ -112.068311789701994, 40.446205887081206 ], [ -112.069849410478994, 40.445979957708502 ], [ -112.074886039473995, 40.446888169698909 ], [ -112.075611871397996, 40.447075108102602 ], [ -112.075920733429001, 40.447143403515192 ], [ -112.076479896605008, 40.447157115991999 ], [ -112.079255768842998, 40.446715923102801 ], [ -112.079617501428004, 40.446772003464403 ], [ -112.081119266792996, 40.447989476626603 ], [ -112.081543911607994, 40.448217932329904 ], [ -112.082453173592015, 40.447855373272496 ], [ -112.083223110808007, 40.447629245517994 ], [ -112.085906557111002, 40.447821180066384 ], [ -112.086742771925998, 40.44812322542019 ], [ -112.088197364804003, 40.448087919226396 ], [ -112.089545466453998, 40.447738289053198 ], [ -112.090790778690007, 40.447887802256403 ], [ -112.091038668368995, 40.447903480382202 ], [ -112.092616320085, 40.447748941141093 ], [ -112.092840555897993, 40.4477603345698 ], [ -112.093436542229995, 40.447862804341 ], [ -112.093562275893007, 40.447835489226193 ], [ -112.095813195860998, 40.447024096411603 ], [ -112.095999978961004, 40.447052955571309 ], [ -112.096673010702006, 40.447034860519999 ], [ -112.096938510439003, 40.447045854497091 ], [ -112.098410352084002, 40.446550805268487 ], [ -112.099379950420001, 40.446207359402102 ], [ -112.101420027914003, 40.445417682185884 ], [ -112.101517813271002, 40.445340175227187 ], [ -112.102000240585994, 40.44484369416729 ], [ -112.102827619875001, 40.443953837588502 ], [ -112.107123444601001, 40.441737136734503 ], [ -112.108948288445006, 40.440922361574195 ], [ -112.110266465584004, 40.440202513718994 ], [ -112.110712571931998, 40.439869405183806 ], [ -112.111441196914001, 40.439293943536306 ], [ -112.112005704797994, 40.438920052580784 ], [ -112.113285283704002, 40.440081588453005 ], [ -112.114177625036007, 40.440996397151302 ], [ -112.114542341336005, 40.441875747542099 ], [ -112.114597749390995, 40.443731034084003 ], [ -112.114462865869001, 40.44441700624909 ], [ -112.114412415801993, 40.444575147289108 ], [ -112.114034660268999, 40.448691321067386 ], [ -112.114099060265005, 40.449234833682503 ], [ -112.114569181275002, 40.450352801428089 ], [ -112.114696258558013, 40.450549770186612 ], [ -112.116417739555999, 40.451318725278803 ], [ -112.116696600078001, 40.45142323740761 ], [ -112.117931872274994, 40.452240107469692 ], [ -112.118660115009021, 40.452490713984091 ], [ -112.118938326296004, 40.45255558721751 ], [ -112.119322734576002, 40.452695105519005 ], [ -112.119836465071003, 40.453023455797805 ], [ -112.120990597431998, 40.4539212581793 ], [ -112.122330166249995, 40.4560388437786 ], [ -112.122551331313005, 40.45628894282661 ], [ -112.123608994977999, 40.457832686065693 ], [ -112.123934756620002, 40.458343021003294 ], [ -112.124618014196002, 40.458648980565293 ], [ -112.125660031221997, 40.458967658443299 ], [ -112.126144961470004, 40.459332295760298 ], [ -112.126414385318, 40.459504441222201 ], [ -112.127255855643995, 40.460383604893607 ], [ -112.127752558627009, 40.460886856088102 ], [ -112.128269493336006, 40.461189011243484 ], [ -112.129095034570994, 40.461536797218791 ], [ -112.130023760136993, 40.462270046064297 ], [ -112.130925594678999, 40.462945894087596 ], [ -112.131476317808009, 40.463853996251487 ], [ -112.131732831171007, 40.464379400344299 ], [ -112.132535676805006, 40.464552342644708 ], [ -112.132839755128998, 40.464622604110396 ], [ -112.135824482813007, 40.466504706294607 ], [ -112.136187554653006, 40.466603207240503 ], [ -112.136690220554001, 40.466683848121406 ], [ -112.137021218838001, 40.466796805679699 ], [ -112.138095963937005, 40.467506029805691 ], [ -112.138471874708003, 40.467763582408082 ], [ -112.138807102884016, 40.46847557758219 ], [ -112.139666043399018, 40.468627467277493 ], [ -112.141102536435, 40.468543925574693 ], [ -112.141365136575004, 40.4690052850464 ], [ -112.14154080006, 40.469278318096393 ], [ -112.141801619770007, 40.469425287482593 ], [ -112.142369102521002, 40.4697791301992 ], [ -112.143109599732995, 40.470388009294403 ], [ -112.145931302413004, 40.470461865184703 ], [ -112.146079219206996, 40.470419858944297 ], [ -112.147495510831007, 40.4697022197671 ], [ -112.148767740972005, 40.469600394208783 ], [ -112.151334181324017, 40.468128946574595 ], [ -112.151530879754006, 40.468181039619601 ], [ -112.152091979177996, 40.468297066264093 ], [ -112.152240718581993, 40.468303691374295 ], [ -112.152761373827005, 40.468468765386199 ], [ -112.152928312629996, 40.468504937060807 ], [ -112.153283790456001, 40.468460850867991 ], [ -112.153653674782007, 40.468362567093187 ], [ -112.154115671674006, 40.468132735018386 ], [ -112.154359768931002, 40.467990661115103 ], [ -112.154867546560993, 40.467679289737994 ], [ -112.155126895052021, 40.467532557427305 ], [ -112.155815960921998, 40.466650014807897 ], [ -112.155628595153999, 40.466178927316811 ], [ -112.155820721921998, 40.465758097664903 ], [ -112.15628126442202, 40.464344517147993 ], [ -112.157385674292001, 40.463405557895506 ], [ -112.157560189503997, 40.4631966080808 ], [ -112.158151194587006, 40.462583495134695 ], [ -112.160067975372002, 40.461014760562591 ], [ -112.160746594542999, 40.461245779239597 ], [ -112.161339102349999, 40.461407390648098 ], [ -112.161953228247, 40.461728237196894 ], [ -112.162231440087993, 40.461856968166195 ], [ -112.163410253381997, 40.462161316583192 ], [ -112.164063262376004, 40.462410591007703 ], [ -112.164513588570998, 40.462465512551198 ], [ -112.164636138744001, 40.462458872447598 ], [ -112.164967384072, 40.462379860335005 ], [ -112.165245452875993, 40.462295077260499 ], [ -112.172173016041995, 40.465787097198699 ], [ -112.172248321726997, 40.465980022084892 ], [ -112.172465044025003, 40.466301238735099 ], [ -112.172591328742001, 40.466508961115991 ], [ -112.172873579612002, 40.46707094722759 ], [ -112.173798808124005, 40.46693736456421 ], [ -112.190211881384002, 40.4685468024405 ], [ -112.195697547985006, 40.462265122118801 ], [ -112.212230832324011, 40.459288467633002 ], [ -112.214189313203008, 40.452315842223001 ], [ -112.209537235856004, 40.432266006689893 ], [ -112.209285753859007, 40.432047918453094 ], [ -112.204912308961994, 40.43108009952681 ], [ -112.195967809625998, 40.421714623915193 ], [ -112.195927373792003, 40.4216745025075 ], [ -112.194650309164999, 40.421114745312202 ], [ -112.197923732511995, 40.414937747542503 ], [ -112.199865734359008, 40.403502498911692 ], [ -112.198506036642996, 40.400259901141908 ], [ -112.200043495822001, 40.397587240134094 ], [ -112.199340116382004, 40.390818969701783 ], [ -112.201272063760001, 40.386159341634801 ], [ -112.188708108734005, 40.372469543004001 ], [ -112.193739536926003, 40.367899745731897 ], [ -112.194150403684006, 40.36014783471871 ], [ -112.188087257649997, 40.354890513693604 ], [ -112.185094516923996, 40.348002354276197 ], [ -112.181376912336006, 40.345891755490101 ], [ -112.175544887179001, 40.335843124859792 ], [ -112.179946910872005, 40.332140661404999 ], [ -112.190779318330002, 40.329520646326401 ], [ -112.196288165704999, 40.3258421930149 ], [ -112.192693301641, 40.322897347770791 ], [ -112.193713737815997, 40.318350798932201 ], [ -112.197481102387002, 40.316082134447498 ], [ -112.198619848820002, 40.306935221764398 ], [ -112.192092064169998, 40.304106282338793 ], [ -112.186457852293003, 40.286745261207095 ], [ -112.188492161381006, 40.285620773613402 ], [ -112.189061725423997, 40.27354730505499 ], [ -112.192909276120005, 40.26894461224019 ], [ -112.192208000513006, 40.264505867994401 ], [ -112.183732499079014, 40.257966712379201 ], [ -112.183922352993008, 40.249969205915001 ], [ -112.179338223727001, 40.249370966044296 ], [ -112.179749482426004, 40.232426047050701 ], [ -112.176700021157998, 40.227722799309291 ], [ -112.17059462313, 40.225717119732394 ], [ -112.168972303223001, 40.219544237793599 ], [ -112.166944670449993, 40.218154767418611 ], [ -112.161543545598008, 40.217064937524086 ], [ -112.157006078565004, 40.219413127622609 ], [ -112.153469038208996, 40.217706783368392 ], [ -112.153468766295006, 40.217690749779109 ], [ -112.154951007777015, 40.215009255173108 ], [ -112.149512188765001, 40.212010196003206 ], [ -112.158552838155998, 40.206725368266909 ], [ -112.157253879600006, 40.203238299894593 ], [ -112.160490872447994, 40.199102208163993 ], [ -112.158223423530998, 40.197381643137895 ], [ -112.14863139881102, 40.1956843966829 ], [ -112.148786615392012, 40.190610677962198 ], [ -112.146882343140021, 40.1894944023352 ], [ -112.150511093966998, 40.187688084356203 ], [ -112.153372492163996, 40.1818531750734 ], [ -112.152761440041999, 40.179061900967703 ], [ -112.146724131064005, 40.178356080205496 ], [ -112.146778222291005, 40.178080763178194 ], [ -112.146741844843021, 40.177315339797794 ], [ -112.146611068886017, 40.1765238236651 ], [ -112.145991974626995, 40.174282152488296 ], [ -112.145852768078015, 40.174035776718597 ], [ -112.145167605775001, 40.173799307296299 ], [ -112.144890973122003, 40.173761501009096 ], [ -112.145713038508006, 40.170965012661405 ], [ -112.150088383829996, 40.171700927114195 ], [ -112.150955940174995, 40.171611222115608 ], [ -112.152298061268993, 40.171458227120098 ], [ -112.153066184343004, 40.171045164728902 ], [ -112.155539748229998, 40.169398840382101 ], [ -112.155090948525995, 40.168556451644193 ], [ -112.158082870474004, 40.165287742704699 ], [ -112.158211767664994, 40.164926083027005 ], [ -112.159188551702002, 40.162979322427191 ], [ -112.164420472141998, 40.161980849630297 ], [ -112.168943871330001, 40.15836310457771 ], [ -112.169356376709999, 40.158111176808305 ], [ -112.174018327328994, 40.154045884495503 ], [ -112.171750398726005, 40.14915431580269 ], [ -112.167941441533998, 40.1471431958011 ], [ -112.168791754224003, 40.145039962458704 ], [ -112.169350293719006, 40.14475053223439 ], [ -112.172566477626006, 40.140627802819097 ], [ -112.172768409819, 40.136328331070899 ], [ -112.173242946336003, 40.134913580435502 ], [ -112.176112567508, 40.130812277207404 ], [ -112.172981429889006, 40.127554755192705 ], [ -112.168192694501997, 40.126513937330898 ], [ -112.163775039172009, 40.123481747643297 ], [ -112.164170994637018, 40.118761400441592 ], [ -112.161426357017007, 40.117117735188593 ], [ -112.160824784850007, 40.114244391917701 ], [ -112.155958535116994, 40.113064198136897 ], [ -112.155764111329006, 40.112669728904592 ], [ -112.155014772138998, 40.10895185358369 ], [ -112.151029905764005, 40.107477961364296 ], [ -112.151052043099995, 40.10531099869339 ], [ -112.157014055063001, 40.09849008736731 ], [ -112.157779102549995, 40.089292915216902 ], [ -112.165159839062994, 40.087723351454898 ], [ -112.165726967403998, 40.08727618610159 ], [ -112.171863645139993, 40.085344821577308 ], [ -112.174096119707997, 40.080110305431297 ], [ -112.174633172148006, 40.079285010267697 ], [ -112.175932784959997, 40.077519503491501 ], [ -112.171970225364021, 40.068987256168803 ], [ -112.174624480388999, 40.066227108009905 ], [ -112.174649199472995, 40.066225777128111 ], [ -112.179995935799994, 40.06722553100569 ], [ -112.183797293580994, 40.059893659955208 ], [ -112.178459172494001, 40.052898243697001 ], [ -112.175390712712002, 40.043528110404601 ], [ -112.175155431448005, 40.0432061585757 ], [ -112.171992476918007, 40.039490283502595 ], [ -112.174860319415004, 40.035506103411493 ], [ -112.173982795198995, 40.032861724203492 ], [ -112.177487625989002, 40.029821516614803 ], [ -112.176917661085, 40.019502496626387 ], [ -112.179811731222003, 40.011661877316584 ] ], [ [ -111.772350097005997, 40.489761932256989 ], [ -111.772350098049458, 40.489761932276132 ], [ -111.771291014751, 40.489971612014109 ], [ -111.772350097005997, 40.489761932256989 ] ], [ [ -111.765360613257002, 40.488723887400099 ], [ -111.764278615487996, 40.4882900795333 ], [ -111.766156111560008, 40.4886709449313 ], [ -111.765360613257002, 40.488723887400099 ] ], [ [ -111.943871356971101, 40.125123288549247 ], [ -111.943871356979002, 40.125123288634306 ], [ -111.943881786271007, 40.12719088737591 ], [ -111.943871356971101, 40.125123288549247 ] ], [ [ -111.927767625464924, 40.097254868375671 ], [ -111.925688528408998, 40.097752060826892 ], [ -111.924798547202997, 40.098045220347608 ], [ -111.925688529569996, 40.097752059916694 ], [ -111.927767625464924, 40.097254868375671 ] ], [ [ -111.913756013977732, 40.057006389197682 ], [ -111.913674355794001, 40.057228115309186 ], [ -111.912805029365501, 40.05770600548091 ], [ -111.913674355782007, 40.057228114408296 ], [ -111.913756013977732, 40.057006389197682 ] ], [ [ -112.092480469904999, 40.402470893341992 ], [ -112.097377847222006, 40.402582030083302 ], [ -112.098791907489996, 40.403472500450391 ], [ -112.097377846043997, 40.4025820300945 ], [ -112.092480469904999, 40.402470893341992 ] ], [ [ -112.099790018882999, 40.4038777587079 ], [ -112.100999024502997, 40.404595636091699 ], [ -112.098791907489996, 40.403472500450391 ], [ -112.099790018882999, 40.4038777587079 ] ], [ [ -112.101831614839, 40.405174072239191 ], [ -112.102232826356996, 40.405685108446001 ], [ -112.100999024502997, 40.404595636091699 ], [ -112.101831614839, 40.405174072239191 ] ], [ [ -112.102556653397002, 40.406039561476902 ], [ -112.102232826356996, 40.405685108446001 ], [ -112.102857344428003, 40.406122504232087 ], [ -112.102556653397002, 40.406039561476902 ] ], [ [ -112.073099044388997, 40.40614778674361 ], [ -112.073138583362947, 40.402265150378341 ], [ -112.073138584541013, 40.402265150360897 ], [ -112.073099045567119, 40.406147786721199 ], [ -112.073099044388997, 40.40614778674361 ] ], [ [ -112.058745870278003, 40.398820639537796 ], [ -112.054069598998225, 40.398748060533421 ], [ -112.054069598997998, 40.398748060504396 ], [ -112.058745870278003, 40.398820639537796 ] ], [ [ -112.044660856589999, 40.391332684790903 ], [ -112.044664171177999, 40.3949611515527 ], [ -112.046841575825994, 40.394991594664894 ], [ -112.046837440755993, 40.401448788756397 ], [ -112.046841574648013, 40.394991594675503 ], [ -112.04466417, 40.394961151563294 ], [ -112.044660856589999, 40.391332684790903 ] ], [ [ -111.978999888681997, 40.24668618856149 ], [ -111.978899303697872, 40.24640354556994 ], [ -111.979162473740004, 40.246885082068005 ], [ -111.978999888681997, 40.24668618856149 ] ], [ [ -111.975821697311019, 40.231159441113903 ], [ -111.974485556432001, 40.230157628207692 ], [ -111.976682676054239, 40.23154073726716 ], [ -111.975821697311019, 40.231159441113903 ] ], [ [ -111.971913511509996, 40.224279606308897 ], [ -111.972080905631003, 40.225112494409792 ], [ -111.971748887091067, 40.223863952382004 ], [ -111.971913511509996, 40.224279606308897 ] ], [ [ -111.971348942335283, 40.222854126352793 ], [ -111.969940400002002, 40.222210422001304 ], [ -111.971348942167012, 40.22285412592791 ], [ -111.971348942335283, 40.222854126352793 ] ], [ [ -111.968621495983996, 40.222400245076194 ], [ -111.969940400002002, 40.222210422001304 ], [ -111.967852651315994, 40.223002601344206 ], [ -111.968621495983996, 40.222400245076194 ] ], [ [ -111.968026778012003, 40.2243121803184 ], [ -111.967199663282372, 40.226285646258638 ], [ -111.968026777917956, 40.224312179611012 ], [ -111.968026778012003, 40.2243121803184 ] ], [ [ -111.968763731359005, 40.228979771272606 ], [ -111.968698967397003, 40.230982618082891 ], [ -111.967991976552, 40.227198455680707 ], [ -111.968763731359005, 40.228979771272606 ] ], [ [ -111.967870547738997, 40.231776169060701 ], [ -111.966471168799004, 40.231787863652997 ], [ -111.966471168798975, 40.231787863652983 ], [ -111.967870547738997, 40.231776169060701 ] ], [ [ -111.958683523668995, 40.222035610671092 ], [ -111.960396874546007, 40.224452779903096 ], [ -111.957357489162007, 40.220616365280605 ], [ -111.958683523668995, 40.222035610671092 ] ], [ [ -111.95571049203663, 40.216267801335469 ], [ -111.955570522166767, 40.215727696779012 ], [ -111.955710492085004, 40.216267800671503 ], [ -111.95571049203663, 40.216267801335469 ] ], [ [ -111.938864968785012, 40.183641796713999 ], [ -111.935765427538996, 40.1836070529544 ], [ -111.935765427985785, 40.18360705205874 ], [ -111.938864968785012, 40.183641796713999 ] ], [ [ -111.938119391560448, 40.178510677625155 ], [ -111.937985693182995, 40.177855337952501 ], [ -111.938119391675997, 40.1785106773496 ], [ -111.938119391560448, 40.178510677625155 ] ], [ [ -111.957057755788014, 39.981727878791197 ], [ -111.957006717365005, 39.980243876592901 ], [ -111.957043326421996, 39.981308320351893 ], [ -111.957057755788014, 39.981727878791197 ] ], [ [ -112.005468992497995, 40.0546409461558 ], [ -112.005510278885339, 40.068641361343062 ], [ -112.005510278874993, 40.068641361343005 ], [ -112.005468992497995, 40.0546409461558 ] ], [ [ -112.014554136624, 40.054533941511004 ], [ -112.005468992497995, 40.0546409461558 ], [ -112.014554136610002, 40.054533940610199 ], [ -112.014550869876999, 40.054097118769 ], [ -112.014498253583, 40.046796887589998 ], [ -112.014550869890002, 40.054097119669798 ], [ -112.014554136624, 40.054533941511004 ] ], [ [ -111.995709753347001, 40.054670397995388 ], [ -111.99496676423, 40.054671867614893 ], [ -112.005468992497995, 40.0546409461558 ], [ -111.995709753347001, 40.054670397995388 ] ], [ [ -112.005317247798004, 40.002957665199702 ], [ -111.995291723989098, 40.002934669679625 ], [ -111.995291723988998, 40.002934669666907 ], [ -112.005317247798004, 40.002957665199702 ] ], [ [ -112.011580125647995, 39.99793331964711 ], [ -112.014297829713001, 39.995795053319192 ], [ -112.015241561804004, 39.9932191678555 ], [ -112.014297829726004, 39.995795054220096 ], [ -112.011580125647995, 39.99793331964711 ] ], [ [ -112.013102762450004, 39.950503911330607 ], [ -112.012899523062245, 39.952721837243303 ], [ -112.012899523049001, 39.952721836345191 ], [ -112.013102762450004, 39.950503911330607 ] ], [ [ -112.100219406565003, 40.383710491402603 ], [ -112.098308050151019, 40.3815072691037 ], [ -112.097543250176017, 40.378510852488695 ], [ -112.098308050135998, 40.381507268202895 ], [ -112.100219406565003, 40.383710491402603 ] ], [ [ -112.09340332486201, 40.369008893447301 ], [ -112.093952944256003, 40.369271853311197 ], [ -112.094428042060997, 40.369744083153996 ], [ -112.093952943079003, 40.369271853322296 ], [ -112.09340332486201, 40.369008893447301 ] ], [ [ -112.095485943244, 40.370121405349003 ], [ -112.096343314066999, 40.370143075285498 ], [ -112.097045852468, 40.370225798487709 ], [ -112.096343312889005, 40.370143075296696 ], [ -112.095485943244, 40.370121405349003 ] ], [ [ -112.098027808900994, 40.370722998139506 ], [ -112.097045852468, 40.370225798487709 ], [ -112.098027809697058, 40.370722997935424 ], [ -112.098027808900994, 40.370722998139506 ] ], [ [ -112.100927059542997, 40.371738268110299 ], [ -112.100445601369003, 40.37087878681529 ], [ -112.10030398513328, 40.370627676725825 ], [ -112.101825341818, 40.371878689021692 ], [ -112.100927059542997, 40.371738268110299 ] ], [ [ -112.102801042918003, 40.371988569332288 ], [ -112.103312743516994, 40.372311435660897 ], [ -112.101825341818, 40.371878689021692 ], [ -112.102801042918003, 40.371988569332288 ] ], [ [ -112.107994477682993, 40.376077115720605 ], [ -112.109801122544994, 40.379337267794305 ], [ -112.115294058553999, 40.381668036139509 ], [ -112.109801121366999, 40.37933726780561 ], [ -112.107994477682993, 40.376077115720605 ] ], [ [ -112.123329477819993, 40.384569772207399 ], [ -112.119421404576002, 40.383862793638897 ], [ -112.123329477923704, 40.384569772001583 ], [ -112.123329477819993, 40.384569772207399 ] ], [ [ -112.130476816172006, 40.380924691923397 ], [ -112.126768623407997, 40.380513958721792 ], [ -112.130476816261293, 40.380924691791336 ], [ -112.130476816172006, 40.380924691923397 ] ], [ [ -112.117212979615942, 40.362962778429555 ], [ -112.116345276017171, 40.362737898641086 ], [ -112.116345276439006, 40.362737898433686 ], [ -112.117212979615942, 40.362962778429555 ] ], [ [ -112.119423993167999, 40.348704326253987 ], [ -112.119177039188003, 40.348189810875908 ], [ -112.118925827528685, 40.347666415831235 ], [ -112.119177039172996, 40.348189809975104 ], [ -112.119423993167999, 40.348704326253987 ] ], [ [ -112.035530725090993, 40.261524949675803 ], [ -112.034258824120002, 40.261542095685783 ], [ -112.034258823861506, 40.261542095683943 ], [ -112.035530725090993, 40.261524949675803 ] ], [ [ -112.031254170897995, 40.083792872126693 ], [ -112.032317251894995, 40.085126781698499 ], [ -112.032317250015353, 40.085126781705469 ], [ -112.031254170897995, 40.083792872126693 ] ], [ [ -112.148387812710993, 40.241294919580497 ], [ -112.149955808640001, 40.240770963689101 ], [ -112.148862415525301, 40.241136331500464 ], [ -112.148387812710993, 40.241294919580497 ] ], [ [ -112.148954937367321, 40.268947636899647 ], [ -112.139644369305003, 40.268956932175705 ], [ -112.139644369299006, 40.2689569312749 ], [ -112.148954937367321, 40.268947636899647 ] ], [ [ -112.129957064640408, 40.276199673327646 ], [ -112.129957064639996, 40.276199673303402 ], [ -112.139693326140005, 40.2763055345686 ], [ -112.129957064640408, 40.276199673327646 ] ], [ [ -112.130054890189996, 40.2820750703426 ], [ -112.128180144013001, 40.280460397273792 ], [ -112.130054890172701, 40.28207506930336 ], [ -112.130054890189996, 40.2820750703426 ] ], [ [ -112.122543416529012, 40.278369933385207 ], [ -112.123316261509004, 40.2799356457204 ], [ -112.126908805874962, 40.282618077943951 ], [ -112.123316261523996, 40.279935646621084 ], [ -112.122543416529012, 40.278369933385207 ] ], [ [ -112.121869884500981, 40.282810068484629 ], [ -112.121869884562997, 40.282810068352909 ], [ -112.122194296921734, 40.282845077435027 ], [ -112.121869884500981, 40.282810068484629 ] ], [ [ -112.120331980301003, 40.284986946205009 ], [ -112.120331980193399, 40.2849869465079 ], [ -112.120239975971998, 40.284534650973995 ], [ -112.120331980301003, 40.284986946205009 ] ], [ [ -112.121713250219017, 40.287204664012798 ], [ -112.120741324221996, 40.287156874966094 ], [ -112.122824145178996, 40.286621810053902 ], [ -112.121713250219017, 40.287204664012798 ] ], [ [ -112.127024840763994, 40.2876679104494 ], [ -112.124771777958998, 40.2869461376971 ], [ -112.12933836201401, 40.287530934612199 ], [ -112.127024840763994, 40.2876679104494 ] ], [ [ -112.127652684867996, 40.29847403520121 ], [ -112.12944174740602, 40.298227751380004 ], [ -112.126764801126996, 40.298997554688597 ], [ -112.127652684867996, 40.29847403520121 ] ], [ [ -112.13072991577539, 40.298005346037264 ], [ -112.12944174740602, 40.298227751380004 ], [ -112.130729914933994, 40.298005345087603 ], [ -112.13072991577539, 40.298005346037264 ] ], [ [ -112.131247204301005, 40.304467073638499 ], [ -112.131137758563, 40.30262588981789 ], [ -112.131247204285998, 40.304467072737708 ], [ -112.133889264977, 40.305049147047001 ], [ -112.131247204301005, 40.304467073638499 ] ], [ [ -112.101288643768996, 40.2629441254497 ], [ -112.100500940968999, 40.262337825248594 ], [ -112.100948895027003, 40.262619603359887 ], [ -112.101288643754003, 40.262944124549001 ], [ -112.101636670360847, 40.263081061051174 ], [ -112.101288643768996, 40.2629441254497 ] ], [ [ -112.09962233548751, 40.261881362862589 ], [ -112.099942851856994, 40.2619796220797 ], [ -112.100194047165004, 40.262120254557601 ], [ -112.099942851872001, 40.261979622980398 ], [ -112.09962233548751, 40.261881362862589 ] ], [ [ -112.098390964474007, 40.261255427138792 ], [ -112.098497371779843, 40.261310650099645 ], [ -112.098390964488004, 40.261255428039604 ], [ -112.098230020931993, 40.260923241679301 ], [ -112.098348512049, 40.261035340910205 ], [ -112.098390964474007, 40.261255427138792 ] ], [ [ -112.047242053074001, 40.268908037004891 ], [ -112.047052642606005, 40.268410301915594 ], [ -112.047051412675003, 40.268407040027007 ], [ -112.047052642592007, 40.268410301014804 ], [ -112.047242053074001, 40.268908037004891 ] ], [ [ -112.139068059115004, 40.232314775550186 ], [ -112.158250842727995, 40.232326337400785 ], [ -112.139068059139689, 40.232314776450913 ], [ -112.139068059115004, 40.232314775550186 ] ], [ [ -112.134384354895005, 40.235968512754511 ], [ -112.139167946213306, 40.235959120059327 ], [ -112.139167946238004, 40.235959120960104 ], [ -112.134384354895005, 40.235968512754511 ] ], [ [ -112.130548468604999, 40.227538970041898 ], [ -112.134284775699172, 40.228678805706451 ], [ -112.132056129590012, 40.228682649767293 ], [ -112.130548468620006, 40.227538970942703 ], [ -112.129569849689005, 40.217772494865393 ], [ -112.130548468604999, 40.227538970041898 ] ], [ [ -112.122663296303003, 40.217754780116294 ], [ -112.120182471031995, 40.216578092893094 ], [ -112.129569849689005, 40.217772494865393 ], [ -112.122663296303003, 40.217754780116294 ] ], [ [ -112.130448245474994, 40.1713768140025 ], [ -112.130448245457998, 40.171376814750204 ], [ -112.130147274658, 40.169937095736493 ], [ -112.130448245474994, 40.1713768140025 ] ], [ [ -112.141409202290006, 40.095360551257002 ], [ -112.140852223237886, 40.099180001650907 ], [ -112.140852223104005, 40.099180001565301 ], [ -112.141409202290006, 40.095360551257002 ] ], [ [ -112.074656220392001, 40.034856004371903 ], [ -112.074656221246713, 40.034856004427844 ], [ -112.072427358210007, 40.03532561978539 ], [ -112.074656220392001, 40.034856004371903 ] ], [ [ -112.072426483135004, 40.042644140147097 ], [ -112.072117707093994, 40.041077298873695 ], [ -112.071605920728999, 40.038102333432796 ], [ -112.072117707079997, 40.04107729797289 ], [ -112.072426483135004, 40.042644140147097 ] ], [ [ -112.058291470082168, 40.057237360254746 ], [ -112.060845932400994, 40.055133209408794 ], [ -112.058291470559993, 40.057237359904299 ], [ -112.058291470082168, 40.057237360254746 ] ], [ [ -112.045201192850001, 40.263970022263599 ], [ -112.045112713437021, 40.263791968372495 ], [ -112.044994353256996, 40.263558595157299 ], [ -112.045112713422995, 40.263791967471697 ], [ -112.045201192850001, 40.263970022263599 ] ], [ [ -112.045768137734001, 40.265170672244096 ], [ -112.045849876004993, 40.265354521729783 ], [ -112.045584779465003, 40.264768996383502 ], [ -112.045684351839, 40.264985409645817 ], [ -112.045768137734001, 40.265170672244096 ] ], [ [ -112.046088064430236, 40.265909286951405 ], [ -112.046068469497001, 40.265862143170793 ], [ -112.046052735120128, 40.265825059669815 ], [ -112.046068469483004, 40.265862142270002 ], [ -112.046088064430236, 40.265909286951405 ] ], [ [ -112.046316943460965, 40.266470128947866 ], [ -112.046302167668003, 40.266433078014899 ], [ -112.046216427445003, 40.266219793483003 ], [ -112.046302167654005, 40.266433077114094 ], [ -112.046316943460965, 40.266470128947866 ] ], [ [ -112.139723956257001, 40.314316619804011 ], [ -112.139623271627997, 40.312773012541207 ], [ -112.137166231984054, 40.310736370463708 ], [ -112.139623271613004, 40.312773011640402 ], [ -112.139723956257001, 40.314316619804011 ] ], [ [ -112.137426825201388, 40.315483378167642 ], [ -112.13857262971402, 40.316959497569009 ], [ -112.137426824946004, 40.31548337872001 ], [ -112.137426825201388, 40.315483378167642 ] ], [ [ -112.140642137308006, 40.320028305275692 ], [ -112.141583177076996, 40.322650557319697 ], [ -112.141583176973427, 40.322650557889979 ], [ -112.140642137308006, 40.320028305275692 ] ], [ [ -112.129557437944996, 40.32311186434621 ], [ -112.131742763166997, 40.324177442516998 ], [ -112.134223255639, 40.325011255250303 ], [ -112.131742761991006, 40.324177442528494 ], [ -112.129557437944996, 40.32311186434621 ] ], [ [ -112.117450943950999, 40.317604194276797 ], [ -112.116477970373893, 40.317613589633048 ], [ -112.116477970374007, 40.317613589632991 ], [ -112.117450943950999, 40.317604194276797 ] ], [ [ -112.102237563540001, 40.31285145518919 ], [ -112.102218815404996, 40.312739953262103 ], [ -112.102383759310996, 40.313720907350991 ], [ -112.102237563540001, 40.31285145518919 ] ], [ [ -112.116101706073408, 40.323129392522148 ], [ -112.115349435864005, 40.322361965405705 ], [ -112.116101706338995, 40.323129391907599 ], [ -112.116101706073408, 40.323129392522148 ] ], [ [ -112.044272815512002, 40.329190427662503 ], [ -112.044125981009998, 40.329261923784394 ], [ -112.043974734575016, 40.329339248752895 ], [ -112.044125980996, 40.329261922883603 ], [ -112.044272815512002, 40.329190427662503 ] ], [ [ -112.006623343635994, 40.246912645245899 ], [ -112.009102720710999, 40.246923938430996 ], [ -112.005801757100997, 40.246908891558682 ], [ -112.006623343635994, 40.246912645245899 ] ], [ [ -112.015285818031003, 40.299530904363699 ], [ -112.015280380853, 40.300301719474895 ], [ -112.015278770134998, 40.300529895399805 ], [ -112.015285818031003, 40.299530904363699 ] ], [ [ -111.945042750309, 40.408724918128293 ], [ -111.945039541713996, 40.408674998638496 ], [ -111.945038833378021, 40.408663959433895 ], [ -111.945039542892999, 40.408674998628804 ], [ -111.945042750309, 40.408724918128293 ] ], [ [ -111.945038336390439, 40.398483147396419 ], [ -111.945118784791006, 40.400317932915407 ], [ -111.945038335210995, 40.398483147395986 ], [ -111.945038336390439, 40.398483147396419 ] ], [ [ -111.994029614629994, 40.334638031880999 ], [ -111.993735873814998, 40.334278521505695 ], [ -111.995638989658005, 40.336607668447407 ], [ -111.994029614629994, 40.334638031880999 ] ], [ [ -112.02116602824502, 40.344688428756804 ], [ -112.020900440353998, 40.344629166946596 ], [ -112.020999859727013, 40.344651350647908 ], [ -112.02116602824502, 40.344688428756804 ] ], [ [ -112.001403019085004, 40.391434452823795 ], [ -112.02064374146201, 40.391391185174186 ], [ -112.020909928926997, 40.391390564029201 ], [ -112.020643740284001, 40.391391185184602 ], [ -112.001403019085004, 40.391434452823795 ] ], [ [ -111.983274770213995, 40.391384801188785 ], [ -111.986843785049999, 40.39139594971639 ], [ -111.992710785135003, 40.39145294895669 ], [ -111.978500926557643, 40.391369717679822 ], [ -111.983274770213995, 40.391384801188785 ] ], [ [ -111.840131744678033, 40.417343966953638 ], [ -111.839476758960004, 40.417606963947399 ], [ -111.840131743830526, 40.417343952993143 ], [ -111.840131744678033, 40.417343966953638 ] ], [ [ -111.831533508905963, 39.950743576752274 ], [ -111.830374114633017, 39.952295881097001 ], [ -111.831533507955001, 39.950743576467403 ], [ -111.831533508905963, 39.950743576752274 ] ], [ [ -111.851085226907998, 39.966334892899702 ], [ -111.850245890824993, 39.967354173863193 ], [ -111.849181562688003, 39.9689710512788 ], [ -111.850245889654005, 39.96735417387179 ], [ -111.851085226907998, 39.966334892899702 ] ], [ [ -111.847871584046999, 39.96951699938699 ], [ -111.845941996733245, 39.970067456215446 ], [ -111.849181562688003, 39.9689710512788 ], [ -111.847871584046999, 39.96951699938699 ] ], [ [ -111.837004246150997, 39.954875896367803 ], [ -111.836690888944645, 39.954580181842339 ], [ -111.836690889666002, 39.954580181409497 ], [ -111.837004246150997, 39.954875896367803 ] ], [ [ -111.835042363967005, 39.952744605135095 ], [ -111.836277602658996, 39.952437722806202 ], [ -111.836964294042005, 39.951598428463207 ], [ -111.836277603829004, 39.952437722797704 ], [ -111.835042363967005, 39.952744605135095 ] ], [ [ -111.867170503693004, 40.28432848347029 ], [ -111.867170503500375, 40.284328484022261 ], [ -111.866836412873994, 40.283758902578597 ], [ -111.867170503693004, 40.28432848347029 ] ], [ [ -111.886053821448002, 40.437390922243303 ], [ -111.884897747641006, 40.43699392442111 ], [ -111.885342363674994, 40.437146608263099 ], [ -111.886053821448002, 40.437390922243303 ] ], [ [ -111.888745760120003, 40.434708924107802 ], [ -111.888394160991993, 40.434447730159803 ], [ -111.887294741572006, 40.433630978183103 ], [ -111.888745760120003, 40.434708924107802 ] ], [ [ -111.816530563072021, 39.949877950110199 ], [ -111.816710186006006, 39.949877102868797 ], [ -111.816065778495016, 39.949880141668203 ], [ -111.816530563072021, 39.949877950110199 ] ], [ [ -111.825030720116629, 39.951756266527276 ], [ -111.82521524955601, 39.951653684707608 ], [ -111.825771873304063, 39.951578206607891 ], [ -111.825215250726004, 39.951653684699295 ], [ -111.825030720116629, 39.951756266527276 ] ], [ [ -111.823126489434003, 39.953110748101409 ], [ -111.822133245014001, 39.952939009372486 ], [ -111.822160935404995, 39.952664673557692 ], [ -111.822133246185018, 39.952939009364208 ], [ -111.823126489434003, 39.953110748101409 ] ], [ [ -111.821082099959995, 39.950514957839992 ], [ -111.820567947596999, 39.950256377663592 ], [ -111.819961457906018, 39.950046124144698 ], [ -111.820567948767007, 39.950256377655293 ], [ -111.821082099959995, 39.950514957839992 ] ], [ [ -111.819294310329994, 39.949943569444692 ], [ -111.819961457906018, 39.950046124144698 ], [ -111.818690099438015, 39.949923999152695 ], [ -111.819294310329994, 39.949943569444692 ] ], [ [ -111.837734762362999, 40.417745931799402 ], [ -111.837734758050999, 40.417745964263005 ], [ -111.837511706094006, 40.417845920680293 ], [ -111.837734762362999, 40.417745931799402 ] ], [ [ -111.674944248258001, 40.076039067623292 ], [ -111.676407394836005, 40.073311021068591 ], [ -111.673924682646998, 40.0779399173191 ], [ -111.674944248258001, 40.076039067623292 ] ], [ [ -111.672659079917068, 40.070999821936702 ], [ -111.672659079917068, 40.070999821936702 ], [ -111.673160190854006, 40.070999200508602 ], [ -111.672659079917068, 40.070999821936702 ] ], [ [ -111.704246701258, 40.067402906605999 ], [ -111.704677617959007, 40.067058099669701 ], [ -111.707049718611003, 40.065159925883407 ], [ -111.704246701258, 40.067402906605999 ] ], [ [ -111.698085207366006, 40.057373721008098 ], [ -111.698062642162, 40.057373639840513 ], [ -111.707371370017995, 40.057406625463003 ], [ -111.698085207366006, 40.057373721008098 ] ], [ [ -111.69175661838544, 40.04859620026054 ], [ -111.691446682960006, 40.048651930511305 ], [ -111.691756618392006, 40.048596197551802 ], [ -111.69175661838544, 40.04859620026054 ] ], [ [ -111.720873880457304, 40.067791034765499 ], [ -111.721603709546002, 40.0681838753599 ], [ -111.720873880457304, 40.067791034765499 ], [ -111.720873880457304, 40.067791034765499 ] ], [ [ -111.722416471174, 40.022538893463292 ], [ -111.722416471165374, 40.022538894195812 ], [ -111.722412815646209, 40.022505862856171 ], [ -111.722416471174, 40.022538893463292 ] ], [ [ -111.720454933368998, 40.023237642128805 ], [ -111.721705677201001, 40.023243966425007 ], [ -111.720454933369041, 40.023237642142035 ], [ -111.720454933368998, 40.023237642128805 ] ], [ [ -111.717552471228998, 40.037997773552704 ], [ -111.717442688126994, 40.03784288873549 ], [ -111.718338694661995, 40.039106973037683 ], [ -111.717552471228998, 40.037997773552704 ] ], [ [ -111.720983493256995, 40.121991898476509 ], [ -111.718840775847013, 40.122010094118899 ], [ -111.711531741122997, 40.122071862281395 ], [ -111.720983493256995, 40.121991898476509 ] ], [ [ -111.688030190578004, 40.076499560132596 ], [ -111.685151668667999, 40.078013931569593 ], [ -111.688279548142006, 40.076368368032902 ], [ -111.688030190578004, 40.076499560132596 ] ], [ [ -111.745292735071317, 40.413937978352372 ], [ -111.745292735296999, 40.413937978992102 ], [ -111.745178739780997, 40.414075970915199 ], [ -111.745292735071317, 40.413937978352372 ] ], [ [ -111.701600591890994, 40.363615331325704 ], [ -111.702120838731005, 40.3639126238945 ], [ -111.702343535303001, 40.364039882347292 ], [ -111.701600591890994, 40.363615331325704 ] ], [ [ -111.674403081605007, 40.335081073102693 ], [ -111.673724959563003, 40.335800130153409 ], [ -111.673390632932012, 40.336636365503409 ], [ -111.673724959553994, 40.335800129252597 ], [ -111.674403081605007, 40.335081073102693 ] ], [ [ -111.753344774884994, 40.326137978084802 ], [ -111.758647778260993, 40.326114939106787 ], [ -111.754004635380994, 40.326135124742599 ], [ -111.753344774884994, 40.326137978084802 ] ], [ [ -111.629354216207005, 40.055812921678893 ], [ -111.629590023204997, 40.056154907106894 ], [ -111.628851038842001, 40.055744139125601 ], [ -111.629354216207005, 40.055812921678893 ] ], [ [ -111.625393492000015, 40.053174046502299 ], [ -111.625661240599015, 40.053959254880901 ], [ -111.624884982420994, 40.052518860335198 ], [ -111.625393492000015, 40.053174046502299 ] ], [ [ -111.672290515512998, 40.07124685725119 ], [ -111.672088579481013, 40.07124485939481 ], [ -111.672569046919008, 40.071249611069703 ], [ -111.672290515512998, 40.07124685725119 ] ], [ [ -111.63088941717902, 40.144712501984593 ], [ -111.630098649677009, 40.144718906781499 ], [ -111.631693738248998, 40.144705981813097 ], [ -111.63088941717902, 40.144712501984593 ] ], [ [ -111.659692558309985, 40.31855438386448 ], [ -111.659192681719006, 40.318576983371301 ], [ -111.659692558203005, 40.318554383822793 ], [ -111.659692558309985, 40.31855438386448 ] ], [ [ -111.655755503494007, 40.312210344262205 ], [ -111.655740689203014, 40.312237989238803 ], [ -111.655874670334995, 40.311987944612902 ], [ -111.655755503494007, 40.312210344262205 ] ], [ [ -111.635824701556999, 40.296137966790205 ], [ -111.63589470211501, 40.295801965881388 ], [ -111.636086701430003, 40.295427966211101 ], [ -111.635894702124006, 40.2958019667823 ], [ -111.635824701556999, 40.296137966790205 ] ], [ [ -111.636128701952998, 40.294793966888498 ], [ -111.636086701430003, 40.295427966211101 ], [ -111.636128701894634, 40.294793966747832 ], [ -111.636128701952998, 40.294793966888498 ] ], [ [ -111.629181702647003, 40.245197979672696 ], [ -111.629251996460994, 40.245214107086305 ], [ -111.629386931214995, 40.244991827589409 ], [ -111.629251996470003, 40.245214107987103 ], [ -111.629181702647003, 40.245197979672696 ] ], [ [ -111.627072531991004, 40.223294060607898 ], [ -111.627129082894001, 40.2236191490382 ], [ -111.626701656213001, 40.221161969316491 ], [ -111.627072531991004, 40.223294060607898 ] ], [ [ -111.625283688940996, 40.216902959117391 ], [ -111.625322689545015, 40.217045958749196 ], [ -111.625384689054002, 40.217140959187397 ], [ -111.624919689090007, 40.216448958601703 ], [ -111.625283688940996, 40.216902959117391 ] ], [ [ -111.624443579282001, 40.214998954322503 ], [ -111.624307688881999, 40.214643959230997 ], [ -111.624131688019006, 40.2144929579866 ], [ -111.624307688873003, 40.2146439583301 ], [ -111.624443579282001, 40.214998954322503 ] ], [ [ -111.623453576463646, 40.213351879118015 ], [ -111.623438688324001, 40.2133159592588 ], [ -111.623124688348994, 40.2128799580695 ], [ -111.623438688315005, 40.213315958357903 ], [ -111.623453576463646, 40.213351879118015 ] ], [ [ -111.621559687865997, 40.210564958486408 ], [ -111.621480696404021, 40.210384979573007 ], [ -111.621406648866994, 40.210273944516501 ], [ -111.621480696396006, 40.210384978672209 ], [ -111.621559687865997, 40.210564958486408 ] ], [ [ -111.628303670208012, 40.224529003192501 ], [ -111.628707681551006, 40.224615216415401 ], [ -111.628920612998996, 40.2246606542138 ], [ -111.628303670208012, 40.224529003192501 ] ], [ [ -111.488663096097, 40.106634573326602 ], [ -111.481998063001001, 40.112383595094201 ], [ -111.478049515703006, 40.116023316956607 ], [ -111.481998061827994, 40.112383595098997 ], [ -111.488663096097, 40.106634573326602 ] ], [ [ -111.597236722595994, 40.071224932043783 ], [ -111.597285822803002, 40.075372833388194 ], [ -111.597307480636999, 40.076075941803197 ], [ -111.597285822811003, 40.075372834289084 ], [ -111.597236722595994, 40.071224932043783 ] ], [ [ -111.598219660428001, 40.149758965778197 ], [ -111.598223625756006, 40.149098603951195 ], [ -111.598225671785002, 40.148757980685694 ], [ -111.598219660428001, 40.149758965778197 ] ], [ [ -111.540223792733002, 40.140626067950485 ], [ -111.537982296059994, 40.139969047395091 ], [ -111.543831170445003, 40.141181288975986 ], [ -111.540223792733002, 40.140626067950485 ] ], [ [ -111.532147016788002, 40.140472764361682 ], [ -111.528808933541995, 40.142585776095892 ], [ -111.525464766057993, 40.143935911200884 ], [ -111.528808933535004, 40.142585775194995 ], [ -111.532147016780996, 40.1404727634607 ], [ -111.534500008833021, 40.139508417867191 ], [ -111.532147016788002, 40.140472764361682 ] ], [ [ -111.506801591653996, 40.140395758686502 ], [ -111.503431050591999, 40.138217387694993 ], [ -111.510290166044001, 40.141715352504704 ], [ -111.506801591653996, 40.140395758686502 ] ], [ [ -111.496818309163999, 40.134336552219303 ], [ -111.493195969884994, 40.135046191702301 ], [ -111.496818309157007, 40.134336551318398 ], [ -111.499678962705005, 40.134800999302698 ], [ -111.496818309163999, 40.134336552219303 ] ], [ [ -111.484626817180995, 40.135425632583598 ], [ -111.488432512253482, 40.135299391373181 ], [ -111.480759005075001, 40.13658596811959 ], [ -111.484626817180995, 40.135425632583598 ] ], [ [ -111.477688152130995, 40.134481880262399 ], [ -111.479343599986009, 40.136706256591189 ], [ -111.476035606731998, 40.132657942437305 ], [ -111.477688152130995, 40.134481880262399 ] ], [ [ -111.472676464935006, 40.131927962890998 ], [ -111.476035606731998, 40.132657942437305 ], [ -111.472676463761019, 40.131927962895794 ], [ -111.471022140784996, 40.129817905564401 ], [ -111.472676464935006, 40.131927962890998 ] ], [ [ -111.471503927192998, 40.124037656078286 ], [ -111.471740942769017, 40.125981857758092 ], [ -111.471740942706106, 40.125981858093866 ], [ -111.471503927192998, 40.124037656078286 ] ], [ [ -111.584646446169998, 40.169595214794491 ], [ -111.582954185833998, 40.169374907362602 ], [ -111.582005861417997, 40.16894106616779 ], [ -111.582954185827006, 40.169374906461691 ], [ -111.583923456874004, 40.169350951829706 ], [ -111.584646446169998, 40.169595214794491 ] ], [ [ -111.581477189026998, 40.168161849818894 ], [ -111.580314694513007, 40.166679968338393 ], [ -111.580339428654995, 40.1666803470942 ], [ -111.581123338134006, 40.167477103472301 ], [ -111.581477189026998, 40.168161849818894 ] ], [ [ -111.575024286182, 40.1664205606641 ], [ -111.575448291993993, 40.166590084454391 ], [ -111.576109701923997, 40.166685921976097 ], [ -111.575448292002008, 40.166590085355303 ], [ -111.575024286182, 40.1664205606641 ] ], [ [ -111.570609294652002, 40.158661805729999 ], [ -111.565490128373995, 40.155769192309506 ], [ -111.567533424673996, 40.156407579177191 ], [ -111.568932812617007, 40.157316077090002 ], [ -111.570609294652002, 40.158661805729999 ] ], [ [ -111.564942742268002, 40.155695583685791 ], [ -111.564045531733996, 40.155394836114901 ], [ -111.565490128373995, 40.155769192309506 ], [ -111.564942742268002, 40.155695583685791 ] ] ] } },
{ "type": "Feature", "properties": { "name": "Washington County" }, "geometry": { "type": "Polygon", "coordinates": [ [ [ -114.052361767674, 37.604795748112799 ], [ -114.052534659242994, 37.104204328965203 ], [ -114.050063413890996, 37.000196187454208 ], [ -113.439586103604015, 36.999967209300792 ], [ -112.899213273413011, 37.000310896655897 ], [ -112.899190133816006, 37.1370108363109 ], [ -112.899192840411004, 37.140644059128199 ], [ -112.899087433141005, 37.274135383157194 ], [ -112.899089225797994, 37.279384130750806 ], [ -112.899089985005006, 37.281531121121802 ], [ -112.901287512921996, 37.281532424317589 ], [ -112.900935772604996, 37.500027885554005 ], [ -113.037099914004997, 37.499753287571608 ], [ -113.037060034549, 37.474479269299593 ], [ -113.146095166810994, 37.474303567462904 ], [ -113.146121822525004, 37.481033458118603 ], [ -113.253501652229019, 37.482159844398097 ], [ -113.253352030252998, 37.528988399990688 ], [ -113.474040877416002, 37.52909055425269 ], [ -113.474028934464997, 37.553537680645796 ], [ -113.477003554753011, 37.552876353595103 ], [ -113.474028934347004, 37.553537694165392 ], [ -113.474033812786018, 37.5549069832092 ], [ -113.474496507251999, 37.618294579101089 ], [ -113.587784675462004, 37.6182289144732 ], [ -113.587808926535999, 37.604616256476497 ], [ -113.647933201933995, 37.604872388937203 ], [ -113.648703154567002, 37.604876208265097 ], [ -114.052361767674, 37.604795748112799 ] ], [ [ -113.615727194111003, 37.337327108834401 ], [ -113.614957980127016, 37.3375409995474 ], [ -113.614957978425508, 37.337540999443114 ], [ -113.615727194111003, 37.337327108834401 ] ] ] } },
{ "type": "Feature", "properties": { "name": "Weber County" }, "geometry": { "type": "Polygon", "coordinates": [ [ [ -112.493529314219998, 41.07688955583339 ], [ -112.186705088628003, 41.153034268173201 ], [ -111.971016073040005, 41.152654014433395 ], [ -111.962334004328, 41.149408935274096 ], [ -111.957324474339003, 41.145654863549694 ], [ -111.956202852841002, 41.140637986490596 ], [ -111.949500875761004, 41.1380793461488 ], [ -111.934096014787002, 41.138365998747098 ], [ -111.931073994029006, 41.136976860482605 ], [ -111.928485074985005, 41.138578187660499 ], [ -111.920921744859001, 41.138676374951594 ], [ -111.915108778407017, 41.137423315958088 ], [ -111.913618649792994, 41.135093369215099 ], [ -111.910766969378997, 41.134581243010899 ], [ -111.888479673888995, 41.137751771015409 ], [ -111.861267534413997, 41.137517420099698 ], [ -111.861658510504, 41.140224697146792 ], [ -111.856259239788002, 41.139088619945305 ], [ -111.857523084543004, 41.148298780782795 ], [ -111.854808018653998, 41.150746582208392 ], [ -111.855022078241007, 41.15483906767129 ], [ -111.855244064613004, 41.154954521809998 ], [ -111.870477838385, 41.160988260807493 ], [ -111.871502022694003, 41.164970990438597 ], [ -111.876607873962996, 41.169750534174192 ], [ -111.868832231449005, 41.180781884691399 ], [ -111.872940491706999, 41.187578739006909 ], [ -111.872961677960006, 41.187827193828198 ], [ -111.860578982003005, 41.193693491271105 ], [ -111.858018827162994, 41.197725566935503 ], [ -111.839602937072996, 41.19941515039541 ], [ -111.828331624262006, 41.205009546469199 ], [ -111.817629058733999, 41.204703202640502 ], [ -111.813242656284004, 41.2087832654436 ], [ -111.812292998117996, 41.212046283758703 ], [ -111.808259137836998, 41.212367420910397 ], [ -111.806137296431004, 41.215886323665686 ], [ -111.799364718728995, 41.217131571942602 ], [ -111.793325165168, 41.215876218153099 ], [ -111.789886767965001, 41.218620206153297 ], [ -111.785377338071996, 41.217624163141195 ], [ -111.780993915283005, 41.218685367785099 ], [ -111.778642161971007, 41.216539425147594 ], [ -111.773681492105993, 41.218122200431701 ], [ -111.764186075731018, 41.211100975076093 ], [ -111.764648329094996, 41.207774027768892 ], [ -111.757650376117994, 41.210675755527703 ], [ -111.754780503928998, 41.214730097766001 ], [ -111.748202696012996, 41.214300114894598 ], [ -111.745992759003002, 41.212454341190195 ], [ -111.745222849203003, 41.20347403399721 ], [ -111.737045805175001, 41.20125218381839 ], [ -111.732666705236994, 41.197861655687909 ], [ -111.727672961367006, 41.197078108758291 ], [ -111.726755138168002, 41.193778028618787 ], [ -111.723070020766997, 41.192783339696909 ], [ -111.716935780616012, 41.1863360389519 ], [ -111.698632443505005, 41.181836499016505 ], [ -111.69522131357202, 41.18240662106259 ], [ -111.685586514345005, 41.180496158197407 ], [ -111.681691282033995, 41.181987562145409 ], [ -111.678082585230001, 41.181220675555195 ], [ -111.675829183082996, 41.183544439912509 ], [ -111.672266340752003, 41.183182457238594 ], [ -111.672616057162017, 41.185315279957194 ], [ -111.667374401052001, 41.187431092795201 ], [ -111.656896874508007, 41.1861392495627 ], [ -111.653630654127994, 41.189829439965401 ], [ -111.646361796736016, 41.192775500227107 ], [ -111.641672203835, 41.198571257078605 ], [ -111.631708645737007, 41.198648859821887 ], [ -111.624437584251993, 41.200314432014999 ], [ -111.622772178198005, 41.205800223917798 ], [ -111.614861135978003, 41.208014524733109 ], [ -111.611294824140998, 41.21059083744899 ], [ -111.606636573587011, 41.224122715040785 ], [ -111.609130250872994, 41.229280036743894 ], [ -111.596538121041007, 41.238669041227901 ], [ -111.591270435574003, 41.240758998741811 ], [ -111.583396338043997, 41.238326520266106 ], [ -111.560136376783007, 41.2402165590631 ], [ -111.554800381785995, 41.237909371691387 ], [ -111.535567529310995, 41.236167344107507 ], [ -111.526134731461994, 41.228757757297295 ], [ -111.52238221188, 41.230255729156795 ], [ -111.512848604694, 41.228731221534602 ], [ -111.510586026118006, 41.230835597165303 ], [ -111.506757566947002, 41.231059689503503 ], [ -111.503900983687998, 41.228878818237703 ], [ -111.496722121022003, 41.227045387035602 ], [ -111.497064004105013, 41.228863494904992 ], [ -111.491253169583999, 41.23761701901941 ], [ -111.494567369519004, 41.241142905026607 ], [ -111.484853234526, 41.243576695661197 ], [ -111.482486440374018, 41.245495394333794 ], [ -111.477341024116001, 41.245282637365094 ], [ -111.478108151919002, 41.250648108124203 ], [ -111.471520238265995, 41.251558041368391 ], [ -111.470979100446996, 41.25598308681181 ], [ -111.464292591676994, 41.258230665749089 ], [ -111.466742870364996, 41.262031054980305 ], [ -111.462185329598015, 41.266643411908483 ], [ -111.458093542461, 41.26794787918049 ], [ -111.457941927966004, 41.273587350081897 ], [ -111.445148427511, 41.277988282303802 ], [ -111.446133804780999, 41.285042049954896 ], [ -111.439997116556, 41.289704660559991 ], [ -111.442851393165014, 41.292346497752703 ], [ -111.439088629579004, 41.294923614691598 ], [ -111.442464972582002, 41.297905761281186 ], [ -111.444104193925, 41.306249614538999 ], [ -111.448434348998006, 41.310579052174198 ], [ -111.449372942723997, 41.315912461497199 ], [ -111.444918879423, 41.318019552013993 ], [ -111.443369231158997, 41.322074493897702 ], [ -111.437499477589, 41.323421085008604 ], [ -111.437787263939001, 41.334283264907903 ], [ -111.436346683777998, 41.336000195501299 ], [ -111.438166004896004, 41.338191157018201 ], [ -111.434422081343996, 41.34222727507931 ], [ -111.429647515575013, 41.341380461333102 ], [ -111.426217101700999, 41.343194750177602 ], [ -111.423767926273996, 41.347973352260198 ], [ -111.424025484235003, 41.356349524327392 ], [ -111.420739963059006, 41.361315787811392 ], [ -111.423807177209994, 41.365083236821995 ], [ -111.432592837569999, 41.362010470415093 ], [ -111.437214876271, 41.366631935445092 ], [ -111.445867697633005, 41.366931117925901 ], [ -111.445694102645007, 41.371278869729302 ], [ -111.447833448747005, 41.372864913158601 ], [ -111.459839583060997, 41.373758860974505 ], [ -111.462702414918994, 41.379503249417205 ], [ -111.477440626800998, 41.384203560836291 ], [ -111.478362933846995, 41.390919393903403 ], [ -111.475449540867004, 41.399835462397498 ], [ -111.482010820192016, 41.4014025038678 ], [ -111.484555552738996, 41.404805683304396 ], [ -111.490829621626006, 41.404836738809699 ], [ -111.499416439553997, 41.408322644831102 ], [ -111.501541256485993, 41.412357793419289 ], [ -111.508214693081001, 41.414256124105002 ], [ -111.506395039721994, 41.417993269846797 ], [ -111.510518718274994, 41.420452119770495 ], [ -111.510915776424, 41.423017504119301 ], [ -111.510844858319999, 41.423130414962309 ], [ -111.51756486475702, 41.421677190337498 ], [ -111.521420983536999, 41.416039075908905 ], [ -111.531807380689997, 41.414563796868904 ], [ -111.533596937031007, 41.411578518617098 ], [ -111.540322243527001, 41.408957510843294 ], [ -111.541534272030006, 41.405069554059395 ], [ -111.543614314590002, 41.405586689127198 ], [ -111.545132042876006, 41.409677943049807 ], [ -111.551369959574004, 41.413724130884688 ], [ -111.554249960237996, 41.423848268668102 ], [ -111.557555101092007, 41.424800607358293 ], [ -111.564356335797001, 41.423155100398795 ], [ -111.571475410871003, 41.425043064311801 ], [ -111.575034023748003, 41.428916577573901 ], [ -111.584047123803003, 41.418345893682897 ], [ -111.59854196280402, 41.421351070996799 ], [ -111.608984027570003, 41.4188957705056 ], [ -111.611353022694004, 41.419496618752795 ], [ -111.612391531889998, 41.421769996993405 ], [ -111.618578240535001, 41.422380937287407 ], [ -111.626622287350997, 41.417630981367104 ], [ -111.631331015517006, 41.4182537796924 ], [ -111.640107475055004, 41.414516709069687 ], [ -111.643120549472997, 41.410649191277301 ], [ -111.643895007539001, 41.406078043589297 ], [ -111.647735010025997, 41.405430465699702 ], [ -111.652556146532007, 41.407790218471703 ], [ -111.652346289682001, 41.410732365863893 ], [ -111.660589405767993, 41.418931711960298 ], [ -111.666668649527011, 41.428791382656485 ], [ -111.679193576535994, 41.427204863971397 ], [ -111.685660861727001, 41.423094215192094 ], [ -111.685158150296999, 41.42137767913831 ], [ -111.688551232530997, 41.420857506244083 ], [ -111.689651256580007, 41.418508967912295 ], [ -111.696007886347999, 41.417064618146902 ], [ -111.704622708393998, 41.421426754030399 ], [ -111.707416880508006, 41.425278322754906 ], [ -111.711875790388007, 41.423179098080901 ], [ -111.714015341857007, 41.425129470557302 ], [ -111.718840914872004, 41.424829197098994 ], [ -111.721465837913996, 41.427357378670202 ], [ -111.722883949719005, 41.423033893838998 ], [ -111.717834739487003, 41.416053176029308 ], [ -111.708450905508997, 41.412508339890302 ], [ -111.706721487368, 41.413018893286406 ], [ -111.706543285484017, 41.40485467786479 ], [ -111.712404556402007, 41.399287919281399 ], [ -111.710729417305004, 41.396510448183193 ], [ -111.712119057384996, 41.395051643728792 ], [ -111.716172361386995, 41.394886869892396 ], [ -111.726324854083003, 41.38557249222999 ], [ -111.726142601915996, 41.376070676493192 ], [ -111.737739345305016, 41.374217920575909 ], [ -111.746340345280004, 41.369780280410318 ], [ -111.752538130930006, 41.370636168705602 ], [ -111.760588310741994, 41.368822265574991 ], [ -111.766983320475006, 41.370275073553294 ], [ -111.771611877268001, 41.375927894516202 ], [ -111.780727690511995, 41.378618211882987 ], [ -111.783736899555009, 41.382232296052308 ], [ -111.789224815002996, 41.384577277997899 ], [ -111.792908086992995, 41.391433702078302 ], [ -111.797626293416997, 41.392369403189903 ], [ -111.813606106329999, 41.3879969629999 ], [ -111.820102125822004, 41.391914151649992 ], [ -111.827857030605003, 41.392696312790903 ], [ -111.829526560587993, 41.389473121783901 ], [ -111.833186631716003, 41.389937559135397 ], [ -111.836737314450005, 41.387943673844006 ], [ -111.842736729815996, 41.392200973068292 ], [ -111.854910365245004, 41.394339621062102 ], [ -111.857000568174001, 41.396743483723995 ], [ -111.861048532148004, 41.396195330435191 ], [ -111.862942068807996, 41.399626508641596 ], [ -111.868442740348002, 41.398562772476701 ], [ -111.875155546404997, 41.404938742459791 ], [ -111.875638753244999, 41.410186419997807 ], [ -111.879996349300001, 41.413913786675799 ], [ -111.879048094354999, 41.416794357676103 ], [ -111.872383835009003, 41.421772214706898 ], [ -111.885537749289, 41.426351082520291 ], [ -111.891314677311996, 41.423035870381298 ], [ -111.893024172208996, 41.418100947366995 ], [ -111.901431023940006, 41.41944504924831 ], [ -111.904894296731001, 41.418080256359794 ], [ -111.905508576976999, 41.414922817844499 ], [ -111.908214959627003, 41.415937341251002 ], [ -111.914078738453995, 41.413076075808696 ], [ -111.926366584389996, 41.412540930955011 ], [ -111.931888073412011, 41.416279464410088 ], [ -111.938308090638003, 41.415889504422701 ], [ -111.940558042458008, 41.420478432726796 ], [ -111.953373110724002, 41.428583208996208 ], [ -111.954950524016994, 41.432096525542093 ], [ -111.959067706707998, 41.433719636797399 ], [ -111.963771040085007, 41.425190850114099 ], [ -111.972541546510001, 41.419870223018805 ], [ -111.971508458496004, 41.414384424651693 ], [ -111.967620788340994, 41.409620732078906 ], [ -111.967459550623005, 41.395525435916596 ], [ -111.969267140213006, 41.391186642621498 ], [ -111.975811201971993, 41.384474812724214 ], [ -111.974232468720004, 41.382069684395006 ], [ -111.975319752123994, 41.378398934256104 ], [ -111.967998479127004, 41.370570198745696 ], [ -111.967611791888999, 41.369893385201493 ], [ -111.963434154820007, 41.36512744124979 ], [ -111.970191782485017, 41.363669998674801 ], [ -111.978076277184002, 41.358441952678383 ], [ -111.992224609385005, 41.353285633445992 ], [ -111.995988318523004, 41.349555537252392 ], [ -112.003169824055007, 41.3494661372401 ], [ -112.004207208568005, 41.346187360437497 ], [ -112.008397754080008, 41.343853799935999 ], [ -112.022148104585014, 41.343867604918998 ], [ -112.02868398823, 41.33651778198201 ], [ -112.238157305417005, 41.336557978320201 ], [ -112.250742553044006, 41.32385650007479 ], [ -112.309020477551996, 41.264777867550499 ], [ -112.323635362120996, 41.249941054091401 ], [ -112.375794870291998, 41.196865082434805 ], [ -112.455292501960002, 41.115894082802392 ], [ -112.481827636128997, 41.088795702838397 ], [ -112.493529314219998, 41.07688955583339 ] ], [ [ -112.026003586523004, 41.176222170911096 ], [ -112.026004658995006, 41.176581121822103 ], [ -112.025858377776004, 41.176222204260995 ], [ -112.026003586523004, 41.176222170911096 ] ], [ [ -111.947984980666192, 41.251468207328813 ], [ -111.947996174983004, 41.251468330424203 ], [ -111.947984979959998, 41.25146820822161 ], [ -111.947984980666192, 41.251468207328813 ] ], [ [ -111.927396080248002, 41.236115620924899 ], [ -111.927679075545001, 41.236228548913694 ], [ -111.927329105870001, 41.236103551359008 ], [ -111.927396080248002, 41.236115620924899 ] ], [ [ -111.938048606164003, 41.191647187329593 ], [ -111.937961574349004, 41.192041175742602 ], [ -111.938038238540997, 41.191694119424582 ], [ -111.938048606164003, 41.191647187329593 ] ], [ [ -111.929702485923997, 41.21594347928869 ], [ -111.929594650371001, 41.215977156087597 ], [ -111.929698938358001, 41.215944587058885 ], [ -111.929702485923997, 41.21594347928869 ] ], [ [ -111.928909869907002, 41.215847742645693 ], [ -111.928765419090993, 41.215618259163705 ], [ -111.928862742799012, 41.215721116331999 ], [ -111.928862768433007, 41.215721157560793 ], [ -111.928909869907002, 41.215847742645693 ] ], [ [ -111.862676873304011, 41.21590305034109 ], [ -111.862511828587003, 41.216437699477694 ], [ -111.862417873579005, 41.216742050405202 ], [ -111.862676873304011, 41.21590305034109 ] ], [ [ -111.93913109639, 41.256772216408109 ], [ -111.939053087622995, 41.256771261963991 ], [ -111.939273953878995, 41.256773964075883 ], [ -111.93913109639, 41.256772216408109 ] ], [ [ -111.931110502935994, 41.307177587807097 ], [ -111.931277880883997, 41.306851975304191 ], [ -111.931270022014004, 41.306824625149098 ], [ -111.931277889027001, 41.306851959925496 ], [ -111.931110502935994, 41.307177587807097 ] ] ] } },
{ "type": "Feature", "properties": { "name": "West Central Utah" }, "geometry": { "type": "Polygon", "coordinates": [ [ [ -112.870877980364, 38.147796332638087 ], [ -112.478822190103998, 38.147424347958903 ], [ -112.462441495578005, 38.150007111438399 ], [ -112.155789061291003, 38.150251061006095 ], [ -112.061070760568015, 38.149469011010801 ], [ -112.061205196329993, 38.145740677754297 ], [ -112.024605602227012, 38.145544169466099 ], [ -111.951326861995, 38.146031762082188 ], [ -111.951263181285995, 38.151228701736692 ], [ -111.843230801163998, 38.151233964807005 ], [ -111.843235174891007, 38.238203661951005 ], [ -111.848772137292997, 38.424938882431597 ], [ -111.844355546852, 38.428356604461996 ], [ -111.837242066301997, 38.428545528964889 ], [ -111.836792910840998, 38.434694932146193 ], [ -111.833880612315014, 38.439992224920907 ], [ -111.828173784187996, 38.4429525901473 ], [ -111.823580562331017, 38.457223918275702 ], [ -111.756313572159002, 38.510153054013806 ], [ -111.579127396863996, 38.510086754237292 ], [ -111.561944520341001, 38.510111844555198 ], [ -111.500745989894995, 38.510141543874894 ], [ -111.491279658167997, 38.510116119317004 ], [ -111.305676236566995, 38.510174836923717 ], [ -111.307022492529001, 38.672337325988003 ], [ -111.299149621118005, 38.672335016870498 ], [ -111.298443092023007, 38.751810059376297 ], [ -111.298167058074995, 39.017822532367006 ], [ -111.299363193654003, 39.017821903973299 ], [ -111.300930376305999, 39.303445299482902 ], [ -111.300935580390004, 39.303654121787609 ], [ -111.300916794973006, 39.467243268094293 ], [ -111.281837517037999, 39.4672113631866 ], [ -111.280335762494005, 39.4672101821646 ], [ -111.247759783031, 39.467204852029397 ], [ -111.247682632796, 39.507075327468193 ], [ -111.247673976547006, 39.510698489041395 ], [ -111.247507326618006, 39.813034013650089 ], [ -111.297083238501003, 39.8130583541909 ], [ -111.301924571190995, 39.813058928834401 ], [ -111.306812127726019, 39.81305931621479 ], [ -111.306812113790997, 39.812372928941699 ], [ -111.313265126065005, 39.812373788992403 ], [ -111.314000573879994, 39.812373920304708 ], [ -111.316206335757997, 39.8123743788586 ], [ -111.320036908494004, 39.812375590030108 ], [ -111.320903451345004, 39.812375809692099 ], [ -111.329417700229996, 39.812378258968984 ], [ -111.330298496818997, 39.812378549102291 ], [ -111.334101494718993, 39.812379824044406 ], [ -111.336929520983006, 39.812380737027397 ], [ -111.348182788982001, 39.812384197002203 ], [ -111.351332639546001, 39.812385303782605 ], [ -111.357609964736, 39.812387510882409 ], [ -111.358485502392, 39.812387782552499 ], [ -111.366999626758002, 39.812389188173505 ], [ -111.369238278783996, 39.812389187773491 ], [ -111.385728911631006, 39.812387184110598 ], [ -111.386694289263019, 39.812386673932309 ], [ -111.403672097430004, 39.812384136471209 ], [ -111.405488286220006, 39.812383877564002 ], [ -111.410185149707004, 39.812383406876101 ], [ -111.411352414245997, 39.812383329189799 ], [ -111.413088947559004, 39.812383187718204 ], [ -111.416049509709012, 39.812382889688102 ], [ -111.420395429698999, 39.812385697107899 ], [ -111.426286802771997, 39.812389428251002 ], [ -111.456281229932998, 39.812321940856897 ], [ -111.457730577470002, 39.812306631385702 ], [ -111.484434693677002, 39.81212555572489 ], [ -111.489154084210995, 39.812109449632899 ], [ -111.493860255539005, 39.812091316638799 ], [ -111.503272470577997, 39.812054839848791 ], [ -111.507978514911002, 39.812036586160296 ], [ -111.512718699920001, 39.812037990307907 ], [ -111.515615615353994, 39.812038919845001 ], [ -111.517458885075001, 39.812039473797398 ], [ -111.541055884681001, 39.8129605353136 ], [ -111.542395831579, 39.812993002672393 ], [ -111.551755379433999, 39.813051316487091 ], [ -111.551799187740997, 39.813050838760901 ], [ -111.561111606826003, 39.812915177728691 ], [ -111.561196531611003, 39.812913685811196 ], [ -111.575030029735998, 39.812815499409204 ], [ -111.575291220007998, 39.812824025617502 ], [ -111.579770615681994, 39.812970487503101 ], [ -111.579989152614004, 39.812977595348691 ], [ -111.589193901696007, 39.813061684589407 ], [ -111.589385368704001, 39.813059089477477 ], [ -111.606661743276007, 39.812937427995195 ], [ -111.612884395734994, 39.813031680772092 ], [ -111.626636473589997, 39.813097249335009 ], [ -111.626988792529005, 39.813092102457389 ], [ -111.708148220633007, 39.812341794282702 ], [ -111.712863585275002, 39.812327516817099 ], [ -111.719395529342009, 39.812309911489102 ], [ -111.731715735750996, 39.812287826864491 ], [ -111.754676791568997, 39.812271759932798 ], [ -111.766378282058, 39.810674360298897 ], [ -111.758480824187004, 39.824497954400385 ], [ -111.748908182546998, 39.832871802097699 ], [ -111.750118855568999, 39.84103147110131 ], [ -111.746695420422014, 39.849874255916902 ], [ -111.737769571353994, 39.851309882600503 ], [ -111.734091556878994, 39.853901037181799 ], [ -111.738065225536005, 39.864178629608801 ], [ -111.757647926743005, 39.876301281918792 ], [ -111.761000228607003, 39.88388815033781 ], [ -111.756949865902016, 39.888856553774701 ], [ -111.757542700170006, 39.890117663667503 ], [ -111.768399436495002, 39.898210039334494 ], [ -111.780486373246006, 39.9005655735941 ], [ -111.783088556788002, 39.90410780479241 ], [ -111.782161813879995, 39.907483724726994 ], [ -111.784510920646994, 39.908296757169701 ], [ -111.784647096816002, 39.908439992529303 ], [ -111.787210190558994, 39.909544339168008 ], [ -111.787873947055004, 39.914378088679101 ], [ -111.788494503486007, 39.91482435976161 ], [ -111.786749254602, 39.920385337381497 ], [ -111.786560280455006, 39.920743405695603 ], [ -111.788566548990005, 39.925797776713097 ], [ -111.797463125963006, 39.932094214625394 ], [ -111.798014769807011, 39.932130061948186 ], [ -111.805371138853005, 39.934795635677197 ], [ -111.810881600111998, 39.939581942910891 ], [ -111.810999646968995, 39.939666708811401 ], [ -111.816860459267005, 39.942231808428993 ], [ -111.816917921268001, 39.942260505875694 ], [ -111.820855315751999, 39.943615683380003 ], [ -111.823930153800006, 39.947702308786397 ], [ -111.825667424055993, 39.947613366152893 ], [ -111.831125370500004, 39.938668253324501 ], [ -111.831549823060996, 39.938343562335298 ], [ -111.831987776274005, 39.9311119086966 ], [ -111.831926429771997, 39.930878095599311 ], [ -111.832086416319996, 39.929593058199202 ], [ -111.832577414593004, 39.92906696823129 ], [ -111.833313383611994, 39.924133349501794 ], [ -111.840834439689004, 39.923862817422901 ], [ -111.841113937906002, 39.923752673198202 ], [ -111.851024469370003, 39.916112164434601 ], [ -111.855966951650998, 39.914620708343392 ], [ -111.858806916505998, 39.915299766896396 ], [ -111.858401589346002, 39.910480745309684 ], [ -111.862922045492994, 39.909059689709508 ], [ -111.866210075108995, 39.90575562030039 ], [ -111.873535490408003, 39.907290886829095 ], [ -111.877891161364005, 39.906199350511194 ], [ -111.881307831287998, 39.907614995685705 ], [ -111.883885052360995, 39.904239243489499 ], [ -111.885057274713006, 39.903514026470702 ], [ -111.888654913330001, 39.902184601483405 ], [ -111.88902700653, 39.902010564812997 ], [ -111.890519168951002, 39.901156701745002 ], [ -111.890834181556002, 39.900640726603399 ], [ -111.890914714735018, 39.898820134493 ], [ -111.891143863295994, 39.898358876589207 ], [ -111.892349472858996, 39.897966689623892 ], [ -111.893057860124998, 39.898019800768786 ], [ -111.896501812349001, 39.897407591525891 ], [ -111.900043783425005, 39.898659541447202 ], [ -111.900366082006997, 39.898706593189601 ], [ -111.902814176080994, 39.898511869440306 ], [ -111.903373057498996, 39.898313806244104 ], [ -111.904819473513996, 39.896224878193493 ], [ -111.909615120200002, 39.894440368689494 ], [ -111.915342383033007, 39.883660162434296 ], [ -111.921068212020003, 39.880159579849106 ], [ -111.921693938868998, 39.874487452010605 ], [ -111.926548864273002, 39.872908095411589 ], [ -111.925215592409003, 39.870278870715488 ], [ -111.928095215997018, 39.864877014005899 ], [ -111.931303545879004, 39.86436476828451 ], [ -111.934402577545995, 39.8609701778417 ], [ -111.934884284884006, 39.860714021734701 ], [ -111.938100894881003, 39.857822932178209 ], [ -111.937103071126018, 39.855371320813994 ], [ -111.948290554327002, 39.848996058889789 ], [ -111.950016796243006, 39.8389720173518 ], [ -111.948921616161002, 39.836674463062607 ], [ -111.949085416684994, 39.836263176512908 ], [ -111.950677061516004, 39.834304920445199 ], [ -111.954227502601, 39.835405603006997 ], [ -111.954831239263996, 39.835540288686694 ], [ -111.957699208807, 39.836719460083899 ], [ -111.961451099895015, 39.829201253497004 ], [ -111.964170298907007, 39.827273104232603 ], [ -111.962693584470998, 39.816077114623191 ], [ -111.969478474376999, 39.807114369341299 ], [ -111.977559854756009, 39.8073447890512 ], [ -111.989439186696998, 39.811734607686191 ], [ -111.990313763046004, 39.805514849060103 ], [ -111.994999265508, 39.801541058438509 ], [ -112.003079575997006, 39.800129916944101 ], [ -112.004682533945001, 39.795498493251891 ], [ -112.007522954954993, 39.79444673995841 ], [ -112.009775974761993, 39.795323637335109 ], [ -112.015843628135002, 39.791982074016097 ], [ -112.020090337751, 39.786926320933503 ], [ -112.024774492583006, 39.786524655213206 ], [ -112.025996686295002, 39.7827927771988 ], [ -112.030346627393996, 39.781222557008 ], [ -112.04157293984801, 39.783433369189993 ], [ -112.046801603182999, 39.777065896203901 ], [ -112.050607571287998, 39.776252148275709 ], [ -112.056014780965, 39.777455441026298 ], [ -112.06129586886, 39.782218531768194 ], [ -112.064322147282994, 39.781573639722502 ], [ -112.068338468464006, 39.777369673389799 ], [ -112.073848421527003, 39.779147819000393 ], [ -112.078694497786003, 39.778850597019407 ], [ -112.080697306792004, 39.78139977169419 ], [ -112.089854092729993, 39.781868240331399 ], [ -112.087187755114996, 39.786447726059109 ], [ -112.087276985499997, 39.790631959006895 ], [ -112.082441162315007, 39.793943235762683 ], [ -112.082424654128005, 39.793948073970704 ], [ -112.079597188701996, 39.796560057420997 ], [ -112.079322749930995, 39.796936518414199 ], [ -112.077375682235996, 39.801279330784098 ], [ -112.077710722562998, 39.801415874280892 ], [ -112.080055890864003, 39.802362619237499 ], [ -112.077767368772001, 39.809158381606494 ], [ -112.072720355181005, 39.812147758756595 ], [ -112.068273832161012, 39.827536977180799 ], [ -112.065426285607998, 39.830045360090104 ], [ -112.069845616436993, 39.834698783206299 ], [ -112.070400094158018, 39.838045304961497 ], [ -112.075223480391998, 39.839699039644294 ], [ -112.073998008388003, 39.847310125468397 ], [ -112.076948201445006, 39.8528417869408 ], [ -112.080636226443005, 39.853582325009107 ], [ -112.079518151488003, 39.857502963293697 ], [ -112.081543072572998, 39.862574598105901 ], [ -112.080132563253002, 39.8654483305912 ], [ -112.079552703264994, 39.865750149238004 ], [ -112.076232841966004, 39.866164822289903 ], [ -112.073046214642005, 39.86950541654361 ], [ -112.070590611550998, 39.869870479208998 ], [ -112.066393791631995, 39.8759636756755 ], [ -112.063416093293995, 39.876612688682307 ], [ -112.063406732793993, 39.876627549545901 ], [ -112.059142401778004, 39.880057468693302 ], [ -112.059567717418005, 39.887175758020497 ], [ -112.053522887140005, 39.893402476751504 ], [ -112.057783018655002, 39.894710643698694 ], [ -112.061515835774998, 39.898600252692084 ], [ -112.062976958359002, 39.904965720029296 ], [ -112.063163621578994, 39.904932476652199 ], [ -112.072224344991994, 39.911322490303299 ], [ -112.078403965912017, 39.911463393391905 ], [ -112.081267704883999, 39.9131530634819 ], [ -112.080585533421001, 39.917020056145198 ], [ -112.083445869101993, 39.918475450699809 ], [ -112.082914089729996, 39.921485134042399 ], [ -112.085150351977006, 39.923049921668799 ], [ -112.085259241131993, 39.925499523701902 ], [ -112.092121152847994, 39.92762442867749 ], [ -112.093290896229007, 39.930167630990198 ], [ -112.098881278769994, 39.928114642917606 ], [ -112.099451544806001, 39.928283122081794 ], [ -112.103602094140015, 39.928772552078691 ], [ -112.104262666647998, 39.930554673558902 ], [ -112.102511808011997, 39.934850899706596 ], [ -112.106270270064996, 39.939310888025091 ], [ -112.103144083168004, 39.9425210662884 ], [ -112.103149291743009, 39.942845362192394 ], [ -112.103432523799, 39.946996091636308 ], [ -112.099379772830005, 39.949759995395695 ], [ -112.098721414601002, 39.950315822088001 ], [ -112.094146236209994, 39.954480081640199 ], [ -112.095792885547993, 39.956794404122292 ], [ -112.102435410390996, 39.958893718273295 ], [ -112.104043078095998, 39.965311246871984 ], [ -112.109812785393018, 39.970571786507001 ], [ -112.109876877432995, 39.973810104564599 ], [ -112.124349859144004, 39.974112078588909 ], [ -112.132289455390008, 39.977305247017902 ], [ -112.141814883045996, 39.986369972607207 ], [ -112.141998302308011, 39.989647625110301 ], [ -112.150876304093003, 39.993460914279005 ], [ -112.150731045596999, 39.9980662064836 ], [ -112.154871750577996, 40.000480100398001 ], [ -112.160325291476994, 40.007002540462395 ], [ -112.163894778141994, 40.008223563309592 ], [ -112.170413913261001, 40.007829056264995 ], [ -112.174370549290998, 40.011049548147099 ], [ -112.179811731222003, 40.011661877316584 ], [ -112.186552913388994, 40.006146831006703 ], [ -112.191689243723999, 40.004066997649694 ], [ -112.199862082855006, 40.004144832604993 ], [ -112.202225685274001, 39.9996381326416 ], [ -112.224426195381994, 39.988562814283391 ], [ -112.225919929323993, 39.986290153199008 ], [ -112.224789942366996, 39.982369469130902 ], [ -112.236727342110001, 39.966633788592098 ], [ -112.236330342030996, 39.960520579806897 ], [ -112.240595609229999, 39.957480252299007 ], [ -112.244827598913005, 39.957144774178602 ], [ -112.249452853280999, 39.950437893225697 ], [ -112.254220111717004, 39.95059362828821 ], [ -112.260801334776005, 39.94275154043379 ], [ -112.267232543831014, 39.941766949350502 ], [ -112.270295132382017, 39.939017065473102 ], [ -112.278287489519997, 39.9392445420429 ], [ -112.280831827816002, 39.94136972857131 ], [ -112.282349019687999, 39.939879901863307 ], [ -112.286919602441003, 39.9411311246363 ], [ -112.298420039057007, 39.938691947851396 ], [ -112.302038745250996, 39.936643145099595 ], [ -112.305507740972999, 39.93996827190729 ], [ -112.306554346815005, 39.945456766040898 ], [ -112.309289886648017, 39.944966417811401 ], [ -112.309355236273007, 39.9483937835682 ], [ -112.315636467624017, 39.945700907933592 ], [ -112.320681952483994, 39.946030939743395 ], [ -112.323514294982999, 39.944494056441293 ], [ -112.332697222405002, 39.952650513180103 ], [ -112.334698110716005, 39.945677601960291 ], [ -112.338566670166003, 39.945375323990895 ], [ -112.339780224414994, 39.943681042120602 ], [ -112.335445855860996, 39.930856529044192 ], [ -112.337084704101997, 39.927572604242208 ], [ -112.335335507552003, 39.9236727390863 ], [ -112.343040360483002, 39.911065050800197 ], [ -112.342000148282011, 39.904464028598099 ], [ -112.798096820983005, 39.903700285121197 ], [ -113.248510138095995, 39.904719891795509 ], [ -113.624001488317006, 39.905078186608698 ], [ -114.047037879542998, 39.9061028840975 ], [ -114.046507589540994, 39.542749711962692 ], [ -114.050532796333997, 38.496122815056701 ], [ -114.049989950194004, 38.148768454152005 ], [ -113.618326651835005, 38.1487268591586 ], [ -112.871939788828001, 38.147808966426894 ], [ -112.870877980364, 38.147796332638087 ] ], [ [ -112.264095576718006, 39.553649255831793 ], [ -112.266639892998995, 39.553636329059493 ], [ -112.264981485243993, 39.5536447614518 ], [ -112.264095576718006, 39.553649255831793 ] ], [ [ -112.141508639821907, 39.010235782619375 ], [ -112.123032721314999, 39.048825720245709 ], [ -112.141508639821907, 39.010235782619375 ], [ -112.141508639821907, 39.010235782619375 ] ], [ [ -112.144721603581019, 38.69475374489209 ], [ -112.144781076827002, 38.694753437488195 ], [ -112.126315599221002, 38.6948517464605 ], [ -112.144720603421007, 38.694708745276088 ], [ -112.144721603581019, 38.69475374489209 ] ], [ [ -112.200974581064003, 38.412894707920799 ], [ -112.200883581878003, 38.412954708384106 ], [ -112.20093794731801, 38.412918861911692 ], [ -112.200974581064003, 38.412894707920799 ] ], [ [ -112.190019568865893, 38.326998699393037 ], [ -112.187205575497003, 38.328597024783299 ], [ -112.190019568865893, 38.326998699393037 ], [ -112.190019568865893, 38.326998699393037 ] ], [ [ -112.409839710838, 39.155488779086099 ], [ -112.409849297589005, 39.155533636591692 ], [ -112.409892710257012, 39.155736778764989 ], [ -112.409839710838, 39.155488779086099 ] ], [ [ -112.744770073216003, 38.238929963983502 ], [ -112.743926073042005, 38.238926964568492 ], [ -112.743943933072998, 38.238927028037203 ], [ -112.744770073216003, 38.238929963983502 ] ], [ [ -112.221949569116006, 38.266980689625399 ], [ -112.221935640314001, 38.266900783727309 ], [ -112.221936595105007, 38.266906260293894 ], [ -112.221949569116006, 38.266980689625399 ] ], [ [ -112.197861859979312, 38.2353536022787 ], [ -112.197861859979298, 38.2353536022787 ], [ -112.197651795539002, 38.235069968737797 ], [ -112.197861859979312, 38.2353536022787 ] ], [ [ -112.194900006378006, 38.229523708338895 ], [ -112.194810008513997, 38.229659951856199 ], [ -112.194805558989998, 38.229666686824608 ], [ -112.194900006378006, 38.229523708338895 ] ], [ [ -111.883959577548552, 38.914479789694944 ], [ -111.883959577548552, 38.914479789694944 ], [ -111.883643872196998, 38.914681713987001 ], [ -111.883959577548552, 38.914479789694944 ] ], [ [ -111.884525836752999, 38.914611489219396 ], [ -111.884259196287289, 38.914770927494715 ], [ -111.884259196287289, 38.914770927494715 ], [ -111.884525836752999, 38.914611489219396 ] ], [ [ -111.975412576804999, 38.752705764546995 ], [ -111.975447886413562, 38.752676052231486 ], [ -111.975447886580781, 38.752676052566713 ], [ -111.975412576804999, 38.752705764546995 ] ], [ [ -112.105925585177999, 38.61050973806681 ], [ -112.105927798002554, 38.610550969187223 ], [ -112.105927797401421, 38.610550968883466 ], [ -112.105925585177999, 38.61050973806681 ] ], [ [ -111.604054567093684, 39.337611160171932 ], [ -111.60349829565402, 39.337614755101391 ], [ -111.595723416769999, 39.337664721475598 ], [ -111.604054567093684, 39.337611160171932 ] ], [ [ -111.604646258976999, 39.286681160728797 ], [ -111.603689107530997, 39.287359634190395 ], [ -111.603606302576623, 39.288931579492264 ], [ -111.603689106372002, 39.287359634196406 ], [ -111.604646258976999, 39.286681160728797 ] ], [ [ -111.604344515614002, 39.285186044524302 ], [ -111.603946818951016, 39.283728843184498 ], [ -111.605005353053713, 39.283611062758681 ], [ -111.604646258976999, 39.286681160728797 ], [ -111.604344515614002, 39.285186044524302 ] ], [ [ -111.607909185764996, 39.281376660627799 ], [ -111.608106656469005, 39.279138882184689 ], [ -111.607999954267996, 39.280348077256384 ], [ -111.607909185764996, 39.281376660627799 ] ], [ [ -111.623187571546325, 39.292406852233945 ], [ -111.610026699049428, 39.292446882519599 ], [ -111.623187571546325, 39.292406852233945 ], [ -111.623187571546325, 39.292406852233945 ] ], [ [ -111.842002482906693, 39.721678259125326 ], [ -111.84096466305202, 39.721656960203902 ], [ -111.842002482899005, 39.721678258224514 ], [ -111.842002482906693, 39.721678259125326 ] ], [ [ -111.836150666285818, 39.721671885805151 ], [ -111.836150666285889, 39.721671885799772 ], [ -111.83807866782, 39.721666885522495 ], [ -111.836150666285818, 39.721671885805151 ] ], [ [ -111.825957665054005, 39.724813887189804 ], [ -111.824099667579006, 39.724815887418394 ], [ -111.821090664813994, 39.7247838877867 ], [ -111.824099669912002, 39.724815887401896 ], [ -111.825957665054005, 39.724813887189804 ] ], [ [ -111.673879579265687, 39.27616584730697 ], [ -111.673879579265687, 39.27616584730697 ], [ -111.675609633472007, 39.27364174122301 ], [ -111.673879579265687, 39.27616584730697 ] ], [ [ -111.679495620303001, 39.255436767053595 ], [ -111.679495617014027, 39.255436767038091 ], [ -111.680211410865994, 39.251690874384302 ], [ -111.679495620303001, 39.255436767053595 ] ], [ [ -111.638793569334425, 39.254276847070486 ], [ -111.63879356933441, 39.254276847070486 ], [ -111.637586569640817, 39.253479846951358 ], [ -111.638793569334425, 39.254276847070486 ] ], [ [ -111.662112574028001, 39.24922984467409 ], [ -111.663806573144001, 39.244852843950298 ], [ -111.662115737473002, 39.24922167186979 ], [ -111.662112574028001, 39.24922984467409 ] ], [ [ -111.661958573887006, 39.249228844921703 ], [ -111.662112574028001, 39.24922984467409 ], [ -111.661203573527004, 39.249228844569508 ], [ -111.661958573887006, 39.249228844921703 ] ], [ [ -111.646352573930997, 39.27919784889319 ], [ -111.646342756440006, 39.279208227975502 ], [ -111.646317574259996, 39.279234848724592 ], [ -111.646352573930997, 39.27919784889319 ] ], [ [ -111.651315451879995, 39.290581240771594 ], [ -111.651664952860983, 39.290478423754209 ], [ -111.651664952860997, 39.290478423754209 ], [ -111.651315451879995, 39.290581240771594 ] ], [ [ -111.58704335134, 39.384235815450005 ], [ -111.587016576334008, 39.384260865933001 ], [ -111.587061998208, 39.384218369526096 ], [ -111.58704335134, 39.384235815450005 ] ], [ [ -111.358736534756005, 39.425961887655404 ], [ -111.358519533012, 39.4262288902233 ], [ -111.358314534906, 39.426566887354006 ], [ -111.358519533008007, 39.426228889322203 ], [ -111.358736534756005, 39.425961887655404 ] ], [ [ -111.616213036153994, 39.358035650425499 ], [ -111.616205578911007, 39.358138860620997 ], [ -111.612169913385003, 39.358012989975002 ], [ -111.616213036153994, 39.358035650425499 ] ], [ [ -111.606065823692006, 39.357997205354991 ], [ -111.605361879277993, 39.357998302944601 ], [ -111.601437196944005, 39.357993166813102 ], [ -111.606248059795007, 39.357996920261002 ], [ -111.606065823692006, 39.357997205354991 ] ], [ [ -111.596931697098455, 39.345089404000298 ], [ -111.596931697098455, 39.345089404000298 ], [ -111.607208639621007, 39.345037398809595 ], [ -111.596931697098455, 39.345089404000298 ] ], [ [ -111.54243156507701, 39.361700869155399 ], [ -111.542545292658005, 39.360317384755099 ], [ -111.542365564459004, 39.36252086725959 ], [ -111.54243156507701, 39.361700869155399 ] ], [ [ -111.456497567867999, 39.528684892486908 ], [ -111.456496917870993, 39.528946509899988 ], [ -111.456488090533995, 39.532498083736989 ], [ -111.456497567867999, 39.528684892486908 ] ], [ [ -111.456117971455001, 39.507226890225404 ], [ -111.455704565122005, 39.507226889462792 ], [ -111.456143563916001, 39.5072268898356 ], [ -111.456117971455001, 39.507226890225404 ] ], [ [ -111.395556562587004, 39.593039904492997 ], [ -111.39532956346801, 39.592880904654386 ], [ -111.395358981293001, 39.592901509556597 ], [ -111.395556562587004, 39.593039904492997 ] ] ] } }
]
}
